,관광지명,광역시/도,시/군/구,도로명주소,검색건수,date
0,가산수피아,경상북도,칠곡군,경북 칠곡군 학하4길 57-105,1383,202001
1,임진각평화누리캠핑장,경기도,파주시,경기 파주시 임진각로 148-40,1325,202001
2,연곡해변솔향기캠핑장,강원도,강릉시,강원 강릉시 해안로 1282-0,1073,202001
3,임진각평화누리캠핑장,경기도,파주시,경기 파주시 임진각로 148-40,1504,202002
4,연곡해변솔향기캠핑장,강원도,강릉시,강원 강릉시 해안로 1282-0,942,202002
5,한탄강오토캠핑장,경기도,연천군,경기 연천군 선사로 76-0,821,202002
6,목계솔밭야영장,충청북도,충주시,충북 충주시,794,202002
7,대저캠핑장,부산광역시,강서구,부산 강서구,741,202002
8,함허동천야영장,인천광역시,강화군,인천 강화군 해안남로1196번길 38-0,739,202002
9,이포보오토캠핑장양촌지구,경기도,여주시,경기 여주시 여양로 1935-177,725,202002
10,승촌보오토캠핑장,광주광역시,남구,광주 남구,709,202002
11,합강공원오토캠핑장,세종특별자치시,세종특별자치시,세종시 태산로 329-0,705,202002
12,망상오토캠핑리조트,강원도,동해시,강원 동해시 동해대로 6370-0,641,202002
13,자라섬오토캠핑장,경기도,가평군,경기 가평군 자라섬로 60-0,635,202002
14,난지캠핑장,서울특별시,마포구,서울 마포구 한강난지로 22-0,629,202002
15,중랑숲캠핑장,서울특별시,중랑구,서울 중랑구 망우로87길 110-0,621,202002
16,임진각평화누리캠핑장,경기도,파주시,경기 파주시 임진각로 148-40,3034,202003
17,대저캠핑장,부산광역시,강서구,부산 강서구,2502,202003
18,목계솔밭야영장,충청북도,충주시,충북 충주시,2414,202003
19,한탄강오토캠핑장,경기도,연천군,경기 연천군 선사로 76-0,2089,202003
20,난지캠핑장,서울특별시,마포구,서울 마포구 한강난지로 22-0,1660,202003
21,승촌보오토캠핑장,광주광역시,남구,광주 남구,1652,202003
22,황산문화체육공원국민여가캠핑장,경상남도,양산시,경남 양산시 낙동로 295-19,1530,202003
23,재인폭포오토캠핑장,경기도,연천군,경기 연천군 현문로508번길 140-0,1462,202003
24,중랑숲캠핑장,서울특별시,중랑구,서울 중랑구 망우로87길 110-0,1363,202003
25,몽산포오션캠핑장,충청남도,태안군,충남 태안군 몽산포길 0-0,1294,202003
26,삼락생태공원오토캠핑장,부산광역시,사상구,부산 사상구,1170,202003
27,연곡해변솔향기캠핑장,강원도,강릉시,강원 강릉시 해안로 1282-0,1169,202003
28,금은모래캠핑장,경기도,여주시,경기 여주시 강변유원지길 107-0,1122,202003
29,망상오토캠핑리조트,강원도,동해시,강원 동해시 동해대로 6370-0,1056,202003
30,함허동천야영장,인천광역시,강화군,인천 강화군 해안남로1196번길 38-0,1006,202003
31,대청호로하스캠핑장,대전광역시,대덕구,대전 대덕구 대청로424번길 200-0,1002,202003
32,영천댐오토캠핑장,경상북도,영천시,경북 영천시 신방로 19-0,995,202003
33,김포한강오토캠핑장,경기도,김포시,경기 김포시 월하로912번길 64-0,913,202003
34,영종씨사이드캠핑장,인천광역시,중구,인천 중구 큰말로 25-0,751,202003
35,망상제2오토캠핑장,강원도,동해시,강원 동해시 동해대로 6220-0,725,202003
36,대부도나라펜션캠핑장,경기도,안산시 단원구,경기 안산시 단원구 장불길 31-23,691,202003
37,임송캠프장,경기도,남양주시,경기 남양주시 금강로746번길 61-0,688,202003
38,나린오토캠핑장,경기도,연천군,경기 연천군 어삼로 391-81,667,202003
39,진위천오토캠핑장,경기도,평택시,경기 평택시,656,202003
40,더드림핑,경기도,남양주시,경기 남양주시 북한강로 1630-18,649,202003
41,노루벌캠핑장,대전광역시,서구,대전 서구,644,202003
42,백로주유원지캠프장,경기도,포천시,경기 포천시 호국로 2671-22,643,202003
43,가산수피아,경상북도,칠곡군,경북 칠곡군 학하4길 57-105,629,202003
44,소풍캠핑장,경기도,용인시 처인구,경기 용인시 처인구 경기동로785번길 30-0,612,202003
45,장호비치캠핑장,강원도,삼척시,강원 삼척시 장호1길 41-0,604,202003
46,두리생태공원오토캠핑장,인천광역시,계양구,인천 계양구,603,202003
47,양평광탄유원지,경기도,양평군,경기 양평군,594,202003
48,휴리조트,경기도,양주시,경기 양주시 만송로366번길 215-29,577,202003
49,몽산포오토캠핑장2구역,충청남도,태안군,충남 태안군,568,202003
50,동막해수욕장캠핑장,인천광역시,강화군,인천 강화군 해안남로 1481-0,559,202003
51,이포보오토캠핑장양촌지구,경기도,여주시,경기 여주시 여양로 1935-177,552,202003
52,동강전망자연휴양림캠핑장,강원도,정선군,강원 정선군 동강로 916-212,551,202003
53,김해생림오토캠핑장,경상남도,김해시,경남 김해시,551,202003
54,어은돌오토캠핑장,충청남도,태안군,충남 태안군 모항파도로 398-70,549,202003
55,김포캠핑파크,경기도,김포시,경기 김포시 용강로 325-0,543,202003
56,추암오토캠핑장,강원도,동해시,강원 동해시 촛대바위길 6-0,542,202003
57,알멕스랜드,경기도,연천군,경기 연천군 왕산로218번길 61-0,529,202003
58,오봉저수지캠핑장,경상북도,김천시,경북 김천시 오봉로 0-0,500,202003
59,캠프통아일랜드,경기도,가평군,경기 가평군 호반로 976-0,499,202003
60,구봉산오토캠핑장나인힐스,경기도,용인시 처인구,경기 용인시 처인구 보개원삼로1372번길 41-0,491,202003
61,캠프운악,경기도,포천시,경기 포천시 금강로 3806-80,491,202003
62,둘레길캠핑장,충청남도,태안군,충남 태안군 꾸지나무길 37-76,489,202003
63,화양동야영장,충청북도,괴산군,충북 괴산군 화양로 733-38,472,202003
64,영종씨사이드카라반,인천광역시,중구,인천 중구,469,202003
65,광교호수공원가족캠핑장,경기도,수원시 영통구,경기 수원시 영통구 광교호수로 57-0,469,202003
66,임진각평화누리캠핑장,경기도,파주시,경기 파주시 임진각로 148-40,4185,202004
67,몽산포오션캠핑장,충청남도,태안군,충남 태안군 몽산포길 0-0,3464,202004
68,난지캠핑장,서울특별시,마포구,서울 마포구 한강난지로 22-0,2706,202004
69,연곡해변솔향기캠핑장,강원도,강릉시,강원 강릉시 해안로 1282-0,2173,202004
70,대부도나라펜션캠핑장,경기도,안산시 단원구,경기 안산시 단원구 장불길 31-23,1985,202004
71,대저캠핑장,부산광역시,강서구,부산 강서구,1934,202004
72,재인폭포오토캠핑장,경기도,연천군,경기 연천군 현문로508번길 140-0,1902,202004
73,가산수피아,경상북도,칠곡군,경북 칠곡군 학하4길 57-105,1831,202004
74,백로주유원지캠프장,경기도,포천시,경기 포천시 호국로 2671-22,1697,202004
75,중랑숲캠핑장,서울특별시,중랑구,서울 중랑구 망우로87길 110-0,1682,202004
76,어은돌오토캠핑장,충청남도,태안군,충남 태안군 모항파도로 398-70,1678,202004
77,삼락생태공원오토캠핑장,부산광역시,사상구,부산 사상구,1675,202004
78,몽산포청솔오토캠핑장,충청남도,태안군,충남 태안군 몽산포길 99-20,1605,202004
79,한탄강오토캠핑장,경기도,연천군,경기 연천군 선사로 76-0,1553,202004
80,승촌보오토캠핑장,광주광역시,남구,광주 남구,1412,202004
81,대부도캠핑시티,경기도,안산시 단원구,경기 안산시 단원구 대부황금로 110-0,1362,202004
82,황산문화체육공원국민여가캠핑장,경상남도,양산시,경남 양산시 낙동로 295-19,1320,202004
83,영천댐오토캠핑장,경상북도,영천시,경북 영천시 신방로 19-0,1291,202004
84,대청호로하스캠핑장,대전광역시,대덕구,대전 대덕구 대청로424번길 200-0,1269,202004
85,금은모래캠핑장,경기도,여주시,경기 여주시 강변유원지길 107-0,1207,202004
86,망상오토캠핑리조트,강원도,동해시,강원 동해시 동해대로 6370-0,1206,202004
87,진위천오토캠핑장,경기도,평택시,경기 평택시,1198,202004
88,김포한강오토캠핑장,경기도,김포시,경기 김포시 월하로912번길 64-0,1190,202004
89,노루벌캠핑장,대전광역시,서구,대전 서구,1082,202004
90,함허동천야영장,인천광역시,강화군,인천 강화군 해안남로1196번길 38-0,1057,202004
91,휴리조트,경기도,양주시,경기 양주시 만송로366번길 215-29,1025,202004
92,임송캠프장,경기도,남양주시,경기 남양주시 금강로746번길 61-0,995,202004
93,망상제2오토캠핑장,강원도,동해시,강원 동해시 동해대로 6220-0,989,202004
94,더드림핑,경기도,남양주시,경기 남양주시 북한강로 1630-18,977,202004
95,나린오토캠핑장,경기도,연천군,경기 연천군 어삼로 391-81,969,202004
96,둘레길캠핑장,충청남도,태안군,충남 태안군 꾸지나무길 37-76,961,202004
97,춘장대솔내음야영장,충청남도,서천군,충남 서천군 춘장대로151번길 31-0,959,202004
98,김포캠핑파크,경기도,김포시,경기 김포시 용강로 325-0,941,202004
99,보리울오토캠핑장,강원도,홍천군,강원 홍천군 밤벌길 131-53,908,202004
100,몽산포오토캠핑장2구역,충청남도,태안군,충남 태안군,887,202004
101,목계솔밭야영장,충청북도,충주시,충북 충주시,866,202004
102,솔뜰캠핑장,경기도,양평군,경기 양평군 사기점길 53-0,863,202004
103,김해생림오토캠핑장,경상남도,김해시,경남 김해시,845,202004
104,장호비치캠핑장,강원도,삼척시,강원 삼척시 장호1길 41-0,836,202004
105,몽산포오토캠핑장,충청남도,태안군,충남 태안군 몽산포길 65-24,826,202004
106,영종씨사이드캠핑장,인천광역시,중구,인천 중구 큰말로 25-0,823,202004
107,두리생태공원오토캠핑장,인천광역시,계양구,인천 계양구,819,202004
108,어은돌송림캠핑장,충청남도,태안군,충남 태안군 모항파도로 398-42,812,202004
109,곰섬오토캠프장,충청남도,태안군,충남 태안군 곰섬로 535-0,809,202004
110,석갱이오토캠핑장,충청남도,태안군,충남 태안군,777,202004
111,섬강두꺼비오토캠핑장,강원도,원주시,강원 원주시 선유길 135-0,769,202004
112,구봉산오토캠핑장나인힐스,경기도,용인시 처인구,경기 용인시 처인구 보개원삼로1372번길 41-0,766,202004
113,용담섬바위오토캠핑장,전라북도,진안군,전북 진안군 안용로 832-23,765,202004
114,양평수목원캠핑장,경기도,양평군,경기 양평군,760,202004
115,오봉저수지캠핑장,경상북도,김천시,경북 김천시 오봉로 0-0,729,202004
116,평화강변수목캠핑장,경기도,연천군,경기 연천군 어삼로 415-11,728,202004
117,충주호캠핑월드,충청북도,충주시,충북 충주시 호반로 696-1,709,202004
118,솔밭가족캠프촌,강원도,양양군,강원 양양군 송평길 38-0,704,202004
119,서울대공원자연캠프장,경기도,과천시,경기 과천시,701,202004
120,물왕숲캠핑파크,경기도,시흥시,경기 시흥시 동서로 706-90,694,202004
121,동화힐링캠프,경기도,파주시,경기 파주시 파평산로363번길 32-9,693,202004
122,캠프운악,경기도,포천시,경기 포천시 금강로 3806-80,682,202004
123,추암오토캠핑장,강원도,동해시,강원 동해시 촛대바위길 6-0,671,202004
124,삼원레저타운캠핑장,충청남도,서산시,충남 서산시 진장서낭골길 204-0,671,202004
125,동막해수욕장캠핑장,인천광역시,강화군,인천 강화군 해안남로 1481-0,664,202004
126,소풍캠핑장,경기도,용인시 처인구,경기 용인시 처인구 경기동로785번길 30-0,664,202004
127,황매산오토캠핑장제1캠핑장,경상남도,합천군,경남 합천군 황매산공원길 331-0,662,202004
128,양평광탄유원지,경기도,양평군,경기 양평군,661,202004
129,광교호수공원가족캠핑장,경기도,수원시 영통구,경기 수원시 영통구 광교호수로 57-0,650,202004
130,화명오토캠핑장,부산광역시,북구,부산 북구 강변대로 1629-0,649,202004
131,새연카라반리조트가평현리1호점,경기도,가평군,경기 가평군 운악청계로333번길 86-0,643,202004
132,해솔길캠핑장,경기도,안산시 단원구,경기 안산시 단원구 연목이길 11-1,641,202004
133,문수골힐링캠핑장,경기도,김포시,경기 김포시 문수산로 104-107,639,202004
134,알멕스랜드,경기도,연천군,경기 연천군 왕산로218번길 61-0,635,202004
135,산들래캠핑장,경기도,화성시,경기 화성시 자청로207번길 21-73,629,202004
136,용인단풍숲캠핑장,경기도,용인시 처인구,경기 용인시 처인구 보개원삼로1462번길 14-22,624,202004
137,킨텍스캠핑장,경기도,고양시 일산서구,경기 고양시 일산서구 킨텍스로 217-25,623,202004
138,대회산캠핑장,경기도,포천시,경기 포천시 대회산길 79-89,618,202004
139,옥천팜랜드,충청북도,옥천군,충북 옥천군 안터2길 158-99,615,202004
140,범바위캠핑정원,경기도,김포시,경기 김포시 종생로 154-0,612,202004
141,카라반베이,경기도,용인시 처인구,경기 용인시 처인구 전대로 62-0,608,202004
142,난지캠핑장,서울특별시,마포구,서울 마포구 한강난지로 22-0,4941,202005
143,임진각평화누리캠핑장,경기도,파주시,경기 파주시 임진각로 148-40,4330,202005
144,황매산오토캠핑장제1캠핑장,경상남도,합천군,경남 합천군 황매산공원길 331-0,3586,202005
145,목계솔밭야영장,충청북도,충주시,충북 충주시,3555,202005
146,몽산포오션캠핑장,충청남도,태안군,충남 태안군 몽산포길 0-0,3295,202005
147,연곡해변솔향기캠핑장,강원도,강릉시,강원 강릉시 해안로 1282-0,3121,202005
148,한탄강오토캠핑장,경기도,연천군,경기 연천군 선사로 76-0,2565,202005
149,가산수피아,경상북도,칠곡군,경북 칠곡군 학하4길 57-105,2442,202005
150,재인폭포오토캠핑장,경기도,연천군,경기 연천군 현문로508번길 140-0,2191,202005
151,금은모래캠핑장,경기도,여주시,경기 여주시 강변유원지길 107-0,2081,202005
152,삼락생태공원오토캠핑장,부산광역시,사상구,부산 사상구,2046,202005
153,어은돌오토캠핑장,충청남도,태안군,충남 태안군 모항파도로 398-70,2001,202005
154,중랑숲캠핑장,서울특별시,중랑구,서울 중랑구 망우로87길 110-0,1977,202005
155,대저캠핑장,부산광역시,강서구,부산 강서구,1951,202005
156,함허동천야영장,인천광역시,강화군,인천 강화군 해안남로1196번길 38-0,1863,202005
157,대부도캠핑시티,경기도,안산시 단원구,경기 안산시 단원구 대부황금로 110-0,1788,202005
158,서울대공원자연캠프장,경기도,과천시,경기 과천시,1788,202005
159,몽산포청솔오토캠핑장,충청남도,태안군,충남 태안군 몽산포길 99-20,1687,202005
160,백로주유원지캠프장,경기도,포천시,경기 포천시 호국로 2671-22,1582,202005
161,승촌보오토캠핑장,광주광역시,남구,광주 남구,1449,202005
162,더드림핑,경기도,남양주시,경기 남양주시 북한강로 1630-18,1449,202005
163,망상오토캠핑리조트,강원도,동해시,강원 동해시 동해대로 6370-0,1443,202005
164,휴리조트,경기도,양주시,경기 양주시 만송로366번길 215-29,1404,202005
165,영종씨사이드캠핑장,인천광역시,중구,인천 중구 큰말로 25-0,1403,202005
166,김포한강오토캠핑장,경기도,김포시,경기 김포시 월하로912번길 64-0,1377,202005
167,진위천오토캠핑장,경기도,평택시,경기 평택시,1358,202005
168,김포캠핑파크,경기도,김포시,경기 김포시 용강로 325-0,1355,202005
169,망상제2오토캠핑장,강원도,동해시,강원 동해시 동해대로 6220-0,1242,202005
170,자라섬오토캠핑장,경기도,가평군,경기 가평군 자라섬로 60-0,1209,202005
171,임송캠프장,경기도,남양주시,경기 남양주시 금강로746번길 61-0,1191,202005
172,대청호로하스캠핑장,대전광역시,대덕구,대전 대덕구 대청로424번길 200-0,1184,202005
173,노루벌캠핑장,대전광역시,서구,대전 서구,1169,202005
174,대부도나라펜션캠핑장,경기도,안산시 단원구,경기 안산시 단원구 장불길 31-23,1156,202005
175,이포보오토캠핑장양촌지구,경기도,여주시,경기 여주시 여양로 1935-177,1156,202005
176,강나루오토캠핑장,경상남도,함안군,경남 함안군,1144,202005
177,둘레길캠핑장,충청남도,태안군,충남 태안군 꾸지나무길 37-76,1142,202005
178,인천대공원너나들이캠핑장,인천광역시,남동구,인천 남동구,1119,202005
179,보리울오토캠핑장,강원도,홍천군,강원 홍천군 밤벌길 131-53,1111,202005
180,섬강두꺼비오토캠핑장,강원도,원주시,강원 원주시 선유길 135-0,1091,202005
181,나린오토캠핑장,경기도,연천군,경기 연천군 어삼로 391-81,1088,202005
182,황산문화체육공원국민여가캠핑장,경상남도,양산시,경남 양산시 낙동로 295-19,1084,202005
183,솔밭가족캠프촌,강원도,양양군,강원 양양군 송평길 38-0,1064,202005
184,춘장대솔내음야영장,충청남도,서천군,충남 서천군 춘장대로151번길 31-0,1062,202005
185,몽산포오토캠핑장,충청남도,태안군,충남 태안군 몽산포길 65-24,1058,202005
186,장호비치캠핑장,강원도,삼척시,강원 삼척시 장호1길 41-0,1036,202005
187,고사포야영장,전라북도,부안군,전북 부안군 변산해변로 765-0,966,202005
188,도덕산캠핑장,경기도,광명시,경기 광명시 밤일안로42번길 69-0,963,202005
189,알멕스랜드,경기도,연천군,경기 연천군 왕산로218번길 61-0,960,202005
190,어은돌송림캠핑장,충청남도,태안군,충남 태안군 모항파도로 398-42,955,202005
191,곰섬오토캠프장,충청남도,태안군,충남 태안군 곰섬로 535-0,942,202005
192,밀양아리랑오토캠핑장,경상남도,밀양시,경남 밀양시,938,202005
193,십리포해수욕장캠핑장,인천광역시,옹진군,인천 옹진군,933,202005
194,칠곡보오토캠핑장,경상북도,칠곡군,경북 칠곡군 강변서로 110-43,932,202005
195,솔뜰캠핑장,경기도,양평군,경기 양평군 사기점길 53-0,905,202005
196,산들래캠핑장,경기도,화성시,경기 화성시 자청로207번길 21-73,900,202005
197,인천송도국제캠핑장,인천광역시,연수구,인천 연수구 지식기반로 152-0,884,202005
198,양평수목원캠핑장,경기도,양평군,경기 양평군,881,202005
199,김해생림오토캠핑장,경상남도,김해시,경남 김해시,878,202005
200,물왕숲캠핑파크,경기도,시흥시,경기 시흥시 동서로 706-90,872,202005
201,용담섬바위오토캠핑장,전라북도,진안군,전북 진안군 안용로 832-23,869,202005
202,구봉산오토캠핑장나인힐스,경기도,용인시 처인구,경기 용인시 처인구 보개원삼로1372번길 41-0,862,202005
203,동화힐링캠프,경기도,파주시,경기 파주시 파평산로363번길 32-9,862,202005
204,아산곡교천야영장,충청남도,아산시,충남 아산시 곡교천로 407-0,859,202005
205,수도권매립지캠핑장,인천광역시,서구,인천 서구 정서진로 500-0,854,202005
206,몽산포오토캠핑장2구역,충청남도,태안군,충남 태안군,850,202005
207,난지캠핑장,서울특별시,마포구,서울 마포구 한강난지로 22-0,4308,202006
208,임진각평화누리캠핑장,경기도,파주시,경기 파주시 임진각로 148-40,3264,202006
209,목계솔밭야영장,충청북도,충주시,충북 충주시,3108,202006
210,연곡해변솔향기캠핑장,강원도,강릉시,강원 강릉시 해안로 1282-0,2785,202006
211,몽산포오션캠핑장,충청남도,태안군,충남 태안군 몽산포길 0-0,2757,202006
212,서울대공원자연캠프장,경기도,과천시,경기 과천시,2120,202006
213,한탄강오토캠핑장,경기도,연천군,경기 연천군 선사로 76-0,1961,202006
214,중랑숲캠핑장,서울특별시,중랑구,서울 중랑구 망우로87길 110-0,1681,202006
215,재인폭포오토캠핑장,경기도,연천군,경기 연천군 현문로508번길 140-0,1602,202006
216,몽산포청솔오토캠핑장,충청남도,태안군,충남 태안군 몽산포길 99-20,1521,202006
217,더드림핑,경기도,남양주시,경기 남양주시 북한강로 1630-18,1505,202006
218,삼락생태공원오토캠핑장,부산광역시,사상구,부산 사상구,1471,202006
219,합강공원오토캠핑장,세종특별자치시,세종특별자치시,세종시 태산로 329-0,1469,202006
220,대부도캠핑시티,경기도,안산시 단원구,경기 안산시 단원구 대부황금로 110-0,1450,202006
221,어은돌오토캠핑장,충청남도,태안군,충남 태안군 모항파도로 398-70,1448,202006
222,임송캠프장,경기도,남양주시,경기 남양주시 금강로746번길 61-0,1385,202006
223,가산수피아,경상북도,칠곡군,경북 칠곡군 학하4길 57-105,1351,202006
224,대저캠핑장,부산광역시,강서구,부산 강서구,1253,202006
225,김포캠핑파크,경기도,김포시,경기 김포시 용강로 325-0,1251,202006
226,망상오토캠핑리조트,강원도,동해시,강원 동해시 동해대로 6370-0,1251,202006
227,송지호오토캠핑장,강원도,고성군,강원 고성군 동해대로 6090-0,1233,202006
228,보리울오토캠핑장,강원도,홍천군,강원 홍천군 밤벌길 131-53,1206,202006
229,김포한강오토캠핑장,경기도,김포시,경기 김포시 월하로912번길 64-0,1183,202006
230,함허동천야영장,인천광역시,강화군,인천 강화군 해안남로1196번길 38-0,1103,202006
231,망상제2오토캠핑장,강원도,동해시,강원 동해시 동해대로 6220-0,1093,202006
232,솔밭가족캠프촌,강원도,양양군,강원 양양군 송평길 38-0,1049,202006
233,섬강두꺼비오토캠핑장,강원도,원주시,강원 원주시 선유길 135-0,1029,202006
234,승촌보오토캠핑장,광주광역시,남구,광주 남구,1026,202006
235,백로주유원지캠프장,경기도,포천시,경기 포천시 호국로 2671-22,993,202006
236,휴리조트,경기도,양주시,경기 양주시 만송로366번길 215-29,990,202006
237,솔밭캠프장,강원도,영월군,강원 영월군 무릉법흥로 740-0,987,202006
238,몽산포오토캠핑장,충청남도,태안군,충남 태안군 몽산포길 65-24,987,202006
239,동강전망자연휴양림캠핑장,강원도,정선군,강원 정선군 동강로 916-212,978,202006
240,칠곡보오토캠핑장,경상북도,칠곡군,경북 칠곡군 강변서로 110-43,930,202006
241,양양오토캠핑장,강원도,양양군,강원 양양군 동명로 321-20,925,202006
242,설악동야영장,강원도,속초시,강원 속초시 청봉로 25-0,919,202006
243,고래불국민야영장,경상북도,영덕군,경북 영덕군 고래불로 12-0,899,202006
244,봉수대오토캠핑장,강원도,고성군,강원 고성군,896,202006
245,새연카라반리조트가평현리1호점,경기도,가평군,경기 가평군 운악청계로333번길 86-0,878,202006
246,둘레길캠핑장,충청남도,태안군,충남 태안군 꾸지나무길 37-76,875,202006
247,임진각평화누리캠핑장,경기도,파주시,경기 파주시 임진각로 148-40,3305,202007
248,연곡해변솔향기캠핑장,강원도,강릉시,강원 강릉시 해안로 1282-0,3234,202007
249,목계솔밭야영장,충청북도,충주시,충북 충주시,3026,202007
250,서울대공원자연캠프장,경기도,과천시,경기 과천시,2360,202007
251,한탄강오토캠핑장,경기도,연천군,경기 연천군 선사로 76-0,1951,202007
252,백도해수욕장오토캠핑장,강원도,고성군,강원 고성군 문암항길 133-0,1814,202007
253,송지호오토캠핑장,강원도,고성군,강원 고성군 동해대로 6090-0,1772,202007
254,몽산포오션캠핑장,충청남도,태안군,충남 태안군 몽산포길 0-0,1709,202007
255,함허동천야영장,인천광역시,강화군,인천 강화군 해안남로1196번길 38-0,1584,202007
256,중랑숲캠핑장,서울특별시,중랑구,서울 중랑구 망우로87길 110-0,1560,202007
257,재인폭포오토캠핑장,경기도,연천군,경기 연천군 현문로508번길 140-0,1472,202007
258,합강공원오토캠핑장,세종특별자치시,세종특별자치시,세종시 태산로 329-0,1366,202007
259,망상오토캠핑리조트,강원도,동해시,강원 동해시 동해대로 6370-0,1364,202007
260,보리울오토캠핑장,강원도,홍천군,강원 홍천군 밤벌길 131-53,1341,202007
261,삼락생태공원오토캠핑장,부산광역시,사상구,부산 사상구,1336,202007
262,봉수대오토캠핑장,강원도,고성군,강원 고성군,1329,202007
263,망상제2오토캠핑장,강원도,동해시,강원 동해시 동해대로 6220-0,1327,202007
264,고래불국민야영장,경상북도,영덕군,경북 영덕군 고래불로 12-0,1293,202007
265,더드림핑,경기도,남양주시,경기 남양주시 북한강로 1630-18,1272,202007
266,김포캠핑파크,경기도,김포시,경기 김포시 용강로 325-0,1253,202007
267,장호비치캠핑장,강원도,삼척시,강원 삼척시 장호1길 41-0,1252,202007
268,김포한강오토캠핑장,경기도,김포시,경기 김포시 월하로912번길 64-0,1226,202007
269,나린오토캠핑장,경기도,연천군,경기 연천군 어삼로 391-81,1225,202007
270,대저캠핑장,부산광역시,강서구,부산 강서구,1214,202007
271,임송캠프장,경기도,남양주시,경기 남양주시 금강로746번길 61-0,1136,202007
272,어은돌오토캠핑장,충청남도,태안군,충남 태안군 모항파도로 398-70,1136,202007
273,대부도캠핑시티,경기도,안산시 단원구,경기 안산시 단원구 대부황금로 110-0,1133,202007
274,덕주야영장,충청북도,제천시,충북 제천시 미륵송계로 1360-0,1109,202007
275,평창바위공원캠핑장,강원도,평창군,강원 평창군,1104,202007
276,가산수피아,경상북도,칠곡군,경북 칠곡군 학하4길 57-105,1079,202007
277,인천송도국제캠핑장,인천광역시,연수구,인천 연수구 지식기반로 152-0,1070,202007
278,연곡해변솔향기캠핑장,강원도,강릉시,강원 강릉시 해안로 1282-0,3452,202008
279,백도해수욕장오토캠핑장,강원도,고성군,강원 고성군 문암항길 133-0,3339,202008
280,임진각평화누리캠핑장,경기도,파주시,경기 파주시 임진각로 148-40,2956,202008
281,솔밭가족캠프촌,강원도,양양군,강원 양양군 송평길 38-0,2263,202008
282,송지호오토캠핑장,강원도,고성군,강원 고성군 동해대로 6090-0,1959,202008
283,봉수대오토캠핑장,강원도,고성군,강원 고성군,1856,202008
284,고래불국민야영장,경상북도,영덕군,경북 영덕군 고래불로 12-0,1821,202008
285,몽산포오션캠핑장,충청남도,태안군,충남 태안군 몽산포길 0-0,1811,202008
286,양양오토캠핑장,강원도,양양군,강원 양양군 동명로 321-20,1702,202008
287,함허동천야영장,인천광역시,강화군,인천 강화군 해안남로1196번길 38-0,1527,202008
288,망상오토캠핑리조트,강원도,동해시,강원 동해시 동해대로 6370-0,1516,202008
289,어은돌오토캠핑장,충청남도,태안군,충남 태안군 모항파도로 398-70,1480,202008
290,재인폭포오토캠핑장,경기도,연천군,경기 연천군 현문로508번길 140-0,1458,202008
291,해담체험마을캠핑장,강원도,양양군,강원 양양군 구룡령로 2110-39,1417,202008
292,망상제2오토캠핑장,강원도,동해시,강원 동해시 동해대로 6220-0,1416,202008
293,장호비치캠핑장,강원도,삼척시,강원 삼척시 장호1길 41-0,1401,202008
294,가산수피아,경상북도,칠곡군,경북 칠곡군 학하4길 57-105,1391,202008
295,한탄강오토캠핑장,경기도,연천군,경기 연천군 선사로 76-0,1388,202008
296,바다캠핑장,강원도,양양군,강원 양양군 동명로 321-14,1388,202008
297,북분솔밭캠핑장,강원도,양양군,강원 양양군,1384,202008
298,김포캠핑파크,경기도,김포시,경기 김포시 용강로 325-0,1343,202008
299,달궁자동차야영장,전라북도,남원시,전북 남원시 지리산로 365-0,1314,202008
300,설악동야영장,강원도,속초시,강원 속초시 청봉로 25-0,1299,202008
301,임진각평화누리캠핑장,경기도,파주시,경기 파주시 임진각로 148-40,4298,202009
302,몽산포오션캠핑장,충청남도,태안군,충남 태안군 몽산포길 0-0,3083,202009
303,가산수피아,경상북도,칠곡군,경북 칠곡군 학하4길 57-105,2611,202009
304,연곡해변솔향기캠핑장,강원도,강릉시,강원 강릉시 해안로 1282-0,2399,202009
305,재인폭포오토캠핑장,경기도,연천군,경기 연천군 현문로508번길 140-0,1945,202009
306,어은돌오토캠핑장,충청남도,태안군,충남 태안군 모항파도로 398-70,1892,202009
307,중랑숲캠핑장,서울특별시,중랑구,서울 중랑구 망우로87길 110-0,1875,202009
308,삼락생태공원오토캠핑장,부산광역시,사상구,부산 사상구,1652,202009
309,황매산오토캠핑장제1캠핑장,경상남도,합천군,경남 합천군 황매산공원길 331-0,1525,202009
310,백로주유원지캠프장,경기도,포천시,경기 포천시 호국로 2671-22,1489,202009
311,대저캠핑장,부산광역시,강서구,부산 강서구,1471,202009
312,한탄강오토캠핑장,경기도,연천군,경기 연천군 선사로 76-0,1470,202009
313,보리울오토캠핑장,강원도,홍천군,강원 홍천군 밤벌길 131-53,1422,202009
314,둘레길캠핑장,충청남도,태안군,충남 태안군 꾸지나무길 37-76,1416,202009
315,김포한강오토캠핑장,경기도,김포시,경기 김포시 월하로912번길 64-0,1402,202009
316,몽산포오토캠핑장,충청남도,태안군,충남 태안군 몽산포길 65-24,1391,202009
317,몽산포청솔오토캠핑장,충청남도,태안군,충남 태안군 몽산포길 99-20,1361,202009
318,함허동천야영장,인천광역시,강화군,인천 강화군 해안남로1196번길 38-0,1274,202009
319,섬강두꺼비오토캠핑장,강원도,원주시,강원 원주시 선유길 135-0,1267,202009
320,서울대공원자연캠프장,경기도,과천시,경기 과천시,1221,202009
321,칠곡보오토캠핑장,경상북도,칠곡군,경북 칠곡군 강변서로 110-43,1210,202009
322,대부도캠핑시티,경기도,안산시 단원구,경기 안산시 단원구 대부황금로 110-0,1200,202009
323,석갱이오토캠핑장,충청남도,태안군,충남 태안군,1161,202009
324,목계솔밭야영장,충청북도,충주시,충북 충주시,1159,202009
325,금은모래캠핑장,경기도,여주시,경기 여주시 강변유원지길 107-0,1139,202009
326,노루벌캠핑장,대전광역시,서구,대전 서구,1137,202009
327,승촌보오토캠핑장,광주광역시,남구,광주 남구,1128,202009
328,망상오토캠핑리조트,강원도,동해시,강원 동해시 동해대로 6370-0,1117,202009
329,대청호로하스캠핑장,대전광역시,대덕구,대전 대덕구 대청로424번길 200-0,1112,202009
330,춘장대솔내음야영장,충청남도,서천군,충남 서천군 춘장대로151번길 31-0,1104,202009
331,동강전망자연휴양림캠핑장,강원도,정선군,강원 정선군 동강로 916-212,1093,202009
332,대부도나라펜션캠핑장,경기도,안산시 단원구,경기 안산시 단원구 장불길 31-23,1068,202009
333,황산문화체육공원국민여가캠핑장,경상남도,양산시,경남 양산시 낙동로 295-19,1064,202009
334,망상제2오토캠핑장,강원도,동해시,강원 동해시 동해대로 6220-0,1042,202009
335,김포캠핑파크,경기도,김포시,경기 김포시 용강로 325-0,1035,202009
336,어은돌송림캠핑장,충청남도,태안군,충남 태안군 모항파도로 398-42,994,202009
337,나린오토캠핑장,경기도,연천군,경기 연천군 어삼로 391-81,993,202009
338,고사포야영장,전라북도,부안군,전북 부안군 변산해변로 765-0,991,202009
339,휴리조트,경기도,양주시,경기 양주시 만송로366번길 215-29,985,202009
340,장호비치캠핑장,강원도,삼척시,강원 삼척시 장호1길 41-0,970,202009
341,솔밭가족캠프촌,강원도,양양군,강원 양양군 송평길 38-0,963,202009
342,영종씨사이드캠핑장,인천광역시,중구,인천 중구 큰말로 25-0,963,202009
343,더드림핑,경기도,남양주시,경기 남양주시 북한강로 1630-18,963,202009
344,두리생태공원오토캠핑장,인천광역시,계양구,인천 계양구,955,202009
345,임송캠프장,경기도,남양주시,경기 남양주시 금강로746번길 61-0,954,202009
346,삼원레저타운캠핑장,충청남도,서산시,충남 서산시 진장서낭골길 204-0,947,202009
347,씨사이드힐캠핑장,인천광역시,강화군,인천 강화군 해안남로 2680-12,907,202009
348,곰섬오토캠프장,충청남도,태안군,충남 태안군 곰섬로 535-0,884,202009
349,문수골힐링캠핑장,경기도,김포시,경기 김포시 문수산로 104-107,876,202009
350,학암포오토캠핑장,충청남도,태안군,충남 태안군 옥파로 1152-37,870,202009
351,대회산캠핑장,경기도,포천시,경기 포천시 대회산길 79-89,841,202009
352,소풍캠핑장,경기도,용인시 처인구,경기 용인시 처인구 경기동로785번길 30-0,839,202009
353,캠프운악,경기도,포천시,경기 포천시 금강로 3806-80,834,202009
354,가산수피아,경상북도,칠곡군,경북 칠곡군 학하4길 57-105,16910,202010
355,황매산오토캠핑장제1캠핑장,경상남도,합천군,경남 합천군 황매산공원길 331-0,7654,202010
356,임진각평화누리캠핑장,경기도,파주시,경기 파주시 임진각로 148-40,5193,202010
357,목계솔밭야영장,충청북도,충주시,충북 충주시,3815,202010
358,몽산포오션캠핑장,충청남도,태안군,충남 태안군 몽산포길 0-0,3793,202010
359,대저캠핑장,부산광역시,강서구,부산 강서구,3714,202010
360,한탄강오토캠핑장,경기도,연천군,경기 연천군 선사로 76-0,3149,202010
361,백로주유원지캠프장,경기도,포천시,경기 포천시 호국로 2671-22,3047,202010
362,연곡해변솔향기캠핑장,강원도,강릉시,강원 강릉시 해안로 1282-0,2514,202010
363,삼락생태공원오토캠핑장,부산광역시,사상구,부산 사상구,2510,202010
364,재인폭포오토캠핑장,경기도,연천군,경기 연천군 현문로508번길 140-0,2440,202010
365,어은돌오토캠핑장,충청남도,태안군,충남 태안군 모항파도로 398-70,2435,202010
366,대부도캠핑시티,경기도,안산시 단원구,경기 안산시 단원구 대부황금로 110-0,2394,202010
367,황산문화체육공원국민여가캠핑장,경상남도,양산시,경남 양산시 낙동로 295-19,2335,202010
368,함허동천야영장,인천광역시,강화군,인천 강화군 해안남로1196번길 38-0,2263,202010
369,금은모래캠핑장,경기도,여주시,경기 여주시 강변유원지길 107-0,2157,202010
370,서울대공원자연캠프장,경기도,과천시,경기 과천시,2082,202010
371,중랑숲캠핑장,서울특별시,중랑구,서울 중랑구 망우로87길 110-0,2064,202010
372,합강공원오토캠핑장,세종특별자치시,세종특별자치시,세종시 태산로 329-0,1896,202010
373,승촌보오토캠핑장,광주광역시,남구,광주 남구,1728,202010
374,보리울오토캠핑장,강원도,홍천군,강원 홍천군 밤벌길 131-53,1682,202010
375,설악동야영장,강원도,속초시,강원 속초시 청봉로 25-0,1667,202010
376,칠포오토캠핑장,경상북도,포항시 북구,경북 포항시 북구 암각화길 41-0,1644,202010
377,몽산포청솔오토캠핑장,충청남도,태안군,충남 태안군 몽산포길 99-20,1636,202010
378,섬강두꺼비오토캠핑장,강원도,원주시,강원 원주시 선유길 135-0,1599,202010
379,김포한강오토캠핑장,경기도,김포시,경기 김포시 월하로912번길 64-0,1593,202010
380,칠곡보오토캠핑장,경상북도,칠곡군,경북 칠곡군 강변서로 110-43,1587,202010
381,더드림핑,경기도,남양주시,경기 남양주시 북한강로 1630-18,1584,202010
382,솔밭가족캠프촌,강원도,양양군,강원 양양군 송평길 38-0,1567,202010
383,몽산포오토캠핑장,충청남도,태안군,충남 태안군 몽산포길 65-24,1542,202010
384,대청호로하스캠핑장,대전광역시,대덕구,대전 대덕구 대청로424번길 200-0,1542,202010
385,석갱이오토캠핑장,충청남도,태안군,충남 태안군,1510,202010
386,춘장대솔내음야영장,충청남도,서천군,충남 서천군 춘장대로151번길 31-0,1494,202010
387,영종씨사이드캠핑장,인천광역시,중구,인천 중구 큰말로 25-0,1486,202010
388,휴리조트,경기도,양주시,경기 양주시 만송로366번길 215-29,1469,202010
389,동강전망자연휴양림캠핑장,강원도,정선군,강원 정선군 동강로 916-212,1419,202010
390,노루벌캠핑장,대전광역시,서구,대전 서구,1399,202010
391,어은돌송림캠핑장,충청남도,태안군,충남 태안군 모항파도로 398-42,1397,202010
392,김포캠핑파크,경기도,김포시,경기 김포시 용강로 325-0,1389,202010
393,둘레길캠핑장,충청남도,태안군,충남 태안군 꾸지나무길 37-76,1378,202010
394,산들래캠핑장,경기도,화성시,경기 화성시 자청로207번길 21-73,1372,202010
395,동화힐링캠프,경기도,파주시,경기 파주시 파평산로363번길 32-9,1331,202010
396,솔뜰캠핑장,경기도,양평군,경기 양평군 사기점길 53-0,1271,202010
397,가래골캠핑장,경기도,포천시,경기 포천시 포천로2811번길 178-0,1271,202010
398,나린오토캠핑장,경기도,연천군,경기 연천군 어삼로 391-81,1261,202010
399,임송캠프장,경기도,남양주시,경기 남양주시 금강로746번길 61-0,1239,202010
400,고사포야영장,전라북도,부안군,전북 부안군 변산해변로 765-0,1208,202010
401,양양오토캠핑장,강원도,양양군,강원 양양군 동명로 321-20,1205,202010
402,이포보오토캠핑장양촌지구,경기도,여주시,경기 여주시 여양로 1935-177,1202,202010
403,목계솔밭야영장,충청북도,충주시,충북 충주시,3465,202011
404,황매산오토캠핑장제1캠핑장,경상남도,합천군,경남 합천군 황매산공원길 331-0,3381,202011
405,임진각평화누리캠핑장,경기도,파주시,경기 파주시 임진각로 148-40,3309,202011
406,가산수피아,경상북도,칠곡군,경북 칠곡군 학하4길 57-105,2800,202011
407,대저캠핑장,부산광역시,강서구,부산 강서구,1718,202011
408,한탄강오토캠핑장,경기도,연천군,경기 연천군 선사로 76-0,1586,202011
409,연곡해변솔향기캠핑장,강원도,강릉시,강원 강릉시 해안로 1282-0,1531,202011
410,재인폭포오토캠핑장,경기도,연천군,경기 연천군 현문로508번길 140-0,1467,202011
411,함허동천야영장,인천광역시,강화군,인천 강화군 해안남로1196번길 38-0,1464,202011
412,칠포오토캠핑장,경상북도,포항시 북구,경북 포항시 북구 암각화길 41-0,1348,202011
413,합강공원오토캠핑장,세종특별자치시,세종특별자치시,세종시 태산로 329-0,1271,202011
414,중랑숲캠핑장,서울특별시,중랑구,서울 중랑구 망우로87길 110-0,1190,202011
415,몽산포오션캠핑장,충청남도,태안군,충남 태안군 몽산포길 0-0,1130,202011
416,황산문화체육공원국민여가캠핑장,경상남도,양산시,경남 양산시 낙동로 295-19,1114,202011
417,김포한강오토캠핑장,경기도,김포시,경기 김포시 월하로912번길 64-0,1009,202011
418,백로주유원지캠프장,경기도,포천시,경기 포천시 호국로 2671-22,998,202011
419,대부도캠핑시티,경기도,안산시 단원구,경기 안산시 단원구 대부황금로 110-0,991,202011
420,승촌보오토캠핑장,광주광역시,남구,광주 남구,983,202011
421,칠곡보오토캠핑장,경상북도,칠곡군,경북 칠곡군 강변서로 110-43,953,202011
422,임송캠프장,경기도,남양주시,경기 남양주시 금강로746번길 61-0,952,202011
423,수도권매립지캠핑장,인천광역시,서구,인천 서구 정서진로 500-0,948,202011
424,금은모래캠핑장,경기도,여주시,경기 여주시 강변유원지길 107-0,947,202011
425,임진각평화누리캠핑장,경기도,파주시,경기 파주시 임진각로 148-40,3118,202012
426,대저캠핑장,부산광역시,강서구,부산 강서구,1564,202012
427,재인폭포오토캠핑장,경기도,연천군,경기 연천군 현문로508번길 140-0,1331,202012
428,연곡해변솔향기캠핑장,강원도,강릉시,강원 강릉시 해안로 1282-0,1223,202012
429,섬강두꺼비오토캠핑장,강원도,원주시,강원 원주시 선유길 135-0,1109,202012
430,한탄강오토캠핑장,경기도,연천군,경기 연천군 선사로 76-0,1102,202012
431,김포한강오토캠핑장,경기도,김포시,경기 김포시 월하로912번길 64-0,1073,202012
432,칠포오토캠핑장,경상북도,포항시 북구,경북 포항시 북구 암각화길 41-0,1066,202012
433,몽산포오션캠핑장,충청남도,태안군,충남 태안군 몽산포길 0-0,954,202012
434,수도권매립지캠핑장,인천광역시,서구,인천 서구 정서진로 500-0,935,202012
435,함허동천야영장,인천광역시,강화군,인천 강화군 해안남로1196번길 38-0,935,202012
436,자라섬오토캠핑장,경기도,가평군,경기 가평군 자라섬로 60-0,876,202012
437,합강공원오토캠핑장,세종특별자치시,세종특별자치시,세종시 태산로 329-0,846,202012
438,백로주유원지캠프장,경기도,포천시,경기 포천시 호국로 2671-22,822,202012
439,삼락생태공원오토캠핑장,부산광역시,사상구,부산 사상구,804,202012
440,둘레길캠핑장,충청남도,태안군,충남 태안군 꾸지나무길 37-76,802,202012
441,임송캠프장,경기도,남양주시,경기 남양주시 금강로746번길 61-0,788,202012
442,황매산오토캠핑장제1캠핑장,경상남도,합천군,경남 합천군 황매산공원길 331-0,761,202012
443,임진각평화누리캠핑장,경기도,파주시,경기 파주시 임진각로 148-40,2981,202101
444,가산수피아,경상북도,칠곡군,경북 칠곡군 학하4길 57-105,1536,202101
445,대저캠핑장,부산광역시,강서구,부산 강서구,1265,202101
446,연곡해변솔향기캠핑장,강원도,강릉시,강원 강릉시 해안로 1282-0,1246,202101
447,섬강두꺼비오토캠핑장,강원도,원주시,강원 원주시 선유길 135-0,1175,202101
448,재인폭포오토캠핑장,경기도,연천군,경기 연천군 현문로508번길 140-0,1106,202101
449,한탄강오토캠핑장,경기도,연천군,경기 연천군 선사로 76-0,1020,202101
450,김포한강오토캠핑장,경기도,김포시,경기 김포시 월하로912번길 64-0,840,202101
451,동화힐링캠프,경기도,파주시,경기 파주시 파평산로363번길 32-9,832,202101
452,수도권매립지캠핑장,인천광역시,서구,인천 서구 정서진로 500-0,817,202101
453,몽산포오션캠핑장,충청남도,태안군,충남 태안군 몽산포길 0-0,771,202101
454,자라섬오토캠핑장,경기도,가평군,경기 가평군 자라섬로 60-0,742,202101
455,칠포오토캠핑장,경상북도,포항시 북구,경북 포항시 북구 암각화길 41-0,726,202101
456,임진각평화누리캠핑장,경기도,파주시,경기 파주시 임진각로 148-40,3464,202102
457,섬강두꺼비오토캠핑장,강원도,원주시,강원 원주시 선유길 135-0,2387,202102
458,연곡해변솔향기캠핑장,강원도,강릉시,강원 강릉시 해안로 1282-0,1978,202102
459,가산수피아,경상북도,칠곡군,경북 칠곡군 학하4길 57-105,1758,202102
460,몽산포오션캠핑장,충청남도,태안군,충남 태안군 몽산포길 0-0,1670,202102
461,재인폭포오토캠핑장,경기도,연천군,경기 연천군 현문로508번길 140-0,1432,202102
462,대저캠핑장,부산광역시,강서구,부산 강서구,1377,202102
463,함허동천야영장,인천광역시,강화군,인천 강화군 해안남로1196번길 38-0,1191,202102
464,한탄강오토캠핑장,경기도,연천군,경기 연천군 선사로 76-0,1173,202102
465,어은돌오토캠핑장,충청남도,태안군,충남 태안군 모항파도로 398-70,1167,202102
466,자라섬오토캠핑장,경기도,가평군,경기 가평군 자라섬로 60-0,1118,202102
467,칠포오토캠핑장,경상북도,포항시 북구,경북 포항시 북구 암각화길 41-0,1033,202102
468,중랑숲캠핑장,서울특별시,중랑구,서울 중랑구 망우로87길 110-0,1013,202102
469,승촌보오토캠핑장,광주광역시,남구,광주 남구,965,202102
470,백로주유원지캠프장,경기도,포천시,경기 포천시 호국로 2671-22,962,202102
471,김포한강오토캠핑장,경기도,김포시,경기 김포시 월하로912번길 64-0,960,202102
472,장호비치캠핑장,강원도,삼척시,강원 삼척시 장호1길 41-0,932,202102
473,보리울오토캠핑장,강원도,홍천군,강원 홍천군 밤벌길 131-53,911,202102
474,금은모래캠핑장,경기도,여주시,경기 여주시 강변유원지길 107-0,886,202102
475,목계솔밭야영장,충청북도,충주시,충북 충주시,3181,202103
476,임진각평화누리캠핑장,경기도,파주시,경기 파주시 임진각로 148-40,2830,202103
477,연곡해변솔향기캠핑장,강원도,강릉시,강원 강릉시 해안로 1282-0,1761,202103
478,섬강두꺼비오토캠핑장,강원도,원주시,강원 원주시 선유길 135-0,1486,202103
479,대저캠핑장,부산광역시,강서구,부산 강서구,1421,202103
480,삼락생태공원오토캠핑장,부산광역시,사상구,부산 사상구,1372,202103
481,황산문화체육공원국민여가캠핑장,경상남도,양산시,경남 양산시 낙동로 295-19,1197,202103
482,중랑숲캠핑장,서울특별시,중랑구,서울 중랑구 망우로87길 110-0,1195,202103
483,재인폭포오토캠핑장,경기도,연천군,경기 연천군 현문로508번길 140-0,1137,202103
484,금은모래캠핑장,경기도,여주시,경기 여주시 강변유원지길 107-0,1136,202103
485,승촌보오토캠핑장,광주광역시,남구,광주 남구,1101,202103
486,몽산포오션캠핑장,충청남도,태안군,충남 태안군 몽산포길 0-0,1012,202103
487,김포한강오토캠핑장,경기도,김포시,경기 김포시 월하로912번길 64-0,1001,202103
488,한탄강오토캠핑장,경기도,연천군,경기 연천군 선사로 76-0,1001,202103
489,가산수피아,경상북도,칠곡군,경북 칠곡군 학하4길 57-105,994,202103
490,수도권매립지캠핑장,인천광역시,서구,인천 서구 정서진로 500-0,989,202103
491,자라섬오토캠핑장,경기도,가평군,경기 가평군 자라섬로 60-0,978,202103
492,소풍캠핑장,경기도,용인시 처인구,경기 용인시 처인구 경기동로785번길 30-0,965,202103
493,임송캠프장,경기도,남양주시,경기 남양주시 금강로746번길 61-0,921,202103
494,함허동천야영장,인천광역시,강화군,인천 강화군 해안남로1196번길 38-0,825,202103
495,이포보오토캠핑장양촌지구,경기도,여주시,경기 여주시 여양로 1935-177,821,202103
496,목계솔밭야영장,충청북도,충주시,충북 충주시,5729,202104
497,임진각평화누리캠핑장,경기도,파주시,경기 파주시 임진각로 148-40,3595,202104
498,황매산오토캠핑장제1캠핑장,경상남도,합천군,경남 합천군 황매산공원길 331-0,2678,202104
499,몽산포오션캠핑장,충청남도,태안군,충남 태안군 몽산포길 0-0,2246,202104
500,연곡해변솔향기캠핑장,강원도,강릉시,강원 강릉시 해안로 1282-0,2129,202104
501,금은모래캠핑장,경기도,여주시,경기 여주시 강변유원지길 107-0,1838,202104
502,보리울오토캠핑장,강원도,홍천군,강원 홍천군 밤벌길 131-53,1682,202104
503,한탄강오토캠핑장,경기도,연천군,경기 연천군 선사로 76-0,1641,202104
504,중랑숲캠핑장,서울특별시,중랑구,서울 중랑구 망우로87길 110-0,1613,202104
505,삼락생태공원오토캠핑장,부산광역시,사상구,부산 사상구,1570,202104
506,재인폭포오토캠핑장,경기도,연천군,경기 연천군 현문로508번길 140-0,1506,202104
507,대저캠핑장,부산광역시,강서구,부산 강서구,1428,202104
508,어은돌오토캠핑장,충청남도,태안군,충남 태안군 모항파도로 398-70,1403,202104
509,함허동천야영장,인천광역시,강화군,인천 강화군 해안남로1196번길 38-0,1381,202104
510,김포한강오토캠핑장,경기도,김포시,경기 김포시 월하로912번길 64-0,1370,202104
511,가산수피아,경상북도,칠곡군,경북 칠곡군 학하4길 57-105,1368,202104
512,백로주유원지캠프장,경기도,포천시,경기 포천시 호국로 2671-22,1301,202104
513,자라섬오토캠핑장,경기도,가평군,경기 가평군 자라섬로 60-0,1275,202104
514,승촌보오토캠핑장,광주광역시,남구,광주 남구,1271,202104
515,더드림핑,경기도,남양주시,경기 남양주시 북한강로 1630-18,1258,202104
516,도덕산캠핑장,경기도,광명시,경기 광명시 밤일안로42번길 69-0,1249,202104
517,대청호로하스캠핑장,대전광역시,대덕구,대전 대덕구 대청로424번길 200-0,1186,202104
518,섬강두꺼비오토캠핑장,강원도,원주시,강원 원주시 선유길 135-0,1162,202104
519,황산문화체육공원국민여가캠핑장,경상남도,양산시,경남 양산시 낙동로 295-19,1153,202104
520,수도권매립지캠핑장,인천광역시,서구,인천 서구 정서진로 500-0,1148,202104
521,난지캠핑장,서울특별시,마포구,서울 마포구 한강난지로 22-0,1105,202104
522,대부도캠핑시티,경기도,안산시 단원구,경기 안산시 단원구 대부황금로 110-0,1096,202104
523,이포보오토캠핑장양촌지구,경기도,여주시,경기 여주시 여양로 1935-177,1051,202104
524,강동그린웨이가족캠핑장,서울특별시,강동구,서울 강동구,1040,202104
525,소풍캠핑장,경기도,용인시 처인구,경기 용인시 처인구 경기동로785번길 30-0,1036,202104
526,노루벌캠핑장,대전광역시,서구,대전 서구,1030,202104
527,칠곡보오토캠핑장,경상북도,칠곡군,경북 칠곡군 강변서로 110-43,1018,202104
528,합강공원오토캠핑장,세종특별자치시,세종특별자치시,세종시 태산로 329-0,1015,202104
529,장호비치캠핑장,강원도,삼척시,강원 삼척시 장호1길 41-0,977,202104
530,동화힐링캠프,경기도,파주시,경기 파주시 파평산로363번길 32-9,968,202104
531,임송캠프장,경기도,남양주시,경기 남양주시 금강로746번길 61-0,967,202104
532,황매산오토캠핑장제1캠핑장,경상남도,합천군,경남 합천군 황매산공원길 331-0,7703,202105
533,목계솔밭야영장,충청북도,충주시,충북 충주시,6374,202105
534,임진각평화누리캠핑장,경기도,파주시,경기 파주시 임진각로 148-40,3979,202105
535,금은모래캠핑장,경기도,여주시,경기 여주시 강변유원지길 107-0,2672,202105
536,한탄강오토캠핑장,경기도,연천군,경기 연천군 선사로 76-0,2593,202105
537,가산수피아,경상북도,칠곡군,경북 칠곡군 학하4길 57-105,2505,202105
538,자라섬오토캠핑장,경기도,가평군,경기 가평군 자라섬로 60-0,2478,202105
539,몽산포오션캠핑장,충청남도,태안군,충남 태안군 몽산포길 0-0,2465,202105
540,연곡해변솔향기캠핑장,강원도,강릉시,강원 강릉시 해안로 1282-0,2238,202105
541,재인폭포오토캠핑장,경기도,연천군,경기 연천군 현문로508번길 140-0,2184,202105
542,보리울오토캠핑장,강원도,홍천군,강원 홍천군 밤벌길 131-53,2088,202105
543,삼락생태공원오토캠핑장,부산광역시,사상구,부산 사상구,2033,202105
544,중랑숲캠핑장,서울특별시,중랑구,서울 중랑구 망우로87길 110-0,1878,202105
545,어은돌오토캠핑장,충청남도,태안군,충남 태안군 모항파도로 398-70,1856,202105
546,함허동천야영장,인천광역시,강화군,인천 강화군 해안남로1196번길 38-0,1754,202105
547,서울대공원자연캠프장,경기도,과천시,경기 과천시,1637,202105
548,대저캠핑장,부산광역시,강서구,부산 강서구,1625,202105
549,승촌보오토캠핑장,광주광역시,남구,광주 남구,1610,202105
550,대부도캠핑시티,경기도,안산시 단원구,경기 안산시 단원구 대부황금로 110-0,1568,202105
551,이포보오토캠핑장양촌지구,경기도,여주시,경기 여주시 여양로 1935-177,1560,202105
552,김포캠핑파크,경기도,김포시,경기 김포시 용강로 325-0,1537,202105
553,김포한강오토캠핑장,경기도,김포시,경기 김포시 월하로912번길 64-0,1528,202105
554,도덕산캠핑장,경기도,광명시,경기 광명시 밤일안로42번길 69-0,1468,202105
555,어은돌송림캠핑장,충청남도,태안군,충남 태안군 모항파도로 398-42,1450,202105
556,더드림핑,경기도,남양주시,경기 남양주시 북한강로 1630-18,1418,202105
557,봉수대오토캠핑장,강원도,고성군,강원 고성군,1347,202105
558,난지캠핑장,서울특별시,마포구,서울 마포구 한강난지로 22-0,1335,202105
559,둘레길캠핑장,충청남도,태안군,충남 태안군 꾸지나무길 37-76,1312,202105
560,노루벌캠핑장,대전광역시,서구,대전 서구,1291,202105
561,섬강두꺼비오토캠핑장,강원도,원주시,강원 원주시 선유길 135-0,1267,202105
562,영종씨사이드캠핑장,인천광역시,중구,인천 중구 큰말로 25-0,1249,202105
563,설악동야영장,강원도,속초시,강원 속초시 청봉로 25-0,1232,202105
564,대청호로하스캠핑장,대전광역시,대덕구,대전 대덕구 대청로424번길 200-0,1229,202105
565,휴리조트,경기도,양주시,경기 양주시 만송로366번길 215-29,1228,202105
566,백로주유원지캠프장,경기도,포천시,경기 포천시 호국로 2671-22,1208,202105
567,인천송도국제캠핑장,인천광역시,연수구,인천 연수구 지식기반로 152-0,1171,202105
568,칠곡보오토캠핑장,경상북도,칠곡군,경북 칠곡군 강변서로 110-43,1171,202105
569,나린오토캠핑장,경기도,연천군,경기 연천군 어삼로 391-81,1168,202105
570,캠프운악,경기도,포천시,경기 포천시 금강로 3806-80,1165,202105
571,목계솔밭야영장,충청북도,충주시,충북 충주시,4344,202106
572,임진각평화누리캠핑장,경기도,파주시,경기 파주시 임진각로 148-40,3296,202106
573,연곡해변솔향기캠핑장,강원도,강릉시,강원 강릉시 해안로 1282-0,2499,202106
574,보리울오토캠핑장,강원도,홍천군,강원 홍천군 밤벌길 131-53,2386,202106
575,몽산포오션캠핑장,충청남도,태안군,충남 태안군 몽산포길 0-0,2275,202106
576,금은모래캠핑장,경기도,여주시,경기 여주시 강변유원지길 107-0,2138,202106
577,자라섬오토캠핑장,경기도,가평군,경기 가평군 자라섬로 60-0,2076,202106
578,한탄강오토캠핑장,경기도,연천군,경기 연천군 선사로 76-0,1824,202106
579,중랑숲캠핑장,서울특별시,중랑구,서울 중랑구 망우로87길 110-0,1712,202106
580,재인폭포오토캠핑장,경기도,연천군,경기 연천군 현문로508번길 140-0,1711,202106
581,함허동천야영장,인천광역시,강화군,인천 강화군 해안남로1196번길 38-0,1593,202106
582,난지캠핑장,서울특별시,마포구,서울 마포구 한강난지로 22-0,1536,202106
583,서울대공원자연캠프장,경기도,과천시,경기 과천시,1478,202106
584,어은돌오토캠핑장,충청남도,태안군,충남 태안군 모항파도로 398-70,1448,202106
585,대부도캠핑시티,경기도,안산시 단원구,경기 안산시 단원구 대부황금로 110-0,1431,202106
586,봉수대오토캠핑장,강원도,고성군,강원 고성군,1352,202106
587,춘장대솔내음야영장,충청남도,서천군,충남 서천군 춘장대로151번길 31-0,1321,202106
588,삼락생태공원오토캠핑장,부산광역시,사상구,부산 사상구,1315,202106
589,이포보오토캠핑장양촌지구,경기도,여주시,경기 여주시 여양로 1935-177,1258,202106
590,김포캠핑파크,경기도,김포시,경기 김포시 용강로 325-0,1246,202106
591,더드림핑,경기도,남양주시,경기 남양주시 북한강로 1630-18,1216,202106
592,김포한강오토캠핑장,경기도,김포시,경기 김포시 월하로912번길 64-0,1172,202106
593,장호비치캠핑장,강원도,삼척시,강원 삼척시 장호1길 41-0,1156,202106
594,가산수피아,경상북도,칠곡군,경북 칠곡군 학하4길 57-105,1154,202106
595,대저캠핑장,부산광역시,강서구,부산 강서구,1133,202106
596,임송캠프장,경기도,남양주시,경기 남양주시 금강로746번길 61-0,1130,202106
597,영종씨사이드캠핑장,인천광역시,중구,인천 중구 큰말로 25-0,1115,202106
598,임진각평화누리캠핑장,경기도,파주시,경기 파주시 임진각로 148-40,2397,202107
599,연곡해변솔향기캠핑장,강원도,강릉시,강원 강릉시 해안로 1282-0,2338,202107
600,목계솔밭야영장,충청북도,충주시,충북 충주시,2140,202107
601,봉수대오토캠핑장,강원도,고성군,강원 고성군,1873,202107
602,서울대공원자연캠프장,경기도,과천시,경기 과천시,1704,202107
603,병지방오토캠프장,강원도,횡성군,강원 횡성군 어답산로 516-0,1684,202107
604,한탄강오토캠핑장,경기도,연천군,경기 연천군 선사로 76-0,1670,202107
605,백도해수욕장오토캠핑장,강원도,고성군,강원 고성군 문암항길 133-0,1646,202107
606,송지호오토캠핑장,강원도,고성군,강원 고성군 동해대로 6090-0,1579,202107
607,함허동천야영장,인천광역시,강화군,인천 강화군 해안남로1196번길 38-0,1545,202107
608,보리울오토캠핑장,강원도,홍천군,강원 홍천군 밤벌길 131-53,1543,202107
609,고래불국민야영장,경상북도,영덕군,경북 영덕군 고래불로 12-0,1495,202107
610,도마치캠프장,경기도,포천시,경기 포천시 화동로 2318-6,1466,202107
611,김포캠핑파크,경기도,김포시,경기 김포시 용강로 325-0,1415,202107
612,솔밭캠프장,강원도,영월군,강원 영월군 무릉법흥로 740-0,1412,202107
613,장호비치캠핑장,강원도,삼척시,강원 삼척시 장호1길 41-0,1406,202107
614,재인폭포오토캠핑장,경기도,연천군,경기 연천군 현문로508번길 140-0,1399,202107
615,닷돈재4색야영장,충청북도,제천시,충북 제천시,1328,202107
616,망상제2오토캠핑장,강원도,동해시,강원 동해시 동해대로 6220-0,1315,202107
617,덕주야영장,충청북도,제천시,충북 제천시 미륵송계로 1360-0,1289,202107
618,난지캠핑장,서울특별시,마포구,서울 마포구 한강난지로 22-0,1271,202107
619,몽산포오션캠핑장,충청남도,태안군,충남 태안군 몽산포길 0-0,1249,202107
620,내리계곡솔밭캠핑장,강원도,영월군,강원 영월군 내리계곡로 1039-18,1243,202107
621,연곡해변솔향기캠핑장,강원도,강릉시,강원 강릉시 해안로 1282-0,3102,202108
622,임진각평화누리캠핑장,경기도,파주시,경기 파주시 임진각로 148-40,3029,202108
623,봉수대오토캠핑장,강원도,고성군,강원 고성군,2137,202108
624,백도해수욕장오토캠핑장,강원도,고성군,강원 고성군 문암항길 133-0,2129,202108
625,병지방오토캠프장,강원도,횡성군,강원 횡성군 어답산로 516-0,1948,202108
626,한탄강오토캠핑장,경기도,연천군,경기 연천군 선사로 76-0,1910,202108
627,보리울오토캠핑장,강원도,홍천군,강원 홍천군 밤벌길 131-53,1889,202108
628,고래불국민야영장,경상북도,영덕군,경북 영덕군 고래불로 12-0,1754,202108
629,서울대공원자연캠프장,경기도,과천시,경기 과천시,1702,202108
630,도마치캠프장,경기도,포천시,경기 포천시 화동로 2318-6,1663,202108
631,몽산포오션캠핑장,충청남도,태안군,충남 태안군 몽산포길 0-0,1641,202108
632,재인폭포오토캠핑장,경기도,연천군,경기 연천군 현문로508번길 140-0,1620,202108
633,솔밭캠프장,강원도,영월군,강원 영월군 무릉법흥로 740-0,1612,202108
634,김포캠핑파크,경기도,김포시,경기 김포시 용강로 325-0,1597,202108
635,송지호오토캠핑장,강원도,고성군,강원 고성군 동해대로 6090-0,1589,202108
636,함허동천야영장,인천광역시,강화군,인천 강화군 해안남로1196번길 38-0,1501,202108
637,내리계곡솔밭캠핑장,강원도,영월군,강원 영월군 내리계곡로 1039-18,1470,202108
638,장호비치캠핑장,강원도,삼척시,강원 삼척시 장호1길 41-0,1451,202108
639,계방산오토캠핑장,강원도,평창군,강원 평창군 이승복생가길 160-0,1435,202108
640,난지캠핑장,서울특별시,마포구,서울 마포구 한강난지로 22-0,1429,202108
641,포천프로방스수목원캠핑장,경기도,포천시,경기 포천시 탑신로 1066-0,1409,202108
642,흥정계곡캠핑700,강원도,평창군,강원 평창군 흥정계곡4길 91-0,1409,202108
643,캠프통아일랜드,경기도,가평군,경기 가평군 호반로 976-0,1399,202108
644,자라섬오토캠핑장,경기도,가평군,경기 가평군 자라섬로 60-0,1360,202108
645,망상제2오토캠핑장,강원도,동해시,강원 동해시 동해대로 6220-0,1356,202108
646,달궁자동차야영장,전라북도,남원시,전북 남원시 지리산로 365-0,1354,202108
647,중랑숲캠핑장,서울특별시,중랑구,서울 중랑구 망우로87길 110-0,1321,202108
648,닷돈재4색야영장,충청북도,제천시,충북 제천시,1314,202108
649,해담체험마을캠핑장,강원도,양양군,강원 양양군 구룡령로 2110-39,1303,202108
650,북분솔밭캠핑장,강원도,양양군,강원 양양군,1301,202108
651,임진각평화누리캠핑장,경기도,파주시,경기 파주시 임진각로 148-40,3487,202109
652,몽산포오션캠핑장,충청남도,태안군,충남 태안군 몽산포길 0-0,2595,202109
653,가산수피아,경상북도,칠곡군,경북 칠곡군 학하4길 57-105,2507,202109
654,연곡해변솔향기캠핑장,강원도,강릉시,강원 강릉시 해안로 1282-0,2481,202109
655,자라섬오토캠핑장,경기도,가평군,경기 가평군 자라섬로 60-0,2170,202109
656,난지캠핑장,서울특별시,마포구,서울 마포구 한강난지로 22-0,1989,202109
657,한탄강오토캠핑장,경기도,연천군,경기 연천군 선사로 76-0,1952,202109
658,보리울오토캠핑장,강원도,홍천군,강원 홍천군 밤벌길 131-53,1931,202109
659,재인폭포오토캠핑장,경기도,연천군,경기 연천군 현문로508번길 140-0,1901,202109
660,어은돌오토캠핑장,충청남도,태안군,충남 태안군 모항파도로 398-70,1745,202109
661,중랑숲캠핑장,서울특별시,중랑구,서울 중랑구 망우로87길 110-0,1640,202109
662,황매산오토캠핑장제1캠핑장,경상남도,합천군,경남 합천군 황매산공원길 331-0,1638,202109
663,삼락생태공원오토캠핑장,부산광역시,사상구,부산 사상구,1559,202109
664,대부도캠핑시티,경기도,안산시 단원구,경기 안산시 단원구 대부황금로 110-0,1497,202109
665,대저캠핑장,부산광역시,강서구,부산 강서구,1478,202109
666,알멕스랜드,경기도,연천군,경기 연천군 왕산로218번길 61-0,1459,202109
667,백로주유원지캠프장,경기도,포천시,경기 포천시 호국로 2671-22,1438,202109
668,봉수대오토캠핑장,강원도,고성군,강원 고성군,1412,202109
669,춘장대솔내음야영장,충청남도,서천군,충남 서천군 춘장대로151번길 31-0,1396,202109
670,어은돌송림캠핑장,충청남도,태안군,충남 태안군 모항파도로 398-42,1381,202109
671,서울대공원자연캠프장,경기도,과천시,경기 과천시,1323,202109
672,유식물원오토캠핑장,경기도,포천시,경기 포천시 간자동길 138-100,1239,202109
673,임송캠프장,경기도,남양주시,경기 남양주시 금강로746번길 61-0,1236,202109
674,김포캠핑파크,경기도,김포시,경기 김포시 용강로 325-0,1205,202109
675,함허동천야영장,인천광역시,강화군,인천 강화군 해안남로1196번길 38-0,1194,202109
676,승촌보오토캠핑장,광주광역시,남구,광주 남구,1175,202109
677,백도해수욕장오토캠핑장,강원도,고성군,강원 고성군 문암항길 133-0,1170,202109
678,금은모래캠핑장,경기도,여주시,경기 여주시 강변유원지길 107-0,1166,202109
679,나린오토캠핑장,경기도,연천군,경기 연천군 어삼로 391-81,1162,202109
680,몽산포오토캠핑장,충청남도,태안군,충남 태안군 몽산포길 65-24,1154,202109
681,더드림핑,경기도,남양주시,경기 남양주시 북한강로 1630-18,1150,202109
682,김포한강오토캠핑장,경기도,김포시,경기 김포시 월하로912번길 64-0,1133,202109
683,몽산포청솔오토캠핑장,충청남도,태안군,충남 태안군 몽산포길 99-20,1111,202109
684,도덕산캠핑장,경기도,광명시,경기 광명시 밤일안로42번길 69-0,1109,202109
685,대부도구봉도야영장,경기도,안산시 단원구,경기 안산시 단원구 구봉길 102-36,1089,202109
686,구봉산오토캠핑장나인힐스,경기도,용인시 처인구,경기 용인시 처인구 보개원삼로1372번길 41-0,1086,202109
687,둘레길캠핑장,충청남도,태안군,충남 태안군 꾸지나무길 37-76,1082,202109
688,황산문화체육공원국민여가캠핑장,경상남도,양산시,경남 양산시 낙동로 295-19,1077,202109
689,노루벌캠핑장,대전광역시,서구,대전 서구,1077,202109
690,휴리조트,경기도,양주시,경기 양주시 만송로366번길 215-29,1059,202109
691,장호비치캠핑장,강원도,삼척시,강원 삼척시 장호1길 41-0,1055,202109
692,산들래캠핑장,경기도,화성시,경기 화성시 자청로207번길 21-73,1054,202109
693,가산수피아,경상북도,칠곡군,경북 칠곡군 학하4길 57-105,6750,202110
694,황매산오토캠핑장제1캠핑장,경상남도,합천군,경남 합천군 황매산공원길 331-0,6197,202110
695,몽산포오션캠핑장,충청남도,태안군,충남 태안군 몽산포길 0-0,3604,202110
696,임진각평화누리캠핑장,경기도,파주시,경기 파주시 임진각로 148-40,3537,202110
697,자라섬오토캠핑장,경기도,가평군,경기 가평군 자라섬로 60-0,2912,202110
698,연곡해변솔향기캠핑장,강원도,강릉시,강원 강릉시 해안로 1282-0,2626,202110
699,대저캠핑장,부산광역시,강서구,부산 강서구,2542,202110
700,백로주유원지캠프장,경기도,포천시,경기 포천시 호국로 2671-22,2388,202110
701,삼락생태공원오토캠핑장,부산광역시,사상구,부산 사상구,2237,202110
702,한탄강오토캠핑장,경기도,연천군,경기 연천군 선사로 76-0,2235,202110
703,보리울오토캠핑장,강원도,홍천군,강원 홍천군 밤벌길 131-53,2227,202110
704,재인폭포오토캠핑장,경기도,연천군,경기 연천군 현문로508번길 140-0,2214,202110
705,어은돌오토캠핑장,충청남도,태안군,충남 태안군 모항파도로 398-70,2152,202110
706,난지캠핑장,서울특별시,마포구,서울 마포구 한강난지로 22-0,2135,202110
707,춘장대솔내음야영장,충청남도,서천군,충남 서천군 춘장대로151번길 31-0,2129,202110
708,황산문화체육공원국민여가캠핑장,경상남도,양산시,경남 양산시 낙동로 295-19,2081,202110
709,대부도캠핑시티,경기도,안산시 단원구,경기 안산시 단원구 대부황금로 110-0,1859,202110
710,알멕스랜드,경기도,연천군,경기 연천군 왕산로218번길 61-0,1758,202110
711,중랑숲캠핑장,서울특별시,중랑구,서울 중랑구 망우로87길 110-0,1647,202110
712,설악동야영장,강원도,속초시,강원 속초시 청봉로 25-0,1597,202110
713,함허동천야영장,인천광역시,강화군,인천 강화군 해안남로1196번길 38-0,1592,202110
714,어은돌송림캠핑장,충청남도,태안군,충남 태안군 모항파도로 398-42,1592,202110
715,밀양아리랑오토캠핑장,경상남도,밀양시,경남 밀양시,1535,202110
716,몽산포청솔오토캠핑장,충청남도,태안군,충남 태안군 몽산포길 99-20,1510,202110
717,서울대공원자연캠프장,경기도,과천시,경기 과천시,1489,202110
718,진천더빌리지캠핑장,충청북도,진천군,충북 진천군 봉죽2길 20-78,1486,202110
719,임송캠프장,경기도,남양주시,경기 남양주시 금강로746번길 61-0,1484,202110
720,석갱이오토캠핑장,충청남도,태안군,충남 태안군,1480,202110
721,김포캠핑파크,경기도,김포시,경기 김포시 용강로 325-0,1423,202110
722,승촌보오토캠핑장,광주광역시,남구,광주 남구,1409,202110
723,김포한강오토캠핑장,경기도,김포시,경기 김포시 월하로912번길 64-0,1389,202110
724,솔밭가족캠프촌,강원도,양양군,강원 양양군 송평길 38-0,1386,202110
725,가래골캠핑장,경기도,포천시,경기 포천시 포천로2811번길 178-0,1369,202110
726,임진각평화누리캠핑장,경기도,파주시,경기 파주시 임진각로 148-40,2874,202111
727,황매산오토캠핑장제1캠핑장,경상남도,합천군,경남 합천군 황매산공원길 331-0,2412,202111
728,연곡해변솔향기캠핑장,강원도,강릉시,강원 강릉시 해안로 1282-0,2273,202111
729,가산수피아,경상북도,칠곡군,경북 칠곡군 학하4길 57-105,2257,202111
730,난지캠핑장,서울특별시,마포구,서울 마포구 한강난지로 22-0,1918,202111
731,자라섬오토캠핑장,경기도,가평군,경기 가평군 자라섬로 60-0,1761,202111
732,대저캠핑장,부산광역시,강서구,부산 강서구,1693,202111
733,재인폭포오토캠핑장,경기도,연천군,경기 연천군 현문로508번길 140-0,1642,202111
734,한탄강오토캠핑장,경기도,연천군,경기 연천군 선사로 76-0,1521,202111
735,청라해변공원캠핑장,인천광역시,서구,인천 서구,1319,202111
736,임송캠프장,경기도,남양주시,경기 남양주시 금강로746번길 61-0,1299,202111
737,합강공원오토캠핑장,세종특별자치시,세종특별자치시,세종시 태산로 329-0,1297,202111
738,중랑숲캠핑장,서울특별시,중랑구,서울 중랑구 망우로87길 110-0,1287,202111
739,김포한강오토캠핑장,경기도,김포시,경기 김포시 월하로912번길 64-0,1217,202111
740,임진각평화누리캠핑장,경기도,파주시,경기 파주시 임진각로 148-40,2318,202112
741,연곡해변솔향기캠핑장,강원도,강릉시,강원 강릉시 해안로 1282-0,1443,202112
742,대저캠핑장,부산광역시,강서구,부산 강서구,1417,202112
743,알멕스랜드,경기도,연천군,경기 연천군 왕산로218번길 61-0,1300,202112
744,난지캠핑장,서울특별시,마포구,서울 마포구 한강난지로 22-0,1271,202112
745,임송캠프장,경기도,남양주시,경기 남양주시 금강로746번길 61-0,1219,202112
746,자라섬오토캠핑장,경기도,가평군,경기 가평군 자라섬로 60-0,1205,202112
747,한탄강오토캠핑장,경기도,연천군,경기 연천군 선사로 76-0,1189,202112
748,가산수피아,경상북도,칠곡군,경북 칠곡군 학하4길 57-105,2093,202201
749,임진각평화누리캠핑장,경기도,파주시,경기 파주시 임진각로 148-40,2089,202201
750,알멕스랜드,경기도,연천군,경기 연천군 왕산로218번길 61-0,1407,202201
751,연곡해변솔향기캠핑장,강원도,강릉시,강원 강릉시 해안로 1282-0,1382,202201
752,동화힐링캠프,경기도,파주시,경기 파주시 파평산로363번길 32-9,1143,202201
753,대저캠핑장,부산광역시,강서구,부산 강서구,1128,202201
754,한탄강오토캠핑장,경기도,연천군,경기 연천군 선사로 76-0,1115,202201
755,재인폭포오토캠핑장,경기도,연천군,경기 연천군 현문로508번길 140-0,1047,202201
756,이포보오토캠핑장양촌지구,경기도,여주시,경기 여주시 여양로 1935-177,1022,202201
757,임진각평화누리캠핑장,경기도,파주시,경기 파주시 임진각로 148-40,2295,202202
758,연곡해변솔향기캠핑장,강원도,강릉시,강원 강릉시 해안로 1282-0,1561,202202
759,알멕스랜드,경기도,연천군,경기 연천군 왕산로218번길 61-0,1295,202202
760,대저캠핑장,부산광역시,강서구,부산 강서구,1176,202202
761,한탄강오토캠핑장,경기도,연천군,경기 연천군 선사로 76-0,1169,202202
762,난지캠핑장,서울특별시,마포구,서울 마포구 한강난지로 22-0,1112,202202
763,이포보오토캠핑장양촌지구,경기도,여주시,경기 여주시 여양로 1935-177,1069,202202
764,재인폭포오토캠핑장,경기도,연천군,경기 연천군 현문로508번길 140-0,1066,202202
765,임진각평화누리캠핑장,경기도,파주시,경기 파주시 임진각로 148-40,2268,202203
766,난지캠핑장,서울특별시,마포구,서울 마포구 한강난지로 22-0,1529,202203
767,연곡해변솔향기캠핑장,강원도,강릉시,강원 강릉시 해안로 1282-0,1380,202203
768,삼락생태공원오토캠핑장,부산광역시,사상구,부산 사상구,1234,202203
769,한탄강오토캠핑장,경기도,연천군,경기 연천군 선사로 76-0,1178,202203
770,대저캠핑장,부산광역시,강서구,부산 강서구,1169,202203
771,황산문화체육공원국민여가캠핑장,경상남도,양산시,경남 양산시 낙동로 295-19,1169,202203
772,자라섬오토캠핑장,경기도,가평군,경기 가평군 자라섬로 60-0,1122,202203
773,금은모래캠핑장,경기도,여주시,경기 여주시 강변유원지길 107-0,1095,202203
774,섬강두꺼비오토캠핑장,강원도,원주시,강원 원주시 선유길 135-0,1063,202203
775,이포보오토캠핑장양촌지구,경기도,여주시,경기 여주시 여양로 1935-177,1048,202203
776,함허동천야영장,인천광역시,강화군,인천 강화군 해안남로1196번길 38-0,1008,202203
777,칠곡보오토캠핑장,경상북도,칠곡군,경북 칠곡군 강변서로 110-43,1003,202203
778,중랑숲캠핑장,서울특별시,중랑구,서울 중랑구 망우로87길 110-0,960,202203
779,재인폭포오토캠핑장,경기도,연천군,경기 연천군 현문로508번길 140-0,957,202203
780,임송캠프장,경기도,남양주시,경기 남양주시 금강로746번길 61-0,948,202203
781,청라해변공원캠핑장,인천광역시,서구,인천 서구,895,202203
782,승촌보오토캠핑장,광주광역시,남구,광주 남구,890,202203
783,알멕스랜드,경기도,연천군,경기 연천군 왕산로218번길 61-0,870,202203
784,원동미나리캠프,경상남도,양산시,경남 양산시,844,202203
785,김포한강오토캠핑장,경기도,김포시,경기 김포시 월하로912번길 64-0,840,202203
786,임진각평화누리캠핑장,경기도,파주시,경기 파주시 임진각로 148-40,3050,202204
787,금은모래캠핑장,경기도,여주시,경기 여주시 강변유원지길 107-0,2765,202204
788,난지캠핑장,서울특별시,마포구,서울 마포구 한강난지로 22-0,2692,202204
789,자라섬오토캠핑장,경기도,가평군,경기 가평군 자라섬로 60-0,2548,202204
790,몽산포오션캠핑장,충청남도,태안군,충남 태안군 몽산포길 0-0,2324,202204
791,연곡해변솔향기캠핑장,강원도,강릉시,강원 강릉시 해안로 1282-0,2249,202204
792,보리울오토캠핑장,강원도,홍천군,강원 홍천군 밤벌길 131-53,2223,202204
793,한탄강오토캠핑장,경기도,연천군,경기 연천군 선사로 76-0,2090,202204
794,황산문화체육공원국민여가캠핑장,경상남도,양산시,경남 양산시 낙동로 295-19,2067,202204
795,삼락생태공원오토캠핑장,부산광역시,사상구,부산 사상구,2033,202204
796,황매산오토캠핑장제1캠핑장,경상남도,합천군,경남 합천군 황매산공원길 331-0,2031,202204
797,이포보오토캠핑장양촌지구,경기도,여주시,경기 여주시 여양로 1935-177,1738,202204
798,대저캠핑장,부산광역시,강서구,부산 강서구,1705,202204
799,중랑숲캠핑장,서울특별시,중랑구,서울 중랑구 망우로87길 110-0,1646,202204
800,가산수피아,경상북도,칠곡군,경북 칠곡군 학하4길 57-105,1633,202204
801,함허동천야영장,인천광역시,강화군,인천 강화군 해안남로1196번길 38-0,1596,202204
802,섬강두꺼비오토캠핑장,강원도,원주시,강원 원주시 선유길 135-0,1589,202204
803,재인폭포오토캠핑장,경기도,연천군,경기 연천군 현문로508번길 140-0,1537,202204
804,노을캠핑장,서울특별시,마포구,서울 마포구 하늘공원로 84-0,1471,202204
805,대부도캠핑시티,경기도,안산시 단원구,경기 안산시 단원구 대부황금로 110-0,1420,202204
806,임송캠프장,경기도,남양주시,경기 남양주시 금강로746번길 61-0,1355,202204
807,대청호로하스캠핑장,대전광역시,대덕구,대전 대덕구 대청로424번길 200-0,1351,202204
808,영천댐오토캠핑장,경상북도,영천시,경북 영천시 신방로 19-0,1327,202204
809,승촌보오토캠핑장,광주광역시,남구,광주 남구,1302,202204
810,알멕스랜드,경기도,연천군,경기 연천군 왕산로218번길 61-0,1290,202204
811,유식물원오토캠핑장,경기도,포천시,경기 포천시 간자동길 138-100,1263,202204
812,김포한강오토캠핑장,경기도,김포시,경기 김포시 월하로912번길 64-0,1257,202204
813,어은돌오토캠핑장,충청남도,태안군,충남 태안군 모항파도로 398-70,1249,202204
814,도덕산캠핑장,경기도,광명시,경기 광명시 밤일안로42번길 69-0,1246,202204
815,설악동야영장,강원도,속초시,강원 속초시 청봉로 25-0,1185,202204
816,동화힐링캠프,경기도,파주시,경기 파주시 파평산로363번길 32-9,1173,202204
817,칠곡보오토캠핑장,경상북도,칠곡군,경북 칠곡군 강변서로 110-43,1171,202204
818,구봉산오토캠핑장나인힐스,경기도,용인시 처인구,경기 용인시 처인구 보개원삼로1372번길 41-0,1158,202204
819,황매산오토캠핑장제1캠핑장,경상남도,합천군,경남 합천군 황매산공원길 331-0,8431,202205
820,자라섬오토캠핑장,경기도,가평군,경기 가평군 자라섬로 60-0,3563,202205
821,임진각평화누리캠핑장,경기도,파주시,경기 파주시 임진각로 148-40,3372,202205
822,난지캠핑장,서울특별시,마포구,서울 마포구 한강난지로 22-0,3010,202205
823,금은모래캠핑장,경기도,여주시,경기 여주시 강변유원지길 107-0,2882,202205
824,연곡해변솔향기캠핑장,강원도,강릉시,강원 강릉시 해안로 1282-0,2651,202205
825,한탄강오토캠핑장,경기도,연천군,경기 연천군 선사로 76-0,2615,202205
826,몽산포오션캠핑장,충청남도,태안군,충남 태안군 몽산포길 0-0,2591,202205
827,함허동천야영장,인천광역시,강화군,인천 강화군 해안남로1196번길 38-0,2190,202205
828,삼락생태공원오토캠핑장,부산광역시,사상구,부산 사상구,1893,202205
829,중랑숲캠핑장,서울특별시,중랑구,서울 중랑구 망우로87길 110-0,1885,202205
830,보리울오토캠핑장,강원도,홍천군,강원 홍천군 밤벌길 131-53,1841,202205
831,재인폭포오토캠핑장,경기도,연천군,경기 연천군 현문로508번길 140-0,1828,202205
832,설악동야영장,강원도,속초시,강원 속초시 청봉로 25-0,1814,202205
833,노을캠핑장,서울특별시,마포구,서울 마포구 하늘공원로 84-0,1809,202205
834,망상오토캠핑리조트,강원도,동해시,강원 동해시 동해대로 6370-0,1740,202205
835,이포보오토캠핑장양촌지구,경기도,여주시,경기 여주시 여양로 1935-177,1687,202205
836,청라해변공원캠핑장,인천광역시,서구,인천 서구,1661,202205
837,대부도캠핑시티,경기도,안산시 단원구,경기 안산시 단원구 대부황금로 110-0,1634,202205
838,도덕산캠핑장,경기도,광명시,경기 광명시 밤일안로42번길 69-0,1594,202205
839,가산수피아,경상북도,칠곡군,경북 칠곡군 학하4길 57-105,1574,202205
840,대저캠핑장,부산광역시,강서구,부산 강서구,1530,202205
841,임송캠프장,경기도,남양주시,경기 남양주시 금강로746번길 61-0,1471,202205
842,어은돌오토캠핑장,충청남도,태안군,충남 태안군 모항파도로 398-70,1457,202205
843,황산문화체육공원국민여가캠핑장,경상남도,양산시,경남 양산시 낙동로 295-19,1455,202205
844,김포캠핑파크,경기도,김포시,경기 김포시 용강로 325-0,1416,202205
845,승촌보오토캠핑장,광주광역시,남구,광주 남구,1404,202205
846,더드림핑,경기도,남양주시,경기 남양주시 북한강로 1630-18,1384,202205
847,알멕스랜드,경기도,연천군,경기 연천군 왕산로218번길 61-0,1384,202205
848,강동그린웨이가족캠핑장,서울특별시,강동구,서울 강동구,1383,202205
849,합강공원오토캠핑장,세종특별자치시,세종특별자치시,세종시 태산로 329-0,1362,202205
850,유식물원오토캠핑장,경기도,포천시,경기 포천시 간자동길 138-100,1357,202205
851,인천대공원너나들이캠핑장,인천광역시,남동구,인천 남동구,1349,202205
852,김포한강오토캠핑장,경기도,김포시,경기 김포시 월하로912번길 64-0,1314,202205
853,영종씨사이드캠핑장,인천광역시,중구,인천 중구 큰말로 25-0,1301,202205
854,임진각평화누리캠핑장,경기도,파주시,경기 파주시 임진각로 148-40,2639,202206
855,연곡해변솔향기캠핑장,강원도,강릉시,강원 강릉시 해안로 1282-0,2365,202206
856,난지캠핑장,서울특별시,마포구,서울 마포구 한강난지로 22-0,2329,202206
857,자라섬오토캠핑장,경기도,가평군,경기 가평군 자라섬로 60-0,2328,202206
858,몽산포오션캠핑장,충청남도,태안군,충남 태안군 몽산포길 0-0,2257,202206
859,한탄강오토캠핑장,경기도,연천군,경기 연천군 선사로 76-0,2216,202206
860,금은모래캠핑장,경기도,여주시,경기 여주시 강변유원지길 107-0,2202,202206
861,망상오토캠핑리조트,강원도,동해시,강원 동해시 동해대로 6370-0,2112,202206
862,솔밭가족캠프촌,강원도,양양군,강원 양양군 송평길 38-0,2111,202206
863,함허동천야영장,인천광역시,강화군,인천 강화군 해안남로1196번길 38-0,1727,202206
864,보리울오토캠핑장,강원도,홍천군,강원 홍천군 밤벌길 131-53,1626,202206
865,노을진캠핑장,인천광역시,서구,인천 서구 정서진로 500-0,1601,202206
866,춘장대솔내음야영장,충청남도,서천군,충남 서천군 춘장대로151번길 31-0,1555,202206
867,양양오토캠핑장,강원도,양양군,강원 양양군 동명로 321-20,1546,202206
868,임송캠프장,경기도,남양주시,경기 남양주시 금강로746번길 61-0,1499,202206
869,재인폭포오토캠핑장,경기도,연천군,경기 연천군 현문로508번길 140-0,1455,202206
870,합강공원오토캠핑장,세종특별자치시,세종특별자치시,세종시 태산로 329-0,1446,202206
871,김포캠핑파크,경기도,김포시,경기 김포시 용강로 325-0,1439,202206
872,중랑숲캠핑장,서울특별시,중랑구,서울 중랑구 망우로87길 110-0,1427,202206
873,봉수대오토캠핑장,강원도,고성군,강원 고성군,1402,202206
874,알멕스랜드,경기도,연천군,경기 연천군 왕산로218번길 61-0,1400,202206
875,킨텍스캠핑장,경기도,고양시 일산서구,경기 고양시 일산서구 킨텍스로 217-25,1374,202206
876,도덕산캠핑장,경기도,광명시,경기 광명시 밤일안로42번길 69-0,1360,202206
877,대부도캠핑시티,경기도,안산시 단원구,경기 안산시 단원구 대부황금로 110-0,1349,202206
878,노을캠핑장,서울특별시,마포구,서울 마포구 하늘공원로 84-0,1328,202206
879,청라해변공원캠핑장,인천광역시,서구,인천 서구,1325,202206
880,설악동야영장,강원도,속초시,강원 속초시 청봉로 25-0,1323,202206
881,연곡해변솔향기캠핑장,강원도,강릉시,강원 강릉시 해안로 1282-0,2829,202207
882,망상오토캠핑리조트,강원도,동해시,강원 동해시 동해대로 6370-0,2406,202207
883,임진각평화누리캠핑장,경기도,파주시,경기 파주시 임진각로 148-40,2166,202207
884,한탄강오토캠핑장,경기도,연천군,경기 연천군 선사로 76-0,2033,202207
885,솔밭캠프장,강원도,영월군,강원 영월군 무릉법흥로 740-0,2006,202207
886,함허동천야영장,인천광역시,강화군,인천 강화군 해안남로1196번길 38-0,1993,202207
887,서울대공원자연캠프장,경기도,과천시,경기 과천시,1975,202207
888,봉수대오토캠핑장,강원도,고성군,강원 고성군,1926,202207
889,고래불국민야영장,경상북도,영덕군,경북 영덕군 고래불로 12-0,1733,202207
890,난지캠핑장,서울특별시,마포구,서울 마포구 한강난지로 22-0,1692,202207
891,김포캠핑파크,경기도,김포시,경기 김포시 용강로 325-0,1655,202207
892,해담체험마을캠핑장,강원도,양양군,강원 양양군 구룡령로 2110-39,1653,202207
893,송지호오토캠핑장,강원도,고성군,강원 고성군 동해대로 6090-0,1602,202207
894,백도해수욕장오토캠핑장,강원도,고성군,강원 고성군 문암항길 133-0,1595,202207
895,닷돈재4색야영장,충청북도,제천시,충북 제천시,1588,202207
896,병지방오토캠프장,강원도,횡성군,강원 횡성군 어답산로 516-0,1539,202207
897,금은모래캠핑장,경기도,여주시,경기 여주시 강변유원지길 107-0,1532,202207
898,자라섬오토캠핑장,경기도,가평군,경기 가평군 자라섬로 60-0,1519,202207
899,캠프포레,경상남도,양산시,경남 양산시 청수골길 106-0,1514,202207
900,인천송도국제캠핑장,인천광역시,연수구,인천 연수구 지식기반로 152-0,1479,202207
901,알멕스랜드,경기도,연천군,경기 연천군 왕산로218번길 61-0,1453,202207
902,연곡해변솔향기캠핑장,강원도,강릉시,강원 강릉시 해안로 1282-0,3461,202208
903,망상오토캠핑리조트,강원도,동해시,강원 동해시 동해대로 6370-0,2852,202208
904,함허동천야영장,인천광역시,강화군,인천 강화군 해안남로1196번길 38-0,2501,202208
905,임진각평화누리캠핑장,경기도,파주시,경기 파주시 임진각로 148-40,2499,202208
906,봉수대오토캠핑장,강원도,고성군,강원 고성군,2397,202208
907,송지호오토캠핑장,강원도,고성군,강원 고성군 동해대로 6090-0,2226,202208
908,백도해수욕장오토캠핑장,강원도,고성군,강원 고성군 문암항길 133-0,2226,202208
909,해담체험마을캠핑장,강원도,양양군,강원 양양군 구룡령로 2110-39,2138,202208
910,한탄강오토캠핑장,경기도,연천군,경기 연천군 선사로 76-0,2040,202208
911,고래불국민야영장,경상북도,영덕군,경북 영덕군 고래불로 12-0,1917,202208
912,황산문화체육공원국민여가캠핑장,경상남도,양산시,경남 양산시 낙동로 295-19,1889,202208
913,서울대공원자연캠프장,경기도,과천시,경기 과천시,1878,202208
914,바다캠핑장,강원도,양양군,강원 양양군 동명로 321-14,1867,202208
915,소금강자동차야영장,강원도,강릉시,강원 강릉시,1796,202208
916,망상제2오토캠핑장,강원도,동해시,강원 동해시 동해대로 6220-0,1775,202208
917,김포캠핑파크,경기도,김포시,경기 김포시 용강로 325-0,1767,202208
918,캠프포레,경상남도,양산시,경남 양산시 청수골길 106-0,1731,202208
919,자라섬오토캠핑장,경기도,가평군,경기 가평군 자라섬로 60-0,1729,202208
920,난지캠핑장,서울특별시,마포구,서울 마포구 한강난지로 22-0,1686,202208
921,임진각평화누리캠핑장,경기도,파주시,경기 파주시 임진각로 148-40,3363,202209
922,난지캠핑장,서울특별시,마포구,서울 마포구 한강난지로 22-0,2790,202209
923,자라섬오토캠핑장,경기도,가평군,경기 가평군 자라섬로 60-0,2683,202209
924,금은모래캠핑장,경기도,여주시,경기 여주시 강변유원지길 107-0,2415,202209
925,몽산포오션캠핑장,충청남도,태안군,충남 태안군 몽산포길 0-0,2148,202209
926,연곡해변솔향기캠핑장,강원도,강릉시,강원 강릉시 해안로 1282-0,2116,202209
927,한탄강오토캠핑장,경기도,연천군,경기 연천군 선사로 76-0,2023,202209
928,함허동천야영장,인천광역시,강화군,인천 강화군 해안남로1196번길 38-0,1927,202209
929,노을진캠핑장,인천광역시,서구,인천 서구 정서진로 500-0,1925,202209
930,망상오토캠핑리조트,강원도,동해시,강원 동해시 동해대로 6370-0,1868,202209
931,가산수피아,경상북도,칠곡군,경북 칠곡군 학하4길 57-105,1828,202209
932,재인폭포오토캠핑장,경기도,연천군,경기 연천군 현문로508번길 140-0,1782,202209
933,이포보오토캠핑장양촌지구,경기도,여주시,경기 여주시 여양로 1935-177,1654,202209
934,황매산오토캠핑장제1캠핑장,경상남도,합천군,경남 합천군 황매산공원길 331-0,1583,202209
935,인천송도국제캠핑장,인천광역시,연수구,인천 연수구 지식기반로 152-0,1536,202209
936,서울대공원자연캠프장,경기도,과천시,경기 과천시,1535,202209
937,알멕스랜드,경기도,연천군,경기 연천군 왕산로218번길 61-0,1483,202209
938,청라해변공원캠핑장,인천광역시,서구,인천 서구,1476,202209
939,중랑숲캠핑장,서울특별시,중랑구,서울 중랑구 망우로87길 110-0,1455,202209
940,노을캠핑장,서울특별시,마포구,서울 마포구 하늘공원로 84-0,1406,202209
941,김포한강오토캠핑장,경기도,김포시,경기 김포시 월하로912번길 64-0,1358,202209
942,김포캠핑파크,경기도,김포시,경기 김포시 용강로 325-0,1350,202209
943,임송캠프장,경기도,남양주시,경기 남양주시 금강로746번길 61-0,1335,202209
944,대부도캠핑시티,경기도,안산시 단원구,경기 안산시 단원구 대부황금로 110-0,1324,202209
945,삼락생태공원오토캠핑장,부산광역시,사상구,부산 사상구,1315,202209
946,도덕산캠핑장,경기도,광명시,경기 광명시 밤일안로42번길 69-0,1289,202209
947,합강공원오토캠핑장,세종특별자치시,세종특별자치시,세종시 태산로 329-0,1271,202209
948,킨텍스캠핑장,경기도,고양시 일산서구,경기 고양시 일산서구 킨텍스로 217-25,1265,202209
949,진천더빌리지캠핑장,충청북도,진천군,충북 진천군 봉죽2길 20-78,1243,202209
950,유식물원오토캠핑장,경기도,포천시,경기 포천시 간자동길 138-100,1232,202209
951,춘장대솔내음야영장,충청남도,서천군,충남 서천군 춘장대로151번길 31-0,1202,202209
952,보리울오토캠핑장,강원도,홍천군,강원 홍천군 밤벌길 131-53,1179,202209
953,구봉산오토캠핑장나인힐스,경기도,용인시 처인구,경기 용인시 처인구 보개원삼로1372번길 41-0,1172,202209
954,승촌보오토캠핑장,광주광역시,남구,광주 남구,1168,202209
955,가산수피아,경상북도,칠곡군,경북 칠곡군 학하4길 57-105,11034,202210
956,황매산오토캠핑장제1캠핑장,경상남도,합천군,경남 합천군 황매산공원길 331-0,7762,202210
957,임진각평화누리캠핑장,경기도,파주시,경기 파주시 임진각로 148-40,3590,202210
958,자라섬오토캠핑장,경기도,가평군,경기 가평군 자라섬로 60-0,3346,202210
959,한탄강오토캠핑장,경기도,연천군,경기 연천군 선사로 76-0,2940,202210
960,금은모래캠핑장,경기도,여주시,경기 여주시 강변유원지길 107-0,2899,202210
961,난지캠핑장,서울특별시,마포구,서울 마포구 한강난지로 22-0,2718,202210
962,몽산포오션캠핑장,충청남도,태안군,충남 태안군 몽산포길 0-0,2631,202210
963,노을진캠핑장,인천광역시,서구,인천 서구 정서진로 500-0,2512,202210
964,함허동천야영장,인천광역시,강화군,인천 강화군 해안남로1196번길 38-0,2471,202210
965,연곡해변솔향기캠핑장,강원도,강릉시,강원 강릉시 해안로 1282-0,2348,202210
966,황산문화체육공원국민여가캠핑장,경상남도,양산시,경남 양산시 낙동로 295-19,2219,202210
967,망상오토캠핑리조트,강원도,동해시,강원 동해시 동해대로 6370-0,2202,202210
968,킨텍스캠핑장,경기도,고양시 일산서구,경기 고양시 일산서구 킨텍스로 217-25,2142,202210
969,이포보오토캠핑장양촌지구,경기도,여주시,경기 여주시 여양로 1935-177,2075,202210
970,석갱이오토캠핑장,충청남도,태안군,충남 태안군,2051,202210
971,재인폭포오토캠핑장,경기도,연천군,경기 연천군 현문로508번길 140-0,2022,202210
972,삼락생태공원오토캠핑장,부산광역시,사상구,부산 사상구,1967,202210
973,대저캠핑장,부산광역시,강서구,부산 강서구,1925,202210
974,대부도캠핑시티,경기도,안산시 단원구,경기 안산시 단원구 대부황금로 110-0,1883,202210
975,청라해변공원캠핑장,인천광역시,서구,인천 서구,1879,202210
976,어은돌오토캠핑장,충청남도,태안군,충남 태안군 모항파도로 398-70,1868,202210
977,진천더빌리지캠핑장,충청북도,진천군,충북 진천군 봉죽2길 20-78,1782,202210
978,서울대공원자연캠프장,경기도,과천시,경기 과천시,1727,202210
979,중랑숲캠핑장,서울특별시,중랑구,서울 중랑구 망우로87길 110-0,1713,202210
980,인천송도국제캠핑장,인천광역시,연수구,인천 연수구 지식기반로 152-0,1703,202210
981,알멕스랜드,경기도,연천군,경기 연천군 왕산로218번길 61-0,1682,202210
982,임송캠프장,경기도,남양주시,경기 남양주시 금강로746번길 61-0,1674,202210
983,김포한강오토캠핑장,경기도,김포시,경기 김포시 월하로912번길 64-0,1656,202210
984,합강공원오토캠핑장,세종특별자치시,세종특별자치시,세종시 태산로 329-0,1650,202210
985,섬강두꺼비오토캠핑장,강원도,원주시,강원 원주시 선유길 135-0,1632,202210
986,승촌보오토캠핑장,광주광역시,남구,광주 남구,1601,202210
987,피노키오캠핑장,강원도,원주시,강원 원주시 소야1길 72-0,1590,202210
988,노을캠핑장,서울특별시,마포구,서울 마포구 하늘공원로 84-0,1578,202210
989,더드림핑,경기도,남양주시,경기 남양주시 북한강로 1630-18,1524,202210
990,유식물원오토캠핑장,경기도,포천시,경기 포천시 간자동길 138-100,1473,202210
991,김포캠핑파크,경기도,김포시,경기 김포시 용강로 325-0,1468,202210
992,가산수피아,경상북도,칠곡군,경북 칠곡군 학하4길 57-105,3522,201911
993,황매산오토캠핑장제1캠핑장,경상남도,합천군,경남 합천군 황매산공원길 331-0,2908,201911
994,난지캠핑장,서울특별시,마포구,서울 마포구 한강난지로 22-0,2358,201911
995,임진각평화누리캠핑장,경기도,파주시,경기 파주시 임진각로 148-40,2030,201911
996,목계솔밭야영장,충청북도,충주시,충북 충주시,1631,201911
997,한탄강오토캠핑장,경기도,연천군,경기 연천군 선사로 76-0,1282,201911
998,자라섬오토캠핑장,경기도,가평군,경기 가평군 자라섬로 60-0,1257,201911
999,합강공원오토캠핑장,세종특별자치시,세종특별자치시,세종시 태산로 329-0,1179,201911
1000,금은모래캠핑장,경기도,여주시,경기 여주시 강변유원지길 107-0,1116,201911
1001,중랑숲캠핑장,서울특별시,중랑구,서울 중랑구 망우로87길 110-0,1086,201911
1002,황산문화체육공원국민여가캠핑장,경상남도,양산시,경남 양산시 낙동로 295-19,1079,201911
1003,함허동천야영장,인천광역시,강화군,인천 강화군 해안남로1196번길 38-0,1078,201911
1004,킨텍스캠핑장,경기도,고양시 일산서구,경기 고양시 일산서구 킨텍스로 217-25,1013,201911
1005,임진각평화누리캠핑장,경기도,파주시,경기 파주시 임진각로 148-40,1374,201912
