CMPSI_ID,CMPSI_NM,CMPSI_SCTIN_NM,CMPSI_LTTD_VAL,CMPSI_LNGTD_VAL,CMPSI_ADDR,CMPSI_GNRL_CMPGR_CNT,CMPSI_CAR_CMPGR_CNT,CMPSI_GLPG_CNT,CMPSI_CARBN_CNT,CMPSI_TLROM_CNT,CMPSI_SWRM_CNT,CMPSI_WSBS_CNT,CMPSI_EXTNG_CNT,CMPSI_FFWT_CNT,CMPSI_FFSD_CNT,CMPSI_FIRE_SENSR_CNT,CMPSI_ETC_SBFCL_NM1,CMPSI_ETC_SBFCL_NM2,CMPSI_INFO_DATA_STNDD_DTM,CMPSI_CNPRM_DTM,DATA_CONNO,OPERT_TPCD,OCCRR_DTM,CNTCT_BGN_DTM,CNTCT_PRCES_DTM,CNTCT_PRCES_STCD,TRNSA_ID
CAP300002,(주)디노담양힐링파크 지점,"일반야영장,카라반,글램핑",35.2714369,126.9609528,전남 담양군 봉산면 탄금길 9-26,2,0,22,2,4,3,2,20,1,2,24,"전기,무선인터넷,장작판매,온수,트램폴린,물놀이장,놀이터,산책로,운동시설,마트, 편의점",,2020-11-20,2016-10-27,1,I,20201125000000,,,N,
CAP300003,(주)쉐르빌리안티티,글램핑,37.7015645,127.5960926,강원 홍천군 서면 밤벌길19번길 111,0,0,18,0,4,2,2,0,0,0,0,"전기,무선인터넷,장작판매,온수,물놀이장,놀이터,운동장,운동시설,마트, 편의점","애견 놀이터, 애견 수영장, 탁구장, 족구장, 노래방",2020-11-20,2016-09-13,2,I,20201125000000,,,N,
CAP300006,(주)어반슬로우시티,"자동차야영장,글램핑",37.732632,127.5116915,강원도 춘천시 남면 가옹개길 108,0,0,0,0,0,0,0,0,0,0,0,,,2020-11-20,2015-08-04,5,I,20201125000000,,,N,
CAP300007,쥴리어스지점 휴토피아,글램핑,37.6963001,127.6892996,강원도 홍천군 서면 어유포리  282-8,0,0,17,0,0,0,1,0,0,0,0,"전기,무선인터넷,장작판매,온수,물놀이장,운동시설,마트, 편의점","단체 바비큐장, 계곡",2020-11-20,2016-04-29,6,I,20201125000000,,,N,
CAP300009,(주)자연인,"일반야영장,글램핑",33.4687254,126.5399565,제주특별자치도 제주시 아란서길 110-0,0,0,20,0,1,1,1,0,0,0,0,운동시설,,2020-11-20,2016-08-26,8,I,20201125000000,,,N,
CAP300012,80 SS 오토캠핑장,"일반야영장,자동차야영장,글램핑",36.0300417,128.6304762,경북 군위군 부계면 남산리 1138-4번지,14,10,7,0,2,2,2,40,0,0,7,"전기,무선인터넷,장작판매,온수,물놀이장,놀이터,운동시설",,2020-11-20,2016-08-05,11,I,20201125000000,,,N,
CAP300014,Camp 1950 by 민들레울,"일반야영장,글램핑",35.8787838,127.9410435,김천시 대덕면 남김천대로 160,9,0,11,0,3,3,1,22,1,1,18,"전기,무선인터넷,장작판매,온수,물놀이장,놀이터,산책로,운동장,운동시설,마트, 편의점",,2020-11-20,2017-04-27,13,I,20201125000000,,,N,
CAP300015,CLUB 596,"일반야영장,글램핑",36.683579,126.2683706,충남 태안군 남면 몽산리 596,0,0,5,0,2,2,2,8,0,0,6,"전기,무선인터넷,장작판매,온수,트램폴린,물놀이장,놀이터,산책로",,2020-11-20,2017-08-01,14,I,20201125000000,,,N,
CAP300020,THATS CAMPING 횡성자연휴양림야영장,"일반야영장,글램핑",37.5390902,128.1110517,강원도 횡성군 갑천면정포로430번길 113  THATS CAMPING 횡성자연휴양림야영장,0,60,5,0,3,2,2,0,0,0,0,"전기,장작판매,온수,물놀이장,놀이터,운동장,운동시설,마트, 편의점","펜션 23동, 산책로, 등산로, 계곡, 수영장, 웨스턴 카페, RC카 서킷",2020-11-20,2015-05-29,19,I,20201125000000,,,N,
CAP300024,W글램핑,"일반야영장,글램핑",35.3932118,127.8873465,경상남도 산청군 산청읍 내리  259-5,1,0,14,0,2,2,2,15,0,1,15,"전기,놀이터,운동시설",,2020-11-20,2016-05-03,23,I,20201125000000,,,N,
CAP300034,가산 글램핑,"일반야영장,카라반,글램핑",36.0884556,128.474735,경상북도 칠곡군 가산면 학하리  1178-1,0,0,26,5,2,2,1,31,0,0,31,"전기,온수,트램폴린,물놀이장,놀이터,산책로,운동시설",,2020-11-20,2015-10-19,33,I,20201125000000,,,N,
CAP300043,청계산 골든밸리 가족캠핑장,"일반야영장,글램핑",37.4160706,127.0782351,경기 성남시 수정구 달래내로221번길 17-5 (금토동) 청계산골든밸리캠핑장,18,0,7,0,6,6,10,18,1,1,10,"전기,장작판매,온수",,2020-11-20,2019-12-16,42,I,20201125000000,,,N,
CAP300048,가평운악홀리데이 카라반파크,글램핑,37.853651,127.356336,경기 가평군 조종면 운악청계로 424 가평운악홀리데이 카라반파크,0,0,15,15,0,0,0,0,0,0,0,"전기,무선인터넷,장작판매,온수,놀이터,산책로,운동장,운동시설",,2020-11-20,2016-11-01,47,I,20201125000000,,,N,
CAP300049,가평황토은글램핑,글램핑,37.6076671,127.5102426,경기 가평군 설악면 장수로79번길 63-18,0,0,4,0,0,0,0,4,0,0,4,"전기,무선인터넷,장작판매,온수,트램폴린,물놀이장,놀이터,운동장,운동시설,마트, 편의점",,2020-11-20,2017-05-26,48,I,20201125000000,,,N,
CAP300066,강산에 글램핑,"일반야영장,글램핑",35.6764852,128.9849793,청도군 운문면 신원리 390-2,0,0,10,0,4,2,2,10,0,0,10,"전기,무선인터넷,장작판매,온수,트램폴린,물놀이장,놀이터,산책로,운동장,운동시설",펜션과 방갈로 운영,2020-11-20,2017-06-20,65,I,20201125000000,,,N,
CAP300069,큐브빌리지글램핑,글램핑,34.5351298,126.8000499,전남 강진군 대구면 청자로 1339-74,0,0,15,0,1,1,1,18,0,0,8,"전기,장작판매,온수,트램폴린,물놀이장,운동장,운동시설",,2020-11-20,2020-04-23,68,I,20201125000000,,,N,
CAP300072,강촌관광농원,글램핑,37.8191162,127.6012627,강원도 춘천시 남산면 강촌리  499,0,0,20,0,0,0,0,0,0,0,0,"온수,물놀이장,놀이터,운동장","세미나실, 족구장, 수영장, 당구장, 계곡 수영장",2020-11-20,2015-08-19,71,I,20201125000000,,,N,
CAP300074,강촌하늘아래,"일반야영장,글램핑",37.8005486,127.641409,강원도 춘천시 남산면 방곡리  351-3,30,0,16,0,2,1,2,2,0,0,1,"전기,무선인터넷,장작판매,온수,트램폴린,물놀이장,운동장,마트, 편의점",어린이도서관,2020-11-20,2015-05-08,73,I,20201125000000,,,N,
CAP300078,강화캠핑파크,"일반야영장,글램핑",37.6263487,126.5163708,인천광역시 강화군 길상면 신촌로146번길 14-11  강화캠핑파크,30,30,15,0,2,2,1,0,0,0,0,"전기,온수,운동시설",세미나실,2020-11-20,2015-04-20,77,I,20201125000000,,,N,
CAP300083,거제글램퍼스,"일반야영장,카라반,글램핑",34.8145708,128.6651548,경남 거제시 일운면 망치4길 38  거제글램퍼스,0,0,0,0,0,0,0,0,0,0,0,"전기,온수,놀이터,산책로",,2020-11-20,2016-07-22,82,I,20201125000000,,,N,
CAP300085,거창 에이글램핑,"일반야영장,글램핑",35.6888066,127.8685542,경상남도 거창군 마리면 세동길 13  에이 글램핑,0,0,14,0,1,1,1,15,0,0,0,"전기,무선인터넷,장작판매,온수,물놀이장,운동시설",,2020-11-20,2017-07-28,84,I,20201125000000,,,N,
CAP300086,경주 힐링캠프,"일반야영장,글램핑",35.8156778,129.0408134,경상북도 경주시 산내면 감산리 1456번지,0,12,17,0,2,2,2,33,0,0,17,"전기,무선인터넷,장작판매,온수,트램폴린,물놀이장,놀이터,운동시설,마트, 편의점",,2020-11-20,2017-04-26,85,I,20201125000000,,,N,
CAP300087,경주글램존,"일반야영장,글램핑",35.9505185,129.1400306,경상북도 경주시 안강읍 강교리 877-1,0,2,9,0,2,2,2,10,0,0,9,"전기,온수,물놀이장,운동시설",,2020-11-20,2017-09-20,86,I,20201125000000,,,N,
CAP300088,경주남산관광농원,"일반야영장,카라반,글램핑",35.7892926,129.1987347,경상북도 경주시 배동  1003,0,0,50,10,4,2,4,60,1,1,60,"전기,온수,트램폴린,물놀이장,산책로,운동장,운동시설",,2020-11-20,2015-07-15,87,I,20201125000000,,,N,
CAP300090,강화캐라반캠핑장,글램핑,37.6294873,126.5240638,인천광역시 강화군 길상면 초지리 1320-1,0,0,32,0,0,0,0,0,0,0,0,"전기,무선인터넷,장작판매,온수",,2020-11-20,2016-11-18,89,I,20201125000000,,,N,
CAP300094,계룡산글램핑파크 오브드림,"일반야영장,글램핑",36.36874,127.2580169,충남 공주시 반포면 동학사1로 46,0,0,39,0,39,39,39,39,0,0,39,"전기,무선인터넷,장작판매,온수,물놀이장,운동시설",,2020-11-20,2017-08-11,93,I,20201125000000,,,N,
CAP300101,고대산캠핑리조트,"카라반,글램핑",38.2131745,127.1470347,경기도 연천군 신서면 대광리  130-3,0,0,30,10,4,4,2,0,0,0,0,"전기,온수,놀이터,운동장,운동시설","계곡, 족구장, 운동장, 수영장",2020-11-20,2016-06-17,100,I,20201125000000,,,N,
CAP300105,고성 남산공원 오토캠핑장,"일반야영장,카라반,글램핑",34.9559321,128.3277671,경상남도 고성군 고성읍 공룡로 3165  남산공원 오토캠핑장,0,27,3,6,2,1,1,10,0,0,10,"전기,무선인터넷,장작판매,온수,놀이터,운동시설",,2020-11-20,2013-06-27,104,I,20201125000000,,,N,
CAP300109,고성패밀리캠핑장,"일반야영장,글램핑",34.9940595,128.2201195,경상남도 고성군 상리면 상정대로 1186,0,26,5,0,4,2,2,35,2,0,25,"전기,무선인터넷,장작판매,온수,트램폴린,물놀이장,운동시설,마트, 편의점",,2020-11-20,2017-03-30,108,I,20201125000000,,,N,
CAP300114,곡성 키즈글램핑,"일반야영장,글램핑",35.1600136,127.314504,전라남도 곡성군 죽곡면 오죽로 132  곡성 키즈글램핑,0,0,13,0,1,1,1,0,0,0,0,"마트, 편의점",레일썰매장,2020-11-20,2016-08-12,113,I,20201125000000,,,N,
CAP300133,구룡레져타운야영장,"일반야영장,카라반,글램핑",37.4400428,128.0546124,강원도 원주시 소초면 치악로 3403  구룡레저타운야영장,50,0,5,15,2,2,2,0,0,0,0,"전기,무선인터넷,장작판매,온수,놀이터,운동시설","오리조차,",2020-11-20,2015-06-18,132,I,20201125000000,,,N,
CAP300137,구름포해수욕장카라반,"일반야영장,카라반,글램핑",36.8354752,126.1537895,충청남도 태안군 소원면 의항리  160-4,12,0,16,10,1,2,2,40,2,2,6,"전기,무선인터넷,장작판매,온수,놀이터,산책로,운동시설",,2020-11-20,2016-12-19,136,I,20201125000000,,,N,
CAP300172,굿뜨래웰빙마을 글램핑(일반),"일반야영장,글램핑",36.2713014,126.9291772,충청남도 부여군 가탑로 75,0,0,11,0,11,11,11,11,11,0,11,"전기,무선인터넷,장작판매,온수,물놀이장,운동시설",,2020-11-20,2017-02-22,171,I,20201125000000,,,N,
CAP300181,글램바오캠핑장,"자동차야영장,글램핑",37.7728076,127.5357133,경기도 가평군 가평읍 금대리  302-2,0,0,5,0,7,2,2,5,0,0,5,"전기,무선인터넷,온수,물놀이장,놀이터,운동시설",시설내 약간의 쥬류가 가능한 바가있음,2020-11-20,2016-06-02,180,I,20201125000000,,,N,
CAP300182,글램비글램핑,"일반야영장,카라반,글램핑",37.169774,126.62796,경기도 화성시 서신면 해안길 64,0,0,44,2,0,0,0,46,0,0,46,"전기,무선인터넷,온수,트램폴린,물놀이장,놀이터,운동시설,마트, 편의점",,2020-11-20,2017-11-24,181,I,20201125000000,,,N,
CAP300183,글램퍼스양평,"일반야영장,글램핑",37.5791182,127.682126,경기 양평군 단월면 대부록길 38-3 글램퍼스양평점,0,0,5,0,0,0,0,6,0,0,6,"전기,무선인터넷,장작판매,온수,물놀이장,운동시설,마트, 편의점",,2020-11-20,2015-10-16,182,I,20201125000000,,,N,
CAP300186,글램핑스토리,"일반야영장,글램핑",35.7492671,128.0877518,경남 합천군 가야면 구미가천로 345-1,0,0,0,0,1,1,1,0,0,0,0,"전기,무선인터넷,장작판매,온수,물놀이장,놀이터,운동시설",,2020-11-20,2017-05-29,185,I,20201125000000,,,N,
CAP300187,글램핑앤카라반,"일반야영장,카라반,글램핑",37.5860577,127.6776484,경기도 양평군 단월면 단월로 600  글램핑앤카라반,0,0,4,4,2,2,2,16,0,0,8,"전기,무선인터넷,장작판매,온수,트램폴린,물놀이장",,2020-11-20,2016-02-18,186,I,20201125000000,,,N,
CAP300188,글램핑코리아 애견캠핑장,"일반야영장,글램핑",37.7738412,126.9613802,경기도 양주시 백석읍 권율로 848  글램핑코리아 애견캠핑장,0,0,15,0,3,3,2,15,0,0,0,"전기,장작판매,온수,운동시설",소형 애견 놀이터. 애견수영장,2020-11-20,2015-06-08,187,I,20201125000000,,,N,
CAP300199,허브하우스 금오산힐링타운,"일반야영장,자동차야영장,글램핑",36.0998652,128.2764332,경북 김천시 남면 우장길 448,5,0,19,0,3,1,1,37,0,0,0,"전기,무선인터넷,장작판매,온수,물놀이장,놀이터,산책로,운동시설,마트, 편의점",,2020-11-20,2020-01-17,198,I,20201125000000,,,N,
CAP300210,김포한강오토캠핑장,"일반야영장,카라반,글램핑",37.7030591,126.6544393,경기도 김포시 하성면 전류리  170-3,98,98,16,4,3,3,2,0,0,0,0,"전기,온수,물놀이장,운동시설",사계절 썰매장,2020-11-20,2013-08-28,209,I,20201125000000,,,N,
CAP300215,드림이벤트,"일반야영장,자동차야영장,글램핑",35.6258784,128.0425891,경남 합천군 봉산면 김봉리 351-1,0,25,10,0,2,2,2,38,0,0,0,"전기,무선인터넷,장작판매,온수,트램폴린,물놀이장,운동시설",,2020-11-20,2017-07-03,214,I,20201125000000,,,N,
CAP300220,꿈엔들 캠프장,"자동차야영장,글램핑",37.3431516,128.2806178,강원 영월군 무릉도원면 무릉법흥로 968-12,0,55,8,0,2,1,3,20,0,0,8,"전기,무선인터넷,장작판매,온수,운동시설,마트, 편의점",,2020-11-20,2015-06-04,219,I,20201125000000,,,N,
CAP300221,양평 키즈 글램핑,"일반야영장,글램핑",37.5568939,127.7245394,경기도 양평군 청운면 용두리  209,0,20,10,0,3,2,2,20,0,0,0,"전기,무선인터넷,장작판매,온수,트램폴린,물놀이장,운동시설",,2020-11-20,2015-03-06,220,I,20201125000000,,,N,
CAP300237,낭만캠프,"일반야영장,카라반,글램핑",38.0431019,127.7993317,강원 화천군 간동면 모현동로 185-41 137-1,0,5,3,3,2,2,1,0,0,0,0,"전기,장작판매,온수,물놀이장,운동장,운동시설","세탁기, 카페, 미니 동물원",2020-11-20,2015-07-30,236,I,20201125000000,,,N,
CAP300248,노꼬담꼬,"일반야영장,글램핑",35.8231278,129.0532272,경북 경주시 산내면 감존길 390-65,17,0,9,0,4,4,2,26,0,0,9,"전기,무선인터넷,장작판매,온수,놀이터",,2020-11-20,2019-09-11,247,I,20201125000000,,,N,
CAP300255,녹수원글램핑,"일반야영장,글램핑",36.628369,126.9694092,충청남도 공주시 유구읍 덕곡리 15-2,0,0,18,0,2,2,2,18,0,0,18,"전기,무선인터넷,장작판매,온수,물놀이장,놀이터,운동시설",,2020-11-20,2017-03-31,254,I,20201125000000,,,N,
CAP300257,놀터글램핑,글램핑,37.9413076,127.0523534,경기 동두천시 신천로 274-57 (상봉암동) 놀터글램핑,0,0,7,0,2,2,1,11,1,4,7,"전기,온수,물놀이장,놀이터,산책로",,2020-11-20,2016-11-03,256,I,20201125000000,,,N,
CAP300259,농업법인주식회사 고운힐링팜,"일반야영장,글램핑",36.435692,126.7659453,충남 청양군 청양읍 식물원길 398-1  농업법인주식회사 고운힐링팜,0,10,10,0,1,1,1,20,0,0,10,"전기,온수,물놀이장,놀이터",,2020-11-20,2016-11-01,258,I,20201125000000,,,N,
CAP300261,하늘빛수목원,"일반야영장,글램핑",34.6354616,126.9031574,전남 장흥군 용산면 장흥대로 2746,0,0,11,0,0,0,0,11,0,0,0,"전기,무선인터넷,온수,트램폴린,물놀이장,놀이터","편백숲, 3만평의 수목원,  22년 가꾸심 수목원 개장 5만원",2020-11-20,2017-07-24,260,I,20201125000000,,,N,
CAP300264,농협회사법인 봉좌마을 캠핑장,"일반야영장,카라반,글램핑",36.0777955,129.1700704,경상북도 포항시 북구 기계면 봉계리 262-1,46,0,8,0,4,2,2,15,0,0,0,"전기,무선인터넷,장작판매,온수,트램폴린,물놀이장,놀이터,산책로,운동장,운동시설,마트, 편의점",,2020-11-20,2015-08-07,263,I,20201125000000,,,N,
CAP300265,바인밸리 수영장 캠핑장,"카라반,글램핑",36.5383312,127.0995145,충청남도 공주시 정안면 화봉리  433-3,41,0,2,3,2,2,2,0,0,0,0,"전기,장작판매,온수,물놀이장,산책로,운동장,마트, 편의점",,2020-11-20,2016-06-06,264,I,20201125000000,,,N,
CAP300267,느랭이골,"일반야영장,글램핑",35.0584821,127.7116755,전라남도 광양시 다압면 신원리 산125,0,0,35,0,0,0,0,35,0,0,35,"전기,무선인터넷,온수,놀이터",,2020-11-20,2016-08-11,266,I,20201125000000,,,N,
CAP300275,늘푸른 체험학교,"일반야영장,글램핑",35.858013,128.9198158,경상북도 영천시 대창면 영지길 100  늘푸른 체험학교,0,40,9,0,3,3,2,30,5,0,9,"전기,무선인터넷,장작판매,온수,물놀이장,놀이터,운동장,운동시설,마트, 편의점",,2020-11-20,2015-03-03,274,I,20201125000000,,,N,
CAP300290,단호샌드파크 자동차야영장,"일반야영장,자동차야영장,카라반,글램핑",36.555699,128.6302903,경상북도 안동시 남후면 단호리  76-3,8,2,2,13,2,2,1,30,15,0,15,"전기,온수,트램폴린,물놀이장,산책로,마트, 편의점",,2020-11-20,2015-05-28,289,I,20201125000000,,,N,
CAP300296,달빛글램핑장,"일반야영장,글램핑",37.964975,127.3380864,경기도 포천시 일동면 화대리 167,0,0,15,0,1,1,1,17,0,0,17,"전기,무선인터넷,장작판매,온수,물놀이장,놀이터,산책로",잔디밭위에서 각종운동가능,2020-11-20,2017-06-23,295,I,20201125000000,,,N,
CAP300301,달콤한 캠핑장,"일반야영장,글램핑",37.7927968,128.1250697,강원도 홍천군 내촌면 와야리  807-2,0,29,5,0,1,1,2,30,0,0,5,"전기,무선인터넷,장작판매,온수,트램폴린,물놀이장,운동시설",,2020-11-20,2015-04-28,300,I,20201125000000,,,N,
CAP300310,대궐오토캠핑장,"일반야영장,글램핑",37.7689833,126.93915,경기도 양주시 백석읍 기산로440번길 177  대궐오토캠핑장,0,60,17,0,4,2,4,0,0,0,0,"전기,장작판매,온수,놀이터,산책로,운동장,운동시설",,2020-11-20,2015-08-05,309,I,20201125000000,,,N,
CAP300313,대덕산농원캠핑장,"일반야영장,글램핑",35.3492738,126.4505761,전남 영광군 법성면 대덕길2길 105 대덕힐링캠핑장,3,0,11,0,6,6,1,13,0,0,13,"전기,무선인터넷,장작판매,온수,트램폴린,물놀이장,놀이터,운동시설,마트, 편의점",,2020-11-20,2016-08-03,312,I,20201125000000,,,N,
CAP300315,대둔산 그린시티 오토캠핑장,"일반야영장,글램핑",36.1070776,127.3370847,전라북도 완주군 운주면 산북리  157-1,0,0,5,0,1,1,1,0,0,0,0,"전기,온수,트램폴린,물놀이장,놀이터,운동시설",,2020-11-20,2015-11-26,314,I,20201125000000,,,N,
CAP300316,대둔산글램핑캠핑장,"일반야영장,글램핑",36.0768729,127.2826543,전라북도 완주군 운주면 장선리  310-17,0,10,5,0,1,1,1,0,0,0,0,"전기,온수,트램폴린,물놀이장,운동시설",,2020-11-20,2015-12-24,315,I,20201125000000,,,N,
CAP300317,대부도캠핑성,글램핑,37.2194118,126.5961684,경기도 안산시 단원구 대부남동  28-84,0,0,10,0,2,2,1,0,0,0,0,"전기,온수,트램폴린,물놀이장,놀이터,운동장,운동시설,마트, 편의점","어린이 ATV, 소형 롤러코스터",2020-11-20,2016-02-24,316,I,20201125000000,,,N,
CAP300318,대성글램핑,"일반야영장,글램핑",36.0671025,128.3299184,경상북도 칠곡군 북삼읍 숭오리 879,0,0,9,0,2,2,9,12,0,0,10,"전기,무선인터넷,장작판매,온수,트램폴린,물놀이장,놀이터,산책로,운동시설",,2020-11-20,2017-10-11,317,I,20201125000000,,,N,
CAP300322,용인대장금파크캠핑장,"일반야영장,카라반,글램핑",37.1204456,127.3403361,경기 용인시 처인구 백암면 용천드라마길 25-10 대장금테마파크,3,0,8,10,2,2,10,30,1,1,15,"전기,무선인터넷,장작판매,온수,놀이터,산책로,운동장,운동시설",카페운영,2020-11-20,2020-07-29,321,I,20201125000000,,,N,
CAP300328,대호레져글램핑,"자동차야영장,글램핑",37.0090121,128.0490433,충청북도 충주시 동량면 지동리  807-1,10,0,6,0,2,4,2,15,7,0,6,"전기,무선인터넷,장작판매,온수,물놀이장,놀이터,운동시설",펜션,2020-11-20,2016-06-17,327,I,20201125000000,,,N,
CAP300329,대회산캠핑장,"일반야영장,글램핑",38.0674355,127.2402569,경기도 포천시 영북면 대회산리  120,0,150,5,0,2,2,2,100,0,0,0,"전기,무선인터넷,장작판매,온수,트램폴린,물놀이장,운동시설,마트, 편의점","잔디광장에서 각종 운동경기, 행사 진행",2020-11-20,2016-02-19,328,I,20201125000000,,,N,
CAP300330,더드림핑 야영장,"자동차야영장,카라반,글램핑",37.6529829,127.3701474,경기도 남양주시 화도읍 금남리 123번지,0,0,13,10,2,2,1,32,0,0,0,"장작판매,물놀이장,놀이터,산책로,운동시설",,2020-11-20,2017-09-29,329,I,20201125000000,,,N,
CAP300336,더 프라우드,"카라반,글램핑",37.2045616,128.0085048,충청북도 제천시 백운면 운학리  105-2,0,0,22,15,4,4,4,50,0,0,50,"전기,무선인터넷,장작판매,온수,물놀이장,놀이터,운동장,운동시설",,2020-11-20,2015-06-26,335,I,20201125000000,,,N,
CAP300345,무주덕유산계곡글램핑,"일반야영장,자동차야영장,카라반,글램핑",35.9042537,127.7766747,전북 무주군 설천면 구천동1로 44,0,10,12,2,1,1,1,19,0,0,14,"전기,무선인터넷,장작판매,온수,물놀이장,운동장,운동시설,마트, 편의점",,2020-11-20,2020-07-17,344,I,20201125000000,,,N,
CAP300367,돌담캠핑장,"일반야영장,글램핑",35.1359472,128.5167768,경상남도 창원시 마산합포구 진동면 인곡리  726,12,0,9,0,1,1,1,25,0,0,0,"전기,장작판매,온수,물놀이장,운동장,운동시설,마트, 편의점",동물농장 텃밭,2020-11-20,2015-11-25,366,I,20201125000000,,,N,
CAP300371,돌풀마루,"일반야영장,글램핑",35.3287633,127.4780232,전라남도 구례군 산동면 위안리  760,0,0,2,1,1,1,1,3,0,0,3,"전기,온수,운동시설",,2020-11-20,2016-05-03,370,I,20201125000000,,,N,
CAP300372,동강글램핑,글램핑,37.1938451,128.5032752,강원도 영월군 영월읍 동강로 124-10,0,0,11,0,6,6,4,11,0,0,11,"전기,무선인터넷,장작판매,온수,트램폴린,물놀이장,운동장,운동시설",족구장,2020-11-20,2017-09-06,371,I,20201125000000,,,N,
CAP300383,동화힐링캠프,"일반야영장,자동차야영장,글램핑",37.8921357,126.8412732,경기도 파주시 파평면 두포리  산 59,0,0,34,7,2,2,1,60,0,0,0,"전기,무선인터넷,온수,트램폴린,물놀이장,놀이터,산책로,운동장,운동시설,마트, 편의점","숯석쇠 10,000원",2020-11-20,2016-03-18,382,I,20201125000000,,,N,
CAP300394,둥지캠핑장,"자동차야영장,글램핑",37.6011132,127.531371,경기 가평군 설악면 묵안로 976-62 305,10,0,41,0,2,2,10,50,0,1,41,"전기,무선인터넷,장작판매,온수,물놀이장,놀이터,산책로,운동장,운동시설",고무풀장,2020-11-20,2015-12-31,393,I,20201125000000,,,N,
CAP300398,들꽃피는언덕 캠핑장,"일반야영장,글램핑",37.7761703,126.9600316,경기도 양주시 백석읍 권율로 870  들꽃피는언덕,14,0,6,0,5,5,1,15,0,0,0,"전기,장작판매,온수,트램폴린,물놀이장,놀이터,운동장",잔디밭 600평 있음,2020-11-20,2017-09-26,397,I,20201125000000,,,N,
CAP300401,들소리 키즈 글램핑,글램핑,34.9286847,126.6789939,전라남도 영암군 신북면 들소리로 384-14,0,0,36,0,0,0,0,0,0,0,0,"전기,무선인터넷,장작판매,온수,트램폴린,물놀이장,마트, 편의점",,2020-11-20,2019-07-01,400,I,20201125000000,,,N,
CAP300412,라온 글램핑,"일반야영장,글램핑",35.3336173,126.864034,전라남도 장성군 북하면 월성리  811-2,0,0,10,0,0,0,2,10,0,0,0,"전기,무선인터넷,장작판매,물놀이장,놀이터",,2020-11-20,2016-08-31,411,I,20201125000000,,,N,
CAP300413,라파엘 펜션 글램핑장,"일반야영장,글램핑",36.815381,127.786704,경남 고성군 회화면 당항만로 945,0,0,15,0,0,0,0,23,21,2,21,"전기,무선인터넷,온수,물놀이장,운동시설",,2020-11-20,2016-02-17,412,I,20201125000000,,,N,
CAP300420,로얄카바나,글램핑,38.0635871,127.101457,경기도 연천군 연천읍 현문로 339-10 로얄카바나,0,0,15,0,0,0,0,15,0,0,15,"전기,무선인터넷,놀이터,운동시설","카페,호텔",2020-11-20,2017-01-09,419,I,20201125000000,,,N,
CAP300427,바누글램핑,글램핑,37.6744697,127.7437838,강원 홍천군 북방면 노일로 30-2 리버우드개발,0,0,8,0,0,0,0,8,0,0,8,,,2020-11-20,2016-09-02,426,I,20201125000000,,,N,
CAP300430,리앤파크,"일반야영장,글램핑",36.2559493,127.860136,충북 영동군 황간면 구룡로 321,30,0,10,0,2,2,2,40,2,1,6,"전기,무선인터넷,장작판매,온수,트램폴린,물놀이장,운동시설,마트, 편의점",,2020-11-20,2016-11-29,429,I,20201125000000,,,N,
CAP300431,마글램핑장,글램핑,35.154638,128.8819153,부산 강서구 가락대로 929 (범방동) 1833,0,0,0,0,1,1,1,22,0,0,22,"전기,무선인터넷,온수,물놀이장,놀이터,산책로",넓은잔디와 해먹 흔들의자 가 있음,2020-11-20,2015-09-04,430,I,20201125000000,,,N,
CAP300434,마령큰시내들캠핑장,"일반야영장,글램핑",35.7386448,127.3443765,전북 진안군 마령면 강정리 655-1,0,42,10,0,2,2,3,55,0,0,10,"전기,무선인터넷,장작판매,온수,트램폴린,물놀이장,운동시설",,2020-11-20,2016-11-17,433,I,20201125000000,,,N,
CAP300441,마이산 풍혈냉천 캠핑장,"일반야영장,글램핑",35.7208543,127.3028273,전북 진안군 성수면 용포로 345,0,36,5,0,1,1,1,26,0,0,5,"전기,무선인터넷,장작판매,온수,물놀이장,운동시설",,2020-11-20,2016-06-27,440,I,20201125000000,,,N,
CAP300442,마이웨이 리조트 관광,"일반야영장,글램핑",35.5367129,128.8000508,경남 밀양시 산외면 엄광리 1198-1,0,0,14,0,0,0,0,14,0,0,14,"전기,온수,물놀이장,놀이터",,2020-11-20,2017-08-14,441,I,20201125000000,,,N,
CAP300457,매화둠벙마을영농조합법인,"일반야영장,글램핑",36.8120627,126.2268144,충청남도 태안군 원북면 동해리  779-8,0,0,9,0,1,2,1,10,0,0,9,"전기,무선인터넷,장작판매,온수,놀이터,산책로,마트, 편의점",,2020-11-20,2015-12-04,456,I,20201125000000,,,N,
CAP300460,캠핑플래닛,"일반야영장,글램핑",37.8868061,127.2853634,경기도 포천시 화현면 명덕리  10-8,15,0,16,0,1,1,1,15,0,0,16,"전기,무선인터넷,장작판매,온수,트램폴린,물놀이장,놀이터,산책로,운동장,운동시설,마트, 편의점",,2020-11-20,2015-11-24,459,I,20201125000000,,,N,
CAP300461,명성산글램핑,"일반야영장,글램핑",38.1045101,127.3386725,경기도 포천시 영북면 산정호수로  1017,0,0,10,0,1,1,1,13,0,0,13,"전기,온수,운동시설",,2020-11-20,2015-04-06,460,I,20201125000000,,,N,
CAP300462,명지산카라반오토캠핑장,"일반야영장,자동차야영장,카라반,글램핑",37.9814614,127.4474625,경기도 가평군 북면 적목리  85-7,2,0,15,26,5,5,5,46,0,4,46,"전기,무선인터넷,장작판매,온수,놀이터,운동시설",,2020-11-20,2016-06-23,461,I,20201125000000,,,N,
CAP300470,무도글램핑,"자동차야영장,글램핑",37.1718178,128.2619269,충북 제천시 송학면 무도리 573번지,4,0,7,0,1,1,2,12,1,2,7,"전기,무선인터넷,장작판매,온수,트램폴린,물놀이장,놀이터,운동시설",,2020-11-20,2017-05-08,469,I,20201125000000,,,N,
CAP300477,무주 글램핑,글램핑,35.8983581,127.7757952,전라북도 무주군 설천면 삼공리  524-12,0,0,21,0,1,1,1,21,0,0,21,"물놀이장,놀이터,운동시설",,2020-11-20,2015-03-18,476,I,20201125000000,,,N,
CAP300479,무주수목원캠핑장,"일반야영장,글램핑",35.9089372,127.7606135,전북 무주군 설천면 구천동로 1092-34,41,0,10,0,1,1,3,35,0,0,11,"전기,무선인터넷,장작판매,온수",,2020-11-20,2017-07-21,478,I,20201125000000,,,N,
CAP300523,바다로글램핑,글램핑,37.6203442,126.3909265,인천광역시 강화군 화도면 해안남로 2421-228/ 인천광역시 강화군 화도면 장화리 467-4,0,0,12,0,0,0,0,0,0,0,0,"전기,무선인터넷,장작판매,온수,물놀이장,놀이터,운동장,운동시설",,2020-11-20,2017-09-22,522,I,20201125000000,,,N,
CAP300540,밤소리글램핑,"일반야영장,글램핑",36.8731738,127.0162333,충남 아산시 음봉면 신정리길 109-9,0,0,14,0,0,0,0,18,2,3,28,"전기,무선인터넷,장작판매,온수,물놀이장,놀이터,산책로,운동장,운동시설",,2020-11-20,2017-11-03,539,I,20201125000000,,,N,
CAP300541,방아텃골 관광농원,"일반야영장,글램핑",37.938396,127.2767968,경기도 포천시 일동면 길명리  398-8,0,25,2,0,1,1,1,25,0,0,2,"전기,무선인터넷,장작판매,온수,트램폴린,물놀이장,운동시설,마트, 편의점",,2020-11-20,2016-05-20,540,I,20201125000000,,,N,
CAP300558,백운오양골캠핑장,"일반야영장,글램핑",38.068163,127.381801,경기도 포천시 이동면 화동로2457번길 92  백운오양골캠핑장,23,0,10,0,1,1,1,0,0,0,0,"전기,무선인터넷,장작판매,온수,트램폴린,물놀이장,놀이터,운동시설,마트, 편의점",,2020-11-20,2016-03-23,557,I,20201125000000,,,N,
CAP300566,벗과뱃나루 캠핑리조트,"일반야영장,카라반,글램핑",36.6144039,126.3037249,충청남도 태안군 남면 신온리  169-18,0,0,19,10,2,2,1,19,1,1,19,"전기,장작판매,온수,물놀이장,놀이터,산책로,운동장,마트, 편의점",,2020-11-20,2016-06-03,565,I,20201125000000,,,N,
CAP300567,남이섬 베스트캠핑장,"일반야영장,자동차야영장,카라반,글램핑",37.7723645,127.5353432,경기 가평군 가평읍 북한강변로 517-8 베스트캠핑장,0,0,10,6,2,4,13,16,0,0,16,"전기,무선인터넷,장작판매,온수,트램폴린,물놀이장,운동시설",,2020-11-20,2016-10-04,566,I,20201125000000,,,N,
CAP300573,별 헤는 마을,"카라반,글램핑",37.8220326,127.6269199,강원도 춘천시 서면 당림리  280-2,0,0,0,10,0,0,0,0,0,0,0,"전기,온수",,2020-11-20,2016-06-20,572,I,20201125000000,,,N,
CAP300576,별다리 캠핑,글램핑,37.8948639,127.5285241,경기도 가평군 북면 제령리  528,0,0,22,0,2,2,12,24,0,10,14,"전기,무선인터넷,장작판매,온수,물놀이장,운동시설",,2020-11-20,2016-06-10,575,I,20201125000000,,,N,
CAP300580,별밤 야영장,"일반야영장,글램핑",37.0484473,127.3742318,경기도 안성시 삼죽면 진촌리  7-4,0,0,0,0,0,0,0,0,0,0,0,,,2020-11-20,2016-05-04,579,I,20201125000000,,,N,
CAP300581,별밤글램핑,"일반야영장,글램핑",36.0452518,128.9882681,경상북도 영천시 임고면 평천리  6-3,0,0,3,0,6,11,2,25,0,0,25,"전기,무선인터넷,장작판매,온수,물놀이장,산책로,운동시설",,2020-11-20,2015-04-27,580,I,20201125000000,,,N,
CAP300583,별빛누리캠핑장,글램핑,37.7543007,127.4077889,경기도 가평군 상면 덕현리 131-3번지,0,0,30,0,4,4,8,35,0,0,30,"전기,무선인터넷,장작판매,온수,물놀이장,운동시설",,2020-11-20,2017-05-10,582,I,20201125000000,,,N,
CAP300585,별빛마루 글램핑 캠핑장,"일반야영장,글램핑",35.9217385,129.2946747,경상북도 경주시 천북면 화산리  93-6 월정사부근,0,0,18,0,4,4,2,18,0,0,18,"전기,무선인터넷,장작판매,온수,트램폴린,물놀이장,운동장,운동시설,마트, 편의점",,2020-11-20,2015-07-28,584,I,20201125000000,,,N,
CAP300586,별빛터카라반&글램핑펜션,"일반야영장,카라반,글램핑",35.4594475,128.0054899,경남 합천군 가회면 중촌리 196,0,0,1,4,1,1,1,5,0,0,0,"전기,온수",,2020-11-20,2017-08-17,585,I,20201125000000,,,N,
CAP300592,별헤는 밤,"일반야영장,카라반,글램핑",33.443689,126.396876,제주시 애월읍 광상로 348,0,0,5,2,0,0,0,7,0,0,0,"전기,무선인터넷,장작판매",,2020-11-20,2017-06-09,591,I,20201125000000,,,N,
CAP300601,보은글램핑,글램핑,36.5251847,127.7859536,충북 보은군 속리산면 속리산로 1029-13,0,0,12,0,12,12,12,14,0,0,14,"전기,무선인터넷,장작판매,온수,트램폴린,물놀이장,놀이터,운동시설,마트, 편의점",,2020-11-20,2017-07-21,600,I,20201125000000,,,N,
CAP300606,봉식이놀이터,"일반야영장,글램핑",35.6632006,128.5560683,경북 청도군 풍각면 봉수길 749-8,0,0,28,0,2,2,1,32,0,0,30,"전기,온수,물놀이장,운동시설",,2020-11-20,2015-08-20,605,I,20201125000000,,,N,
CAP300614,부연동 스카이케빈,"자동차야영장,글램핑",37.8714067,128.634558,강원도 강릉시 연곡면 삼산리  1307-2,0,0,12,0,2,2,2,0,0,0,0,"전기,무선인터넷,장작판매,온수,물놀이장,운동시설,마트, 편의점",,2020-11-20,2016-06-13,613,I,20201125000000,,,N,
CAP300617,북캠프,글램핑,36.5145773,126.9912981,충청남도 공주시 신풍면 영정리  177-4,0,0,14,0,0,0,0,0,0,0,0,"전기,무선인터넷,온수,물놀이장,산책로,운동시설",,2020-11-20,2016-05-23,616,I,20201125000000,,,N,
CAP300618,북한산 캠핑장,"일반야영장,글램핑",37.6517679,126.938478,서울 은평구 북한산로 232-1 (진관동) 북한산캠핑장,0,0,18,0,2,2,1,0,0,0,0,"전기,온수,놀이터,산책로,운동시설,마트, 편의점",,2020-11-20,2016-10-06,617,I,20201125000000,,,N,
CAP300621,Black tree,"일반야영장,글램핑",37.2637704,126.4471352,인천광역시 옹진군 영흥면 내리  1527-66,0,5,13,0,0,0,0,30,0,0,13,"전기,무선인터넷,장작판매,온수,놀이터,운동시설",,2020-11-20,2015-07-17,620,I,20201125000000,,,N,
CAP300622,블루마운틴,"자동차야영장,카라반,글램핑",35.9641281,128.7408376,대구광역시 동구 능성동 산 47-1,2,0,7,1,9,9,1,9,0,0,0,"전기,무선인터넷,온수,놀이터,운동시설",커피숍,2020-11-20,2016-02-02,621,I,20201125000000,,,N,
CAP300630,비토섬 신우리조트 모던글램핑,"일반야영장,카라반,글램핑",34.984468,127.9664143,경남 사천시 서포면 비토리 255-20 비토섬오토캠핑장,0,5,8,8,1,1,1,21,0,1,16,"전기,무선인터넷,장작판매,온수,물놀이장,놀이터,운동장,운동시설",오락실,2020-11-20,2016-08-16,629,I,20201125000000,,,N,
CAP300637,사나래관광농원,글램핑,37.5462949,127.6193935,경기도 양평군 용문면 중원리 580,0,0,10,0,1,1,2,10,0,0,10,"전기,무선인터넷,장작판매,온수,물놀이장,운동시설",카즈카페,2020-11-20,2017-03-09,636,I,20201125000000,,,N,
CAP300648,산내들 패밀리 어드벤처파크,"일반야영장,글램핑",35.9771001,128.0156817,김천시 지례면 부항로 109-38,0,0,17,0,4,4,4,30,4,0,30,"전기,무선인터넷,장작판매,온수,물놀이장,놀이터,운동시설",,2020-11-20,2017-06-30,647,I,20201125000000,,,N,
CAP300655,산마루캠핑장,"일반야영장,글램핑",38.111963,127.3996608,경기도 포천시 이동면 금강로 6584-20  산마루캠핑장,0,45,21,0,2,2,4,40,0,0,28,"전기,무선인터넷,장작판매,온수,트램폴린,물놀이장,놀이터,운동장,운동시설,마트, 편의점",,2020-11-20,2016-03-28,654,I,20201125000000,,,N,
CAP300657,산사랑 글램핑,글램핑,37.4268876,128.0572467,강원도 원주시 소초면 학곡리  150-3,0,0,5,0,0,0,0,5,0,0,5,"전기,온수,놀이터,운동시설","카페,펜션",2020-11-20,2014-10-29,656,I,20201125000000,,,N,
CAP300671,산음캠핑(글램핑),글램핑,37.5993991,127.5968084,경기도 양평군 단월면 고북길 76-23  산음캠핑,0,0,15,0,1,1,1,15,0,0,15,"전기,온수,놀이터,운동장,운동시설",어린이책방,2020-11-20,2015-04-16,670,I,20201125000000,,,N,
CAP300675,산정호수 가족글램핑장,"일반야영장,글램핑",38.066029,127.3167571,경기도 포천시 영북면 산정호수로411번길 13  산정호수 가족글램핑장,10,0,10,2,1,1,1,12,1,0,12,"전기,무선인터넷,장작판매,온수,물놀이장,놀이터,운동장,운동시설",여름철 유아풀장 운영,2020-11-20,2016-06-15,674,I,20201125000000,,,N,
CAP300681,살구나무글램핑&펜션,"카라반,글램핑",37.5277081,127.8646471,강원도 횡성군 경강로 615-19,0,0,10,1,0,0,0,0,0,0,0,운동시설,,2020-11-20,2017-07-30,680,I,20201125000000,,,N,
CAP300694,상상글램핑,글램핑,37.5472777,127.4997249,경기도 양평군 옥천면 용천리 155-18,0,0,6,0,0,0,0,12,0,0,12,,,2020-11-20,2017-07-11,693,I,20201125000000,,,N,
CAP300701,상주보 캠프존 휴,"일반야영장,글램핑",36.4564624,128.2523191,경상북도 상주시 도남동  7-3,13,0,6,0,2,2,1,14,0,0,8,"전기,무선인터넷,장작판매,온수,트램폴린,물놀이장,놀이터,운동장,운동시설",,2020-11-20,2015-08-05,700,I,20201125000000,,,N,
CAP300708,생각속의 집,글램핑,37.3718699,127.8042936,강원도 원주시 지정면 판대리  52-5,0,0,5,0,0,0,0,5,0,0,5,"전기,무선인터넷,장작판매,온수,운동시설",,2020-11-20,2016-08-02,707,I,20201125000000,,,N,
CAP300723,서천 늘푸른캠핑장,"일반야영장,글램핑",36.0852259,126.6451667,충청남도 서천군 마서면 한성리  658-3,46,0,7,0,2,2,2,20,0,0,10,"전기,무선인터넷,장작판매,온수,트램폴린,물놀이장,산책로,운동시설,마트, 편의점",,2020-11-20,2015-06-09,722,I,20201125000000,,,N,
CAP300725,서천갯벌체험글램핑,"일반야영장,글램핑",36.1406479,126.5731691,충청남도 서천군 갯벌체험로 295-12  서천갯벌체험글램핑,0,0,20,0,2,2,1,20,0,0,20,"전기,무선인터넷,장작판매,온수,트램폴린,물놀이장,놀이터,운동시설",,2020-11-20,2016-08-16,724,I,20201125000000,,,N,
CAP300726,서천해양캠핑장,"일반야영장,카라반,글램핑",36.144925,126.501995,충청남도 서천군 서면 마량리 90-3,0,0,13,15,2,2,1,28,0,0,28,"전기,무선인터넷,온수,트램폴린,물놀이장,놀이터,운동장,운동시설,마트, 편의점",,2020-11-20,2015-06-01,725,I,20201125000000,,,N,
CAP300733,조각가 박시동 미술관,"카라반,글램핑",38.0542863,126.9180759,경기도 연천군 백왕로225번길 240-1,0,0,3,19,0,0,0,21,0,0,21,"전기,무선인터넷,운동시설","카페,갤러리",2020-11-20,2016-07-14,732,I,20201125000000,,,N,
CAP300736,선녀와나무꾼,"일반야영장,카라반,글램핑",37.8267566,127.0465656,경기도 양주시 덕계동  540,0,0,6,6,2,2,1,12,0,0,0,"전기,온수,트램폴린,물놀이장,놀이터,산책로,운동장","풋사랑 경기장, 족구장",2020-11-20,2016-02-18,735,I,20201125000000,,,N,
CAP300754,성동힐링센터 휴(休)영월캠프,"자동차야영장,글램핑",37.2692007,128.5263305,강원도 영월군 동강로 1488-23 봉래초교문산분교  성동힐링센터 휴(休)영월캠프,0,10,5,0,2,2,2,20,0,0,5,"전기,무선인터넷,온수,산책로",,2020-11-20,2016-08-25,753,I,20201125000000,,,N,
CAP300758,세라핌캠프,"자동차야영장,글램핑",37.6236274,127.5139088,경기도 가평군 설악면 설곡리  730-1,0,0,31,0,2,2,2,0,0,0,0,"전기,장작판매,온수,트램폴린,물놀이장,운동시설",추억의 오락실,2020-11-20,2016-03-12,757,I,20201125000000,,,N,
CAP300760,센티마르글램핑,"일반야영장,글램핑",36.8982769,126.211085,충청남도 태안군 원북면 방갈리 515-43,20,0,9,0,4,4,6,9,0,0,0,"전기,온수,트램폴린,물놀이장,놀이터,운동시설",,2020-11-20,2017-07-17,759,I,20201125000000,,,N,
CAP300786,솔담길 오토캠핑장,"일반야영장,자동차야영장,카라반,글램핑",36.0627154,128.654645,경상북도 군위군 부계면 한밤 8길 2,31,31,1,5,20,12,1,40,5,10,20,"전기,무선인터넷,장작판매,온수,물놀이장,놀이터,산책로,운동장,마트, 편의점",,2020-11-20,2017-06-22,785,I,20201125000000,,,N,
CAP300813,수락베이스캠프,"일반야영장,글램핑",36.144314,127.3049628,충청남도 논산시 벌곡면 수락리  118-4,0,0,4,0,5,3,4,6,0,0,4,"전기,장작판매,온수,물놀이장,놀이터,운동장,운동시설",,2020-11-20,2016-04-08,812,I,20201125000000,,,N,
CAP300816,수목화 송정마을 오토캠핑장,"자동차야영장,글램핑",38.440232,128.423956,강원도 고성군 건봉사로 1504,0,30,10,0,3,2,2,30,0,0,0,"전기,장작판매,온수,운동시설","족구장,식당,펜션겸업",2020-11-20,2017-05-15,815,I,20201125000000,,,N,
CAP300824,순천 승주CC 글램핑,"일반야영장,글램핑",34.9008981,127.4485303,전라남도 순천시 별량면 오실길 333-1,0,0,16,0,0,0,0,32,0,0,32,"전기,무선인터넷,운동시설",카페,2020-11-20,2017-04-14,823,I,20201125000000,,,N,
CAP300827,숲들내캠핑장,"일반야영장,글램핑",36.8585104,127.2688952,충남 천안시 동남구 북면 위례성로 1113,0,0,21,0,2,2,1,21,0,0,0,"전기,무선인터넷,장작판매,온수,트램폴린,물놀이장,산책로,운동장",,2020-11-20,2016-12-20,826,I,20201125000000,,,N,
CAP300830,숲속의 쉼터,"일반야영장,글램핑",37.9690192,127.0288582,경기도 연천군 전곡읍 양원로268번길 85  숲속의 쉼터,0,26,28,0,40,40,40,50,0,0,35,"전기,장작판매,온수,트램폴린,물놀이장,놀이터,산책로,운동시설,마트, 편의점","야외물놀이장, 온수물놀이장, 방방이, 탁구장, 실내오락실, 찜질방-무료, 미니짚라인",2020-11-20,2016-08-04,829,I,20201125000000,,,N,
CAP300838,스카이글램핑,글램핑,37.7265925,127.2967991,경기도 남양주시 수동면 지둔리  246번지,0,0,9,0,2,2,0,10,0,0,0,"전기,무선인터넷,장작판매,온수,트램폴린,물놀이장,운동시설",,2020-11-20,2016-02-04,837,I,20201125000000,,,N,
CAP300839,스타글램핑,"일반야영장,글램핑",35.9792465,128.8264096,경상북도 영천시 청통면 죽정리  526,0,0,14,0,2,2,2,14,0,0,14,"전기,장작판매,온수,트램폴린,물놀이장,운동장",,2020-11-20,2015-05-20,838,I,20201125000000,,,N,
CAP300841,스톤힐 글램핑,"일반야영장,글램핑",37.5002893,127.4864973,경기도 양평군 양평읍 양근골안길17번길 2-24  스톤힐,0,3,8,0,2,2,0,20,0,0,8,"전기,무선인터넷,장작판매,온수,물놀이장,놀이터,운동장,운동시설","미니농구대,족구장,배드민턴장",2020-11-20,2015-03-25,840,I,20201125000000,,,N,
CAP300851,심학산야영장,글램핑,37.7139289,126.6966317,경기도 파주시 돌곶이길 57(서패동 178-18번지),0,0,10,0,2,2,1,20,0,0,0,"전기,무선인터넷,장작판매,온수,운동시설",,2020-11-20,2017-05-25,850,I,20201125000000,,,N,
CAP300858,써니힐글램핑,글램핑,37.5089708,128.1242933,강원도 횡성군 우천면 하궁리  843-1,0,0,11,0,2,2,0,0,0,0,0,"전기,온수,물놀이장,운동시설",,2020-11-20,2016-05-02,857,I,20201125000000,,,N,
CAP300860,썬오브캠핑장,"일반야영장,글램핑",38.0881935,127.3903493,경기도 포천시 이동면 도평리  538-6,0,0,23,0,2,2,2,60,1,0,23,"전기,무선인터넷,장작판매,온수,트램폴린,놀이터,산책로,운동시설",,2020-11-20,2015-03-30,859,I,20201125000000,,,N,
CAP300865,아날로거 무릉도원점,글램핑,37.2928467,128.2755792,강원도 영월군 수주면 아래골길 10  아날로거 무릉도원점,0,0,10,0,10,10,1,10,0,0,10,"전기,장작판매,온수,물놀이장,운동시설",,2020-11-20,2015-05-15,864,I,20201125000000,,,N,
CAP300868,아담펜션&캠핑장,"자동차야영장,글램핑",37.8653684,127.5566167,경기 가평군 가평읍 당목가일길 410-68,6,0,0,0,2,2,2,10,0,2,0,"전기,무선인터넷,장작판매,물놀이장,놀이터,운동장,운동시설",족구장,2020-11-20,2017-11-17,867,I,20201125000000,,,N,
CAP300873,아빠랑 놀자,"일반야영장,글램핑",35.4167704,128.1556853,경상남도 합천군 삼가면 동리외초길 223  아빠랑 놀자,0,0,20,0,1,1,1,20,0,0,20,"전기,무선인터넷,장작판매,온수,트램폴린,물놀이장,산책로,운동시설,마트, 편의점",,2020-11-20,2015-07-29,872,I,20201125000000,,,N,
CAP300875,아빠의 캠핑장,"자동차야영장,글램핑",37.2474946,128.1566503,강원도 원주시 신림면 신림황둔로 854  아빠의 캠핑장,15,0,5,0,1,1,2,17,0,0,0,"전기,무선인터넷,장작판매,온수,트램폴린,물놀이장,운동시설",,2020-11-20,2016-06-01,874,I,20201125000000,,,N,
CAP300879,아산글램핑캠핑장,"자동차야영장,카라반,글램핑",36.7815226,126.9059569,충청남도 아산시 선장면 죽산리  202-2,0,0,0,0,4,2,2,20,0,3,20,"전기,온수,물놀이장,산책로,운동시설",,2020-11-20,2015-07-02,878,I,20201125000000,,,N,
CAP300880,아우라지 글램핑,글램핑,37.5089982,128.7126807,강원도 정선군 여량면 노추산로 520,0,0,17,0,0,0,0,0,0,0,0,"전기,장작판매,온수,물놀이장,놀이터,운동시설","배드민턴장, 탁구장, 노래방, 보드게임방, 만화방, 천체투영관, 트램펄린, 방탈출카페 등",2020-11-20,2016-08-01,879,I,20201125000000,,,N,
CAP300883,iFA캠프운악,"일반야영장,글램핑",37.8946656,127.3058131,경기도 포천시 화현면 화현리 1090-2,78,0,3,0,1,1,1,42,0,0,10,"전기,장작판매,온수,트램폴린,물놀이장,놀이터,산책로,운동장,운동시설,마트, 편의점",,2020-11-20,2016-01-11,882,I,20201125000000,,,N,
CAP300889,완주힐조타운 캠핑장,"일반야영장,글램핑",35.9734951,127.1584151,전라북도 완주군 비봉면 봉산리  539-2,0,0,11,0,1,1,1,10,0,0,10,놀이터,,2020-11-20,2015-05-07,888,I,20201125000000,,,N,
CAP300903,애플 글램핑,"일반야영장,글램핑",35.4035954,126.8996964,전라남도 장성군 담장로 1279-0  애플 글램핑,0,0,6,0,1,1,4,6,0,0,6,"장작판매,트램폴린,물놀이장,산책로,운동시설",,2020-11-20,2016-12-28,902,I,20201125000000,,,N,
CAP300939,에코야영장,글램핑,37.6070626,126.4790733,인천광역시 강화군 길상면 선두리 892-3,0,0,3,0,4,2,1,3,0,0,3,"전기,무선인터넷,온수,물놀이장",,2020-11-20,2016-02-04,938,I,20201125000000,,,N,
CAP300942,에코힐글램핑,"일반야영장,글램핑",33.4496152,126.4407995,제주특별자치도 제주시 애월읍 광령1리  926,0,0,19,0,1,1,3,19,0,0,0,전기,,2020-11-20,2015-08-24,941,I,20201125000000,,,N,
CAP300943,엘리시아 연인펜션&글램핑,"일반야영장,글램핑",36.4101652,126.8336829,충청남도 청양군 대치면 까치내로 1067-81,0,0,3,0,3,3,3,3,0,0,3,"전기,장작판매,온수,물놀이장,놀이터",찜질방,2020-11-20,2017-02-28,942,I,20201125000000,,,N,
CAP300945,엘포리글램핑,"일반야영장,글램핑",36.0491404,129.1985946,경상북도 포항시 북구 기계면 학야리  749-5,0,0,5,0,5,5,1,5,0,0,5,"전기,무선인터넷,장작판매,온수,트램폴린,물놀이장,놀이터,산책로,운동장,운동시설,마트, 편의점",,2020-11-20,2016-06-09,944,I,20201125000000,,,N,
CAP300946,여수 밤바다 관광농원야영장,"일반야영장,카라반,글램핑",34.7056845,127.7563726,전남 여수시 돌산읍 진모1길 29-38,0,0,9,5,0,0,0,25,0,0,25,"전기,무선인터넷,장작판매,온수,물놀이장,산책로,운동장,마트, 편의점",,2020-11-20,2016-07-13,945,I,20201125000000,,,N,
CAP300948,여우가달을사랑할때,"자동차야영장,글램핑",37.8120858,127.4307133,경기도 가평군 가평읍 태봉두밀로 596번길 78-16,0,0,10,0,2,2,12,12,0,2,10,"전기,무선인터넷,장작판매,온수,물놀이장,놀이터,운동시설,마트, 편의점",,2020-11-20,2017-03-13,947,I,20201125000000,,,N,
CAP300953,여차울 캠핑장,"자동차야영장,글램핑",37.8605695,128.2799685,강원도 홍천군 내면 방내리  140-2,30,0,5,0,2,1,2,8,0,0,0,"전기,무선인터넷,장작판매,온수,운동시설",,2020-11-20,2015-05-22,952,I,20201125000000,,,N,
CAP300957,연천 한여울팜파크 글램핑장,글램핑,38.0692505,127.1082386,경기도 연천군 연천읍 현문로 537,0,0,5,0,1,1,1,5,0,0,5,"전기,무선인터넷",,2020-11-20,2017-07-28,956,I,20201125000000,,,N,
CAP300963,영농조합법인 김포관광,"일반야영장,자동차야영장,카라반,글램핑",37.7472873,126.5587378,경기 김포시 월곶면 용강로 325 김포캠핑파크(주),0,70,38,3,3,1,1,3,0,0,3,"전기,장작판매,온수,트램폴린,물놀이장,놀이터,산책로,운동장,마트, 편의점","카페,에어바운스,인공개울",2020-11-20,2016-11-24,962,I,20201125000000,,,N,
CAP300970,영월 스타 글램핑,글램핑,37.3527063,128.2793723,강원 영월군 무릉도원면 무릉법흥로 1078-12,0,0,11,0,0,0,0,13,0,0,3,"전기,무선인터넷,장작판매,온수,트램폴린,물놀이장,운동시설",,2020-11-20,2016-06-24,969,I,20201125000000,,,N,
CAP300972,영월별마로펜션캠핑,"카라반,글램핑",37.3519894,128.2797022,강원 영월군 무릉도원면 무릉법흥로 1078-22 영월별마로펜션캠핑,0,0,5,3,0,0,0,15,0,0,15,"전기,무선인터넷,온수",,2020-11-20,2015-06-26,971,I,20201125000000,,,N,
CAP300974,영월오아시스 글램핑,글램핑,37.1797672,128.4335159,강원도 영월군 영월읍 방절리  596,0,0,6,0,2,2,1,6,0,0,6,"전기,무선인터넷,장작판매,온수",,2020-11-20,2015-08-03,973,I,20201125000000,,,N,
CAP300981,영천 솔롱고 글램핑,"일반야영장,글램핑",35.9017672,128.926603,경상북도 영천시 금호읍 칠백로 436  영천 솔롱고 글램핑,0,0,12,0,0,0,0,12,0,2,12,"전기,무선인터넷,장작판매,온수,트램폴린,물놀이장,놀이터,운동장,운동시설,마트, 편의점",,2020-11-20,2015-07-20,980,I,20201125000000,,,N,
CAP300992,오글오글오토캠핑장,"일반야영장,글램핑",35.7605845,129.0620289,경상북도 경주시 산내면 문복로 1637-32  991-2,0,0,11,0,11,11,11,11,0,0,11,"전기,무선인터넷,장작판매,온수,트램폴린,물놀이장,놀이터,산책로,운동장,운동시설,마트, 편의점",,2020-11-20,2016-07-25,991,I,20201125000000,,,N,
CAP300998,선녀와 나무꾼,"일반야영장,글램핑",35.6638503,129.4040316,경북 경주시 양남면 동남로 496-11,0,0,38,0,2,2,2,38,0,0,38,"전기,무선인터넷,장작판매,온수,물놀이장,놀이터,운동시설,마트, 편의점",,2020-11-20,2016-05-16,997,I,20201125000000,,,N,
CAP301002,오커빌리지,"자동차야영장,카라반,글램핑",37.5087212,127.5641006,경기도 양평군 용문면 연수리  530,3,0,2,5,2,1,1,40,0,0,8,"전기,온수,물놀이장,놀이터,산책로,운동시설",,2020-11-20,2015-05-28,1001,I,20201125000000,,,N,
CAP301004,오크힐글램핑,글램핑,37.6044299,126.4108173,인천광역시 강화군 화도면 흥왕리  914-9,0,0,13,0,13,13,13,0,0,0,0,"전기,무선인터넷,온수,트램폴린,운동시설",사계절 썰매장,2020-11-20,2015-04-15,1003,I,20201125000000,,,N,
CAP301005,오투글램핑,글램핑,35.7394654,128.4951827,대구광역시 달성군 옥포면 김흥리  952-1,0,0,10,0,2,2,2,15,2,2,10,"전기,온수,물놀이장,놀이터,운동시설",,2020-11-20,2015-04-06,1004,I,20201125000000,,,N,
CAP301006,오투스토리,"일반야영장,글램핑",35.3121138,126.7432341,전남 장성군 황룡면 홍길동로 271,0,0,10,0,0,0,0,10,0,0,10,"전기,장작판매,온수,운동시설",,2020-11-20,2016-12-14,1005,I,20201125000000,,,N,
CAP301012,온더락캠핑장,글램핑,37.7602143,127.3585002,경기 가평군 상면 수목원로 238-106 온더락캠핑장,0,0,7,0,2,0,0,9,7,0,7,"전기,무선인터넷,온수,물놀이장,놀이터,마트, 편의점",카페운영,2020-11-20,2016-11-14,1011,I,20201125000000,,,N,
CAP301014,올리브 그린 펜션 글램핑,글램핑,37.3335076,128.2825981,강원도 영월군 수주면 무릉법흥로 852-24  아날로거 글램핑,6,0,4,0,1,1,2,10,0,0,4,"전기,무선인터넷,장작판매,온수,놀이터,운동시설",,2020-11-20,2015-08-12,1013,I,20201125000000,,,N,
CAP301017,와이글램핑,글램핑,37.5266465,127.6258815,경기도 양평군 용문면 중원리  45-2,0,0,10,0,2,2,1,0,0,0,0,"전기,장작판매,온수,물놀이장,놀이터,산책로,운동장,마트, 편의점","당구장, 오락실, 농구 게임기",2020-11-20,2016-03-09,1016,I,20201125000000,,,N,
CAP301018,와이와이글램핑,"자동차야영장,글램핑",37.7722779,127.5361162,경기 가평군 가평읍 북한강변로 516,0,0,18,0,4,2,5,20,0,0,20,"전기,무선인터넷,장작판매,온수,물놀이장,운동시설",바베큐장 및 카페,2020-11-20,2015-09-02,1017,I,20201125000000,,,N,
CAP301019,와이캠핑장,"자동차야영장,글램핑",37.7317102,127.4247901,경기도 가평군 청평면 강변로 115  와이캠핑장,80,80,18,0,4,2,50,40,0,0,0,"전기,무선인터넷,온수,물놀이장,놀이터,산책로,운동시설",,2020-11-20,2016-05-27,1018,I,20201125000000,,,N,
CAP301021,왕산가족오토캠핑장,"일반야영장,카라반,글램핑",37.4594355,126.364195,인천광역시 중구 을왕동  810-105,20,0,10,23,4,4,2,0,0,0,0,"전기,무선인터넷,장작판매,온수,운동장,운동시설",,2020-11-20,2015-12-31,1020,I,20201125000000,,,N,
CAP301024,요기는캠핑장,"자동차야영장,글램핑",37.335115,128.195322,강원도 영월군 무릉도원면 도원운학로 1524-45,39,0,4,0,1,1,3,30,0,0,4,"전기,무선인터넷,장작판매,온수,트램폴린,물놀이장,운동시설,마트, 편의점",,2020-11-20,2017-02-21,1023,I,20201125000000,,,N,
CAP301033,용문산관광지 야영장,"자동차야영장,글램핑",37.5472919,127.5798267,경기도 양평군 용문산로 684-0  용문산야영장,46,0,6,0,1,1,2,40,0,0,0,"전기,장작판매,온수,놀이터,운동시설",,2020-11-20,2015-05-29,1032,I,20201125000000,,,N,
CAP301060,원앙캠핑장,글램핑,33.3000893,126.5845331,제주특별자치도 서귀포시 상효동  1460,0,0,0,6,0,0,0,6,0,0,0,"전기,온수,놀이터",,2020-11-20,2015-10-26,1059,I,20201125000000,,,N,
CAP301064,월드니스,"일반야영장,글램핑",37.3004067,128.2217049,강원도 영월군 수주면  도원운학로 475-10  월드니스,0,32,20,0,2,2,2,0,0,0,0,"전기,온수,물놀이장,놀이터,운동시설,마트, 편의점","당구장,족구장,탁구장",2020-11-20,2015-08-06,1063,I,20201125000000,,,N,
CAP301066,월성 산아래 글램핑,"일반야영장,글램핑",35.3504375,126.8629648,전라남도 장성군 북하면 월성안길16-33,0,0,7,0,1,1,1,7,0,0,7,운동시설,,2020-11-20,2016-11-23,1065,I,20201125000000,,,N,
CAP301081,위크온 글램핑,"일반야영장,글램핑",38.0291698,127.3877894,경기 포천시 이동면 늠바위길 201-3,0,0,20,0,3,2,3,20,0,0,20,"전기,무선인터넷,장작판매,온수,물놀이장,운동시설",,2020-11-20,2015-12-10,1080,I,20201125000000,,,N,
CAP301082,위크팜글램핑,"일반야영장,글램핑",37.8162993,127.3243717,경기도 가평군 원흥길 52-1,0,0,7,0,2,2,4,8,8,8,8,"전기,무선인터넷,장작판매,온수,물놀이장,산책로,마트, 편의점",,2020-11-20,2016-08-29,1081,I,20201125000000,,,N,
CAP301083,유식물원 관광농원,"일반야영장,글램핑",37.9731741,127.1502573,경기도 포천시 신북면 간자동길 138-100  포천 유식물원 오토캠핑장,0,0,0,0,9,9,4,60,0,0,0,"전기,장작판매,온수,트램폴린,물놀이장,놀이터,산책로,운동시설",,2020-11-20,2017-03-23,1082,I,20201125000000,,,N,
CAP301091,엘리시안 캠핑플레이스,"일반야영장,글램핑",37.8167312,127.5879199,강원 춘천시 남산면 북한강변길 688,4,0,10,0,2,2,1,0,0,0,0,"전기,무선인터넷,온수,트램폴린,물놀이장,놀이터,운동장,마트, 편의점","사우나, 바베큐, 공연장, 세미나실, 커피숍, 오락실, 당구장, 음식점, 카트장, 에어바운스, 장작 등",2020-11-20,2015-06-04,1090,I,20201125000000,,,N,
CAP301096,유힐 캠핑장,"일반야영장,카라반,글램핑",36.0918495,129.4185873,경상북도 포항시 북구 흥해읍 죽천리 57-6,0,0,7,7,2,2,1,14,0,0,14,"전기,무선인터넷,장작판매,온수,트램폴린,물놀이장,운동시설",,2020-11-20,2017-07-09,1095,I,20201125000000,,,N,
CAP301098,이우캠핑장,"자동차야영장,글램핑",37.8155511,127.3239698,경기도 가평군 원흥길 77-42 (주)이우  이우캠핑장,8,6,5,0,2,2,2,8,1,0,6,"전기,무선인터넷,장작판매,온수,물놀이장,놀이터,운동시설",,2020-11-20,2016-07-27,1097,I,20201125000000,,,N,
CAP301099,이지캠핑장,"일반야영장,글램핑",37.695407,127.4600518,경기도 가평군 설악면 유명로 2110  이지캠핑장,18,18,26,0,4,2,1,0,0,0,0,"전기,무선인터넷,장작판매,온수,물놀이장,놀이터,산책로,운동장,운동시설,마트, 편의점","무대, 동물원, 산림욕장",2020-11-20,2015-09-25,1098,I,20201125000000,,,N,
CAP301100,인디어라운드,"자동차야영장,글램핑",37.2519359,127.4417691,경기도 이천시 율현동 이섭대천로941번길 49-44,67,0,13,0,2,2,2,0,0,0,0,"전기,무선인터넷,장작판매,온수,물놀이장,운동장,운동시설",,2020-11-20,2019-07-09,1099,I,20201125000000,,,N,
CAP301111,임하호 수상레저타운캠핑장,"일반야영장,자동차야영장,카라반,글램핑",36.5666883,128.9210806,경상북도 안동시 임동면 중평리 1040,24,24,8,11,2,2,1,33,1,1,19,"전기,무선인터넷,온수,트램폴린,물놀이장,놀이터",수상레저,2020-11-20,2017-05-18,1110,I,20201125000000,,,N,
CAP301124,자일랜드,"일반야영장,글램핑",38.1056379,127.309421,경기도 포천시 영북면 호국로4350번길 154-187  자일랜드,30,0,25,0,5,5,5,25,1,1,25,"전기,무선인터넷,장작판매,온수,트램폴린,물놀이장,놀이터,산책로,운동장,운동시설,마트, 편의점",잔디밭 운동장 대용,2020-11-20,2015-11-30,1123,I,20201125000000,,,N,
CAP301128,장남동산농원,"일반야영장,글램핑",37.9703631,126.8909971,경기도 연천군 장남면 원당리  700-2,26,0,4,0,2,2,1,20,0,0,0,"전기,장작판매,온수,트램폴린,물놀이장,놀이터,운동장,마트, 편의점",,2020-11-20,2016-09-01,1127,I,20201125000000,,,N,
CAP301138,전주 도란도란카라반,글램핑,35.8169846,127.1560055,전라북도 전주시 완산구 간납로 13  전주 도란도란카라반,0,0,5,6,0,0,0,11,0,0,11,,,2020-11-20,2015-12-22,1137,I,20201125000000,,,N,
CAP301144,정선애 펜션 캠핑장,"자동차야영장,글램핑",37.3187992,128.6827088,강원도 정선군 남면 낙동리  606-3,20,0,5,0,1,1,2,15,0,0,5,"전기,무선인터넷,장작판매,온수,물놀이장,운동시설",,2020-11-20,2015-07-28,1143,I,20201125000000,,,N,
CAP301146,정읍시 내장산 국민여가캠핑장,"일반야영장,카라반,글램핑",35.5249589,126.8948546,전라북도 정읍시 내장산로 390  정읍시 내장산 국민여가캠핑장,37,31,6,3,3,2,3,0,0,0,0,"전기,무선인터넷,온수,물놀이장,산책로,운동장",,2020-11-20,2015-07-29,1145,I,20201125000000,,,N,
CAP301150,제주베스트힐,"일반야영장,글램핑",33.4540559,126.6575251,제주시 조천읍 남조로 2109-36,0,0,10,0,1,1,1,10,0,0,0,,,2020-11-20,2017-04-05,1149,I,20201125000000,,,N,
CAP301157,제천승마오토캠핑장,"자동차야영장,글램핑",37.1591587,128.1390573,충청북도 제천시 봉양읍 명도리  326,110,0,2,0,3,1,3,60,1,0,4,"전기,무선인터넷,장작판매,온수,물놀이장,놀이터,산책로,운동장,운동시설,마트, 편의점",,2020-11-20,2016-06-02,1156,I,20201125000000,,,N,
CAP301161,좋은세상리조트,"일반야영장,글램핑",35.1832994,127.357223,전남 곡성군 죽곡면 대황강로 1397-45 좋은세상리조트,0,0,21,0,0,0,0,21,0,0,21,"전기,온수,물놀이장,놀이터",,2020-11-20,2015-06-15,1160,I,20201125000000,,,N,
CAP301163,포천준글램핑,"일반야영장,글램핑",38.0837438,127.3901528,경기 포천시 이동면 금강로 6217-16,3,0,20,0,1,1,3,20,0,0,20,"전기,무선인터넷,장작판매,온수,트램폴린,물놀이장,운동시설,마트, 편의점",,2020-11-20,2016-08-19,1162,I,20201125000000,,,N,
CAP301165,주문진글램핑오토캠핑장,"자동차야영장,카라반,글램핑",37.8800594,128.7344964,강원도 강릉시 주문진읍 삼교리  510,0,10,16,0,8,1,0,20,0,0,18,"전기,무선인터넷,장작판매,온수,운동시설",,2020-11-20,2015-03-05,1164,I,20201125000000,,,N,
CAP301166,신북온천글램핑장,글램핑,37.9735743,127.1025396,경기 포천시 신북면 청신로 571 주식회사 신북리조트,0,4,16,0,1,1,1,16,1,1,16,"전기,장작판매,온수,물놀이장,놀이터,산책로,운동장,마트, 편의점",,2020-11-20,2016-05-26,1165,I,20201125000000,,,N,
CAP301180,즐거운나들이 관광농원,"일반야영장,글램핑",37.8399327,127.2197577,경기도 포천시 가산면 우금리  96,31,0,3,0,1,1,1,15,1,1,3,"전기,무선인터넷,장작판매,온수,트램폴린,물놀이장,놀이터,산책로,운동장,운동시설",,2020-11-20,2016-01-04,1179,I,20201125000000,,,N,
CAP301183,지금부터힐링글램핑,글램핑,35.389806,129.1389542,경상남도 양산시 주진동  583-41,0,0,11,0,1,1,1,0,0,0,0,"전기,온수,트램폴린,물놀이장,운동시설",,2020-11-20,2015-07-30,1182,I,20201125000000,,,N,
CAP301185,지리산 노을,"일반야영장,글램핑",35.3187133,127.9076868,경상남도 산청군 단성면 청계리  353-7,0,0,3,0,1,1,1,3,3,3,3,"전기,무선인터넷,장작판매,온수,물놀이장,놀이터,운동시설",,2020-11-20,2016-07-04,1184,I,20201125000000,,,N,
CAP301188,백무동파크펜션&글램핑야영장,"일반야영장,글램핑",35.3929733,127.6612496,경남 함양군 마천면 가채길 15 지리산백무동파크야영장,20,0,10,0,8,4,7,15,5,2,10,"전기,무선인터넷,장작판매,온수,물놀이장,놀이터,운동장",골프연습시설,2020-11-20,2016-07-01,1187,I,20201125000000,,,N,
CAP301200,대둔산자연휴양림캠핑장,"일반야영장,카라반,글램핑",36.1232644,127.3451335,충청남도 금산군 진산면 대둔산로 6  진산자연휴양림캠핑장,0,0,8,0,2,2,2,8,0,0,8,"전기,장작판매,온수,물놀이장,놀이터,산책로",,2020-11-20,2015-08-03,1199,I,20201125000000,,,N,
CAP301207,채움 관광농원,"일반야영장,글램핑",38.0650584,127.3896367,경기도 포천시 이동면 도평리 94 외 2필지,0,10,10,0,1,1,1,20,0,0,11,"전기,무선인터넷,장작판매,온수,트램폴린,물놀이장,산책로,운동시설",,2020-11-20,2017-11-02,1206,I,20201125000000,,,N,
CAP301233,청도글램핑,글램핑,35.7197766,128.5732591,경상북도 청도군 각북면 금천리  427-2,0,0,15,0,2,2,15,15,3,3,15,"전기,무선인터넷,온수,트램폴린,물놀이장,놀이터,산책로,운동장,운동시설,마트, 편의점",,2020-11-20,,1232,I,20201125000000,,,N,
CAP301262,초락나루펜션&글램핑,"일반야영장,글램핑",36.9955832,126.5271023,충청남도 당진시 석문면 감목길 154,1,0,10,0,6,6,3,20,1,10,17,"전기,무선인터넷,장작판매,온수,물놀이장,놀이터,산책로,운동장,운동시설,마트, 편의점",,2020-11-20,2016-12-30,1261,I,20201125000000,,,N,
CAP301265,초막골생태공원 느티나무야영장,"자동차야영장,글램핑",37.3473716,126.9186104,경기도 군포시 산본동  919,47,0,16,0,3,4,2,0,0,0,0,,,2020-11-20,2016-06-20,1264,I,20201125000000,,,N,
CAP301278,춘천 박사마을 어린이 글램핑장,"일반야영장,자동차야영장,글램핑",37.8930335,127.6918678,강원 춘천시 서면 박사로 770 춘천 도시공사,0,10,24,0,6,2,2,0,0,0,0,"전기,무선인터넷,온수,물놀이장,놀이터,산책로,운동장,운동시설",숲속 놀이터/ 다목적 잔디광장/ 자전거 강변 도로,2020-11-20,2016-07-11,1277,I,20201125000000,,,N,
CAP301280,춘천숲자연휴양림엔글램핑,"자동차야영장,글램핑",37.747726,127.7426862,강원도 춘천시 동산면 군자리 산403,28,0,45,0,0,1,1,50,0,0,45,"전기,무선인터넷,온수,물놀이장,놀이터,산책로,운동시설","숲체험장,족구장,눈썰매장,펜션",2020-11-20,2015-11-03,1279,I,20201125000000,,,N,
CAP301286,충주호캠핑월드,"자동차야영장,글램핑",37.0272913,128.0418349,충청북도 충주시 동량면 호반로 696-1  충주호캠핑장,0,24,7,0,2,2,1,12,0,0,10,"전기,장작판매,온수,물놀이장,놀이터,산책로,운동시설",,2020-11-20,2015-05-26,1285,I,20201125000000,,,N,
CAP301293,칠갑산도림휴게소캠핑장,"일반야영장,글램핑",36.3926819,126.898002,충청남도 청양군 장평면 적곡리  635-1,9,0,0,0,2,2,2,0,0,0,0,"온수,물놀이장,운동시설",,2020-11-20,2016-07-20,1292,I,20201125000000,,,N,
CAP301297,카누글램핑펜션,"일반야영장,글램핑",38.0590064,127.5110893,강원도 화천군 사내면 삼일리  686-1,0,4,5,0,2,2,2,0,0,0,0,"전기,온수,물놀이장,운동시설",,2020-11-20,2016-06-07,1296,I,20201125000000,,,N,
CAP301302,카라반베이캠핑장,"카라반,글램핑",37.2840791,127.2192222,경기 용인시 처인구 포곡읍 전대로 62 카라반베이캠핑장,0,0,20,30,2,2,1,0,0,0,0,"전기,무선인터넷,장작판매,온수,물놀이장,놀이터,운동시설",,2020-11-20,2016-10-14,1301,I,20201125000000,,,N,
CAP301314,캠프락캠핑장,"일반야영장,카라반,글램핑",37.8223436,127.3206037,가평군 상면 원흥리 514-2,0,11,3,2,4,4,4,8,0,0,8,"전기,무선인터넷,장작판매,온수,운동시설",식당별도 운영,2020-11-20,2017-06-02,1313,I,20201125000000,,,N,
CAP301315,캠프레이크,글램핑,37.2276441,127.0999378,경기 용인시 기흥구 동탄기흥로785번길 21-5 (고매동) 캠프레이크,0,0,11,0,2,2,1,20,0,0,0,"전기,무선인터넷,장작판매,온수,운동시설",,2020-11-20,2016-11-15,1314,I,20201125000000,,,N,
CAP301316,캠프리카캠핑장,"일반야영장,글램핑",37.7701966,126.9389785,경기도 양주시 백석읍 기산리  362,40,0,10,0,12,2,16,25,0,0,0,"전기,무선인터넷,장작판매,온수,트램폴린,물놀이장,놀이터,산책로,운동장,운동시설",,2020-11-20,2016-06-15,1315,I,20201125000000,,,N,
CAP301318,캠프수풀이,"일반야영장,자동차야영장,글램핑",37.7510277,127.3662988,경기도 가평군 상면 임초리 608외 1필지,0,13,1,0,2,2,6,8,0,0,4,"전기,무선인터넷,장작판매,온수,트램폴린,물놀이장,운동시설",,2020-11-20,2017-09-26,1317,I,20201125000000,,,N,
CAP301320,캠프원 관광농원,"일반야영장,글램핑",35.6364811,128.850716,경상북도 청도군 매전면 호화리  449,0,227,4,0,3,2,3,64,0,0,9,"전기,장작판매,온수,트램폴린,물놀이장,운동시설,마트, 편의점",,2020-11-20,2015-05-04,1319,I,20201125000000,,,N,
CAP301321,캠프향기,"카라반,글램핑",36.2359817,127.4655195,대전 동구 산내로 710 (상소동),0,0,9,6,1,1,1,18,0,0,15,"전기,무선인터넷,장작판매,온수,물놀이장,놀이터,산책로,운동시설",,2020-11-20,2017-09-18,1320,I,20201125000000,,,N,
CAP301326,힐링캠프글램핑,글램핑,37.439587,126.379427,인천 중구 선녀바위로 70,0,0,9,0,0,0,0,0,0,0,0,"전기,운동시설",,2020-11-20,2017-07-13,1325,I,20201125000000,,,N,
CAP301334,코끼리캠핑장,"자동차야영장,글램핑",37.958895,127.5270861,경기도 가평군 북면 화악리 1007번지/화악산로 1217-2,11,11,11,0,2,2,4,12,1,2,11,"전기,무선인터넷,장작판매,온수,물놀이장,놀이터,운동시설",,2020-11-20,2017-03-20,1333,I,20201125000000,,,N,
CAP301336,코코비발디 글램핑,"자동차야영장,글램핑",37.667018,127.599178,강원도 홍천군 서면 중방대리 419  코코비발디 글램핑,0,0,19,0,2,2,1,0,0,0,0,"전기,무선인터넷,장작판매,온수,물놀이장,놀이터,운동장,운동시설","커피숍, 골프연습장, 트램펄린",2020-11-20,2016-10-31,1335,I,20201125000000,,,N,
CAP301341,클럽노블픽,글램핑,37.7154501,127.379715,경기 가평군 청평면 모꼬지로 154 클럽노블픽,0,0,24,0,2,2,0,45,1,0,24,"전기,무선인터넷,온수,트램폴린,놀이터,운동장,운동시설","카페, 노래방",2020-11-20,2016-08-19,1340,I,20201125000000,,,N,
CAP301344,"\클럽프리모			\""""",글램핑,37.4902215,127.7851314,강원도 횡성군 서원면 석화리 851,0,0,11,0,0,0,0,0,0,0,0,"전기,무선인터넷,장작판매,온수,물놀이장,놀이터,운동장,운동시설,마트, 편의점",,2020-11-20,2016-03-10,1343,I,20201125000000,,,N,
CAP301345,키즈글램핑GEO,"일반야영장,카라반,글램핑",38.1106217,127.3965337,경기 포천시 이동면 금강로 6561,0,0,25,2,1,1,1,30,0,0,30,"전기,무선인터넷,장작판매,온수,트램폴린,물놀이장,운동시설,마트, 편의점",노래방 및 오락기기,2020-11-20,2016-10-20,1344,I,20201125000000,,,N,
CAP301349,태라 글램핑,글램핑,37.1741582,128.1086979,제천시 봉양읍 옥전리 117-1,0,0,5,0,2,2,1,5,0,0,5,"전기,온수,물놀이장,운동장,운동시설",,2020-11-20,2015-08-13,1348,I,20201125000000,,,N,
CAP301359,텐타우스,"자동차야영장,글램핑",35.967423,129.2910967,경상북도 경주시 강동면 왕신숲골안길 5  텐타우스,45,0,0,0,3,2,2,20,2,2,15,"전기,무선인터넷,온수,물놀이장,산책로,운동시설,마트, 편의점",,2020-11-20,2015-07-02,1358,I,20201125000000,,,N,
CAP301373,파인벨리팬션 글램핑,"일반야영장,글램핑",37.8750647,127.274064,경기 포천시 화현면 봉화로 315-97,0,0,0,0,0,0,0,5,0,0,5,"전기,무선인터넷,온수,물놀이장,놀이터,운동장,운동시설,마트, 편의점",,2020-11-20,2017-06-26,1372,I,20201125000000,,,N,
CAP301374,파인트리 캠핑장,"일반야영장,카라반,글램핑",38.020662,127.3641366,경기도 포천시 이동면 연곡리  932,0,6,17,4,1,1,1,30,0,0,21,"전기,무선인터넷,장작판매,온수,트램폴린,물놀이장,운동장,운동시설",,2020-11-20,2016-11-28,1373,I,20201125000000,,,N,
CAP301376,파크12,글램핑,37.6942428,127.5822875,"강원도 홍천군 서면 모곡리 491-46,491-14  파크12",0,0,15,0,2,0,0,15,0,0,15,"전기,무선인터넷,장작판매,온수,놀이터,운동시설",,2020-11-20,2016-09-01,1375,I,20201125000000,,,N,
CAP301377,파피루스 캠핑장,"일반야영장,글램핑",38.0267957,127.2820284,경기도 포천시 영중면 성동리 75  파피루스 캠핑장,15,0,10,0,2,3,2,0,0,0,0,"전기,무선인터넷,장작판매,온수,물놀이장,산책로,운동장,운동시설,마트, 편의점",,2020-11-20,2016-08-30,1376,I,20201125000000,,,N,
CAP301378,팔공산글램핑,"일반야영장,글램핑",36.0021191,128.5760873,경상북도 칠곡군 동명면 남원리  1125,0,0,11,0,2,2,11,11,0,0,11,"전기,무선인터넷,온수,트램폴린,물놀이장,놀이터,운동시설,마트, 편의점",,2020-11-20,2016-06-24,1377,I,20201125000000,,,N,
CAP301392,사계절 글램핑,"일반야영장,글램핑",37.7468279,127.5254273,경기도 가평군 가평읍 금대리  583-2,0,0,7,0,5,2,5,5,7,5,7,"전기,무선인터넷,장작판매,산책로,운동시설",,2020-11-20,2015-08-07,1391,I,20201125000000,,,N,
CAP301396,평창쉼더하기글램핑파크,글램핑,37.5685427,128.417824,강원도 평창군 용평면 재산리  1551-6,0,0,6,0,1,1,1,6,0,0,6,전기,카페,2020-11-20,2015-11-30,1395,I,20201125000000,,,N,
CAP301398,포레스트 카라반,"일반야영장,카라반,글램핑",36.8476556,127.1950008,충남 천안시 동남구 안서동 44-10,0,0,6,7,2,2,1,16,2,1,16,"전기,무선인터넷,장작판매,온수,트램폴린,물놀이장",,2020-11-20,2017-08-03,1397,I,20201125000000,,,N,
CAP301405,포천 베어스 글램핑 파크,"일반야영장,글램핑",37.8323827,127.2656858,경기도 포천시 내촌면 신팔리  388-2,0,0,11,0,1,1,1,15,15,15,15,"전기,무선인터넷,장작판매,온수,물놀이장,놀이터,산책로,운동시설",족구장,2020-11-20,2015-12-17,1404,I,20201125000000,,,N,
CAP301408,포천글램핑앤카라반,"일반야영장,카라반,글램핑",37.9025334,127.3170037,경기도 포천시 화현면 화현리 716-7,0,0,15,5,1,1,1,20,0,0,20,"전기,장작판매,온수,물놀이장,놀이터,산책로,운동장,운동시설","탁구장, 보트놀이,배드민턴, 족구, 배구",2020-11-20,2016-10-05,1407,I,20201125000000,,,N,
CAP301416,폴라리스야영장,"일반야영장,글램핑",35.0636244,128.4786802,경상남도 고성군 동해면 내산리  102-4,0,0,10,0,0,0,0,10,0,0,10,,,2020-11-20,2016-08-21,1415,I,20201125000000,,,N,
CAP301425,프로방스펜션,"일반야영장,카라반,글램핑",35.331738,126.380373,전라남도 영광군 백수읍 해안로 677,3,0,3,0,2,2,1,9,1,3,3,"전기,장작판매,물놀이장,산책로,마트, 편의점",,2020-11-20,2017-03-09,1424,I,20201125000000,,,N,
CAP301428,플로레스타글램핑,글램핑,37.8560821,127.5437833,경기 가평군 가평읍 보납로 459-145,0,0,6,0,2,2,2,6,1,1,6,"전기,무선인터넷,장작판매,온수,트램폴린,물놀이장,놀이터,산책로,운동시설",,2020-11-20,2017-08-04,1427,I,20201125000000,,,N,
CAP301430,피아골오토캠핑장,"일반야영장,카라반,글램핑",35.227583,127.5894465,전라남도 구례군 토지면 원기양지길 26  피아골오토캠핑장,14,30,1,3,1,1,1,0,0,0,0,"전기,무선인터넷,장작판매,온수,물놀이장,놀이터,산책로,운동장,운동시설",,2020-11-20,2014-03-20,1429,I,20201125000000,,,N,
CAP301437,하늘바다캠핑장,"일반야영장,글램핑",34.6916236,126.1465239,전라남도 신안군 안좌면 존포길 234-63,15,0,5,0,2,2,4,23,0,0,0,"전기,장작판매,온수,물놀이장,놀이터,운동시설",,2020-11-20,2017-09-28,1436,I,20201125000000,,,N,
CAP301438,하늘바라기 글램핑,글램핑,37.8039453,128.0055464,강원 홍천군 내촌면 아홉사리로 164-22,0,0,10,0,0,0,0,0,0,0,0,"전기,무선인터넷,온수,물놀이장,운동장,마트, 편의점",,2020-11-20,2016-09-13,1437,I,20201125000000,,,N,
CAP301441,하늘숲글램핑 파크,"일반야영장,글램핑",37.9045226,127.5620894,경기도 가평군 북면 소법리  152-4,0,0,30,0,7,2,8,35,0,5,30,"전기,무선인터넷,장작판매,온수,물놀이장,운동장,마트, 편의점",,2020-11-20,2015-10-27,1440,I,20201125000000,,,N,
CAP301442,하늘숲캠핑장,글램핑,37.776761,127.5092676,경기도 가평군 가평읍 호반로 2092  하늘숲캠핑&펜션,0,0,28,0,5,2,8,35,0,5,28,"전기,무선인터넷,장작판매,온수,놀이터,운동시설,마트, 편의점",,2020-11-20,2015-12-16,1441,I,20201125000000,,,N,
CAP301444,하늘연캠핑장,"일반야영장,글램핑",37.9508383,126.9211406,경기도 파주시 적성면 마지리  70,0,20,7,0,2,2,1,0,0,0,0,"전기,무선인터넷,장작판매,온수,트램폴린,물놀이장,운동시설",,2020-11-20,2015-03-19,1443,I,20201125000000,,,N,
CAP301445,하늘캠핑장,"자동차야영장,글램핑",38.054509,128.6189414,강원도 양양군 양양읍 월리 507,7,0,7,0,1,1,1,14,0,0,7,"전기,장작판매,온수,운동시설","연못, 공연장",2020-11-20,2017-07-26,1444,I,20201125000000,,,N,
CAP301455,하이캠핑장,"자동차야영장,글램핑",37.9689072,127.4163335,경기도 가평군 북면 적목리  340,30,0,2,0,4,2,12,30,1,1,2,"전기,장작판매,온수,트램폴린,물놀이장,놀이터,운동시설",,2020-11-20,2016-10-04,1454,I,20201125000000,,,N,
CAP301462,학암포 퍼스트 캠핑장,"일반야영장,카라반,글램핑",36.8992942,126.2053482,충청남도 태안군 원북면 옥파로 1169-3  학암포 퍼스트 캠핑장,22,0,10,15,2,2,1,40,0,0,25,"전기,무선인터넷,장작판매,온수,운동시설",,2020-11-20,2016-05-04,1461,I,20201125000000,,,N,
CAP301469,동의보감촌 숲속글램핑,글램핑,35.4340358,127.8236808,경남 산청군 금서면 동의보감로555번길 167-23,6,6,23,0,4,3,4,13,10,10,4,"전기,무선인터넷,온수,물놀이장,산책로,운동장,마트, 편의점",,2020-11-20,2015-06-17,1468,I,20201125000000,,,N,
CAP301484,합천라온오토캠핑장,"일반야영장,자동차야영장,글램핑",35.5522695,128.0561628,경상남도 합천군 용주면 가호리  1240,0,10,8,0,1,1,1,13,0,0,0,"전기,무선인터넷,장작판매,온수,트램폴린,물놀이장,놀이터,운동시설",,2020-11-20,2015-07-31,1483,I,20201125000000,,,N,
CAP301486,합천호 코지캠핑장,"자동차야영장,카라반,글램핑",35.5259528,128.037055,경남 합천군 대병면 성리 618-1,0,0,14,5,1,1,1,19,0,0,19,"전기,트램폴린,물놀이장,산책로,마트, 편의점",,2020-11-20,2017-05-31,1485,I,20201125000000,,,N,
CAP301508,행복한소풍캠핑장,"자동차야영장,글램핑",37.6391609,126.4007982,인천시 강화군 화도면 내리 1498-1,24,0,4,0,1,1,2,20,0,0,0,"전기,무선인터넷,장작판매,온수,트램폴린,물놀이장,운동시설,마트, 편의점",미끄럼틀,2020-11-20,2017-07-27,1507,I,20201125000000,,,N,
CAP301510,향기로운추억캠핑장,"카라반,글램핑",37.7531849,127.5355585,경기 가평군 가평읍 금대리 102-2,0,0,7,8,4,4,4,19,19,19,19,"무선인터넷,장작판매,온수,물놀이장,놀이터,운동장",,2020-11-20,2017-04-21,1509,I,20201125000000,,,N,
CAP301513,헤밍웨이 글램핑,"일반야영장,글램핑",34.7781896,127.7414757,전라남도 여수시 망양로 301,0,0,5,0,0,0,0,5,0,0,5,"전기,물놀이장,놀이터",,2020-11-20,2016-03-14,1512,I,20201125000000,,,N,
CAP301514,헤스티아,글램핑,37.7145782,127.4048613,경기도 가평군 청평면 삼회리 67번지 외 1필지,0,0,5,0,2,0,0,0,0,0,0,"전기,무선인터넷,물놀이장,놀이터,마트, 편의점",,2020-11-20,2017-07-05,1513,I,20201125000000,,,N,
CAP301518,호반캠핑장,"자동차야영장,카라반,글램핑",37.9339721,127.7178084,강원도 춘천시 신동 970-1번지,10,0,6,2,2,1,2,5,0,0,0,"전기,무선인터넷,장작판매,운동시설",,2020-11-20,2017-10-18,1517,I,20201125000000,,,N,
CAP301521,호수캠핑장,"카라반,글램핑",37.7753575,126.9335616,경기도 파주시 광탄면 기산리  387-11,0,0,0,10,2,2,1,112,0,0,0,"전기,무선인터넷,장작판매,온수,트램폴린,놀이터,운동시설",,2020-11-20,2016-05-04,1520,I,20201125000000,,,N,
CAP301523,호연재,"일반야영장,글램핑",35.8940913,127.2414153,전라북도 완주군 소양면 대흥리 478,0,0,15,0,2,1,2,15,0,0,15,,,2020-11-20,2016-10-28,1522,I,20201125000000,,,N,
CAP301530,화니캠핑앤글램핑,"자동차야영장,글램핑",37.6467049,128.0343107,강원도 홍천군 동면 좌운리 120-1,3,0,10,0,2,2,1,0,0,0,0,"전기,무선인터넷,장작판매,온수,트램폴린,물놀이장,놀이터,운동장,운동시설,마트, 편의점",,2020-11-20,2015-05-29,1529,I,20201125000000,,,N,
CAP301550,휴리조트 캠핑장,"일반야영장,카라반,글램핑",37.7845463,127.0993871,경기도 양주시 만송동  83-16 휴리조트,106,0,37,2,4,3,4,0,0,0,0,"전기,온수,물놀이장,산책로,운동시설","눈썰매장, ATM, 체육시설",2020-11-20,2016-09-06,1549,I,20201125000000,,,N,
CAP301551,휴양빌리지 가온,글램핑,37.6432921,127.6200504,강원도 홍천군 서면 한서로 1304,0,0,20,0,1,1,1,20,0,0,20,"전기,무선인터넷,장작판매,온수,놀이터,운동시설",,2020-11-20,2017-03-09,1550,I,20201125000000,,,N,
CAP301553,흙내음글램핑,"일반야영장,글램핑",34.937322,128.369922,경상남도 통영시 도산면 원산리  338,0,0,24,0,0,0,0,24,0,0,24,"전기,무선인터넷,장작판매,온수,놀이터,운동장,운동시설,마트, 편의점",,2020-11-20,2015-04-07,1552,I,20201125000000,,,N,
CAP301569,힐포인트,글램핑,37.351452,127.0529197,경기도 용인시 수지구 고기동  346-1,0,0,18,3,2,2,1,9,0,0,0,"전기,무선인터넷,온수,물놀이장,산책로,운동시설",,2020-11-20,2016-04-28,1568,I,20201125000000,,,N,
CAP301572,링크독애견파크 글램핑&오토캠핑장,"일반야영장,자동차야영장,글램핑",37.661018,127.489931,경기도 가평군 설악면 신천리 263-1,0,0,0,0,0,0,0,0,0,0,0,,,2020-11-20,2018-06-05,1571,I,20201125000000,,,N,
CAP301589,나주 글램핑 어스,"일반야영장,글램핑",35.0365517,126.7051617,전라남도 나주시 경현동 96-1,0,0,7,0,0,0,0,7,0,0,7,,,2020-11-20,2017-11-06,1588,I,20201125000000,,,N,
CAP301590,내설악 글램핑 파크,글램핑,38.1367313,128.2478463,강원도 인제군 북면 한계리  1295-1,0,0,17,0,3,3,2,0,0,0,0,"전기,물놀이장,놀이터,운동시설",,2020-11-20,2015-06-08,1589,I,20201125000000,,,N,
CAP301603,대청호 로하스 캠핑장,"일반야영장,글램핑",36.4558916,127.4746423,대전 대덕구 대청로424번길 200 (미호동) 로하스 가족공원 캠핑장,0,40,5,0,0,0,0,0,0,0,0,"전기,장작판매,온수,물놀이장,놀이터,산책로,운동장,운동시설",,2020-11-20,2015-07-03,1602,I,20201125000000,,,N,
CAP301605,마검포 힐링캠핑장,"일반야영장,글램핑",36.609231,126.2907009,충청남도 태안군 남면 마검포길 313-30  마검포 힐링캠핑장,9,0,13,0,1,1,1,25,0,1,13,"전기,무선인터넷,장작판매,온수,놀이터,운동시설",,2020-11-20,2015-08-17,1604,I,20201125000000,,,N,
CAP301611,바람흔적 글램핑 앤 카라반,"일반야영장,카라반,글램핑",35.4596918,128.0049666,경남 합천군 가회면 대기1길 15-9,0,0,0,0,1,1,1,0,0,0,0,"전기,무선인터넷,장작판매,온수,놀이터,운동시설",,2020-11-20,2015-06-24,1610,I,20201125000000,,,N,
CAP301621,불스 글램핑,글램핑,35.6841624,129.1590724,울산 울주군 두서면 아미산못길 26-50,0,0,11,0,1,1,1,11,0,0,0,"전기,무선인터넷",,2020-11-20,2018-01-11,1620,I,20201125000000,,,N,
CAP301624,비토 국민여가캠핑장,"일반야영장,카라반,글램핑",34.9656309,127.9825479,경남 사천시 서포면 용궁로 124,26,0,14,3,3,3,1,0,0,0,0,"전기,무선인터넷,장작판매,온수,물놀이장,놀이터,운동시설",,2020-11-20,2017-09-28,1623,I,20201125000000,,,N,
CAP301635,숲속야영장 휴림,"일반야영장,카라반,글램핑",33.443436,126.4289921,제주도 제주시 애월읍 광령남서길 40,20,0,10,4,2,1,3,14,0,0,0,"전기,무선인터넷,장작판매,온수,놀이터,운동시설,마트, 편의점",,2020-11-20,2017-09-05,1634,I,20201125000000,,,N,
CAP301636,숲속에서 캠핑장,"일반야영장,글램핑",35.6635612,129.0028941,경상북도 청도군 운문면 운문로 1033-31,28,0,7,0,6,4,2,35,0,0,7,"전기,무선인터넷,장작판매,온수,트램폴린,놀이터,운동시설",,2020-11-20,2018-05-25,1635,I,20201125000000,,,N,
CAP301647,오아시스글램핑,"일반야영장,카라반,글램핑",35.7911098,129.3054216,경북 경주시 구정동 17-1 외 2필지,0,0,12,2,2,2,3,14,0,0,14,"전기,무선인터넷,온수,물놀이장,놀이터,운동장,운동시설",,2020-11-20,2017-12-18,1646,I,20201125000000,,,N,
CAP301652,(주)밀모 빨강치마자동차야영장,"일반야영장,자동차야영장,카라반,글램핑",35.9324066,127.6696108,전라북도 무주군 적상면 사산리  산235,0,50,15,11,2,2,2,5,0,0,0,"전기,온수,물놀이장,놀이터,마트, 편의점",,2020-11-20,2015-07-30,1651,I,20201125000000,,,N,
CAP301655,캠프통 아일랜드,글램핑,37.7107945,127.484201,경기 가평군 청평면 호반로 976 761-6,0,0,28,0,3,3,0,28,0,0,28,"전기,무선인터넷,온수,놀이터,운동시설",바베큐시설 및 카페 운영중,2020-11-20,2016-07-19,1654,I,20201125000000,,,N,
CAP301657,메이플트리글램핑,글램핑,37.7622269,127.3645131,경기 가평군 상면 수목원로 181-28 메이플트리,0,0,23,0,2,2,8,23,4,4,23,"전기,무선인터넷,장작판매,온수,물놀이장,놀이터,운동시설",,2020-11-20,2016-10-28,1656,I,20201125000000,,,N,
CAP301658,A&RS캡틴카라반 글램핑,"카라반,글램핑",37.7811021,127.3740378,경기도 가평군 상면 임초리  480-7,0,0,14,5,2,2,1,3,2,3,1,"전기,무선인터넷,장작판매,온수,물놀이장,운동시설,마트, 편의점",족구장,2020-11-20,2015-06-12,1657,I,20201125000000,,,N,
CAP301661,MK골드캠프,"일반야영장,카라반,글램핑",37.2169109,127.1369537,경기도 용인시 기흥구 고매동 기흥단지로 398  골드CC클럽하우스,2,0,17,3,2,2,2,9,0,0,0,,,2020-11-20,2016-02-01,1660,I,20201125000000,,,N,
CAP301667,스톤힐,"일반야영장,글램핑",34.8924728,128.6553113,경남 거제시 수양1길 92-5,0,0,9,0,0,0,0,10,0,0,10,"전기,무선인터넷,온수,놀이터",,2020-11-20,2017-12-29,1666,I,20201125000000,,,N,
CAP301672,양평 다목적캠핑장,"일반야영장,글램핑",37.4264014,127.7876691,경기 양평군 양동면 양서동로 224,0,70,10,0,3,2,2,45,0,0,10,"트램폴린,물놀이장,산책로,마트, 편의점",,2020-11-20,2015-10-14,1671,I,20201125000000,,,N,
CAP301681,동물카라반,"카라반,글램핑",37.747109,127.359949,경기 가평군 상면 임초밤안골로 313,3,0,5,3,0,0,0,8,0,0,8,"전기,무선인터넷,온수,트램폴린,물놀이장,마트, 편의점",,2020-11-20,2015-10-19,1680,I,20201125000000,,,N,
CAP301685,담터맑은물 오토캠핑장,"일반야영장,글램핑",38.1481318,127.2068434,경기 포천시 관인면 담터길 123,58,0,6,0,2,1,2,35,1,0,6,"전기,무선인터넷,장작판매,온수,트램폴린,물놀이장,놀이터,운동시설",,2020-11-20,2015-05-29,1684,I,20201125000000,,,N,
CAP301688,제이스글램핑,글램핑,35.2773351,129.2340542,부산광역시 기장군 일광면 화전리  135,0,0,8,0,1,1,1,8,0,0,8,"전기,무선인터넷,온수,트램폴린,산책로","편백볼놀이존, 우든보트 체험전시장",2020-11-20,2016-07-08,1687,I,20201125000000,,,N,
CAP301714,아라야영장,"일반야영장,글램핑",35.9085246,128.1365131,경상북도 성주군 금수면 사더래길 116  310,0,0,0,0,2,2,2,0,0,0,0,"전기,무선인터넷,온수,물놀이장,운동시설",,2020-11-20,2016-07-29,1713,I,20201125000000,,,N,
CAP301719,더엠캠프,"일반야영장,글램핑",37.632977,127.475518,경기도 가평군 설악면 천안리 714-1번지 외 8필지,16,0,3,0,1,1,8,50,17,17,3,"전기,무선인터넷,장작판매,온수,트램폴린,물놀이장,마트, 편의점",개별 취사장 사용가능,2020-11-20,2018-04-26,1718,I,20201125000000,,,N,
CAP301725,욜로캠프,"자동차야영장,카라반,글램핑",37.987266,127.0211427,경기 연천군 전곡읍 양원로 108-37,8,0,6,3,1,1,1,18,0,0,9,"전기,무선인터넷,장작판매,온수,물놀이장,운동시설","12월까지영업,족구장",2020-11-20,2017-04-27,1724,I,20201125000000,,,N,
CAP301734,유명산글램핑,"일반야영장,글램핑",37.5930897,127.4871615,경기도 가평군 설악면 가일리 234,0,0,24,0,2,2,8,8,0,0,24,"전기,무선인터넷,장작판매,온수,산책로,마트, 편의점",,2020-11-20,2016-09-23,1733,I,20201125000000,,,N,
CAP301740,제이원빌리지,"일반야영장,글램핑",35.1317412,128.017368,경상남도 진주시 내동면 내축로 563번길 27-3,0,0,7,0,4,2,2,12,8,0,12,"전기,무선인터넷,온수,물놀이장,운동시설,마트, 편의점",,2020-11-20,2018-03-07,1739,I,20201125000000,,,N,
CAP301742,제천 모노레일 글램핑,글램핑,37.0019104,128.1338412,충북 제천시 청풍면 청풍명월로 898,0,0,8,0,8,8,8,10,1,1,10,"전기,무선인터넷,장작판매,온수,운동시설,마트, 편의점",,2020-11-20,2018-07-10,1741,I,20201125000000,,,N,
CAP301757,칠선계곡글램핑,"일반야영장,글램핑",35.390238,127.6977316,경남 함양군 마천면 칠선로 201,0,0,10,0,1,1,1,10,0,0,0,"전기,무선인터넷,장작판매,온수,운동시설",,2020-11-20,2016-07-27,1756,I,20201125000000,,,N,
CAP301760,탄도항 노을 캠핑장,"자동차야영장,카라반,글램핑",37.1944116,126.6454899,경기도 안산시 단원구 대부황금로 17-2  탄도항노을캠핑장,0,60,16,5,2,2,2,0,0,0,0,"트램폴린,물놀이장,운동장,마트, 편의점","트램펄린, 유아용 풀장, 족구장",2020-11-20,2014-10-29,1759,I,20201125000000,,,N,
CAP301763,파라독스캠핑,"일반야영장,글램핑",36.6201728,126.304464,충남 태안군 남면 마검포길162-31,0,0,10,0,2,2,1,12,1,1,10,"전기,무선인터넷,온수,물놀이장,놀이터,산책로,운동시설,마트, 편의점",,2020-11-20,2018-03-27,1762,I,20201125000000,,,N,
CAP301764,파인 글램핑,"자동차야영장,글램핑",37.2143767,127.5317816,경기 여주시 가남읍 경충대로 1483-25 파인 관광농원,4,0,10,0,2,2,1,0,0,0,0,산책로,"풋살장, 족구장, 수영장",2020-11-20,2015-09-04,1763,I,20201125000000,,,N,
CAP301771,프랭클리 글램핑,"일반야영장,글램핑",37.7284708,126.451105,인천 강화군 선원면 선행리 492-5 번지,0,0,5,0,0,0,0,5,0,0,5,"전기,무선인터넷,온수,물놀이장,놀이터,산책로,마트, 편의점",카페,2020-11-20,2018-07-06,1770,I,20201125000000,,,N,
CAP301778,홀스킹덤 글램핑,"일반야영장,글램핑",37.778308,127.244691,경기도 포천시 내촌면 소리개길 108-13,0,0,10,0,1,1,11,12,0,0,10,"전기,무선인터넷,온수,물놀이장,놀이터,산책로,운동시설",,2020-11-20,2018-05-04,1777,I,20201125000000,,,N,
CAP301783,힐링아일랜드 글램핑,"일반야영장,글램핑",34.8289692,127.9873806,경남 남해군 삼동면 지족리 1149-2번지,5,0,17,0,1,1,0,26,2,0,20,"전기,무선인터넷,장작판매,온수,트램폴린,물놀이장,놀이터,운동시설,마트, 편의점",,2020-11-20,2018-02-09,1782,I,20201125000000,,,N,
CAP301785,가평글램핑클럽레스피아,글램핑,37.6622328,127.5434061,경기도 가평군 설악면 위곡리  7-1,1,0,21,0,2,2,1,2,0,0,4,"전기,무선인터넷,장작판매,온수,물놀이장,산책로,마트, 편의점",,2020-11-20,2016-05-31,1784,I,20201125000000,,,N,
CAP301790,HJ글램핑&카라반,"카라반,글램핑",38.0598067,127.3875797,경기도 포천시 이동면 도평리  105-2,0,0,22,16,1,1,0,4,0,0,4,"전기,무선인터넷,장작판매,온수,트램폴린,물놀이장,놀이터,마트, 편의점",,2020-11-20,2016-07-04,1789,I,20201125000000,,,N,
CAP301794,가평 오렌지캠프,"자동차야영장,글램핑",37.9133831,127.5765247,경기 가평군 북면 멱골로272번길 7 가평오렌지캠프,22,7,22,0,4,4,6,20,0,0,20,"전기,무선인터넷,온수,물놀이장,운동시설",,2020-11-20,2016-05-04,1793,I,20201125000000,,,N,
CAP301805,남이섬힐링 캠핑장,"자동차야영장,글램핑",37.7722842,127.5362846,경기 가평군 가평읍 북한강변로 516,0,0,0,0,0,0,0,0,0,0,0,"온수,물놀이장,운동시설",,2020-11-20,2015-05-09,1804,I,20201125000000,,,N,
CAP301808,녹천캠핑,"일반야영장,자동차야영장,글램핑",37.8447877,127.348642,경기 가평군 조종면 운악청계로333번길 55-51 296-1,10,10,9,0,2,2,7,18,11,0,9,"전기,무선인터넷,장작판매,온수,트램폴린,물놀이장,놀이터,산책로,운동장,운동시설,마트, 편의점",,2020-11-20,2016-05-02,1807,I,20201125000000,,,N,
CAP301814,담양 금성산성 오토캠핑장,"일반야영장,글램핑",35.3677149,127.0344605,전남 담양군 금성면 새덕굴길 135-88 산90,30,0,8,0,3,1,17,120,0,0,8,"전기,장작판매,온수,물놀이장,놀이터,산책로,운동시설,마트, 편의점","카페운영중, 인터넷은 부분적으로 가능",2020-11-20,2014-08-22,1813,I,20201125000000,,,N,
CAP301815,두리캠핑장,"일반야영장,글램핑",37.5705242,126.7630615,인천 계양구 장제로 1145 (귤현동) 인천시 계양구 귤현동 28-1,39,0,14,0,2,1,1,0,0,0,0,"전기,무선인터넷,장작판매,온수,놀이터,산책로,운동장,운동시설,마트, 편의점",,2020-11-20,2015-05-07,1814,I,20201125000000,,,N,
CAP301818,레이크 캠핑장,"카라반,글램핑",37.7208791,127.4275823,경기 가평군 설악면 유명로 2569 레이크리조트,0,0,8,2,2,2,3,10,2,2,10,"전기,무선인터넷,장작판매,온수,물놀이장,놀이터,운동시설,마트, 편의점",수상레져 워터파크,2020-11-20,2016-03-29,1817,I,20201125000000,,,N,
CAP301819,리즈밸리 글램핑캠핑장,"카라반,글램핑",37.5915122,127.5128059,경기 가평군 설악면 어비산길 201-34 40,0,0,12,1,2,2,11,13,0,0,13,"전기,무선인터넷,장작판매,온수,트램폴린,물놀이장,놀이터,운동장,운동시설",,2020-11-20,2016-10-17,1818,I,20201125000000,,,N,
CAP301829,백운계곡캠핑장,"일반야영장,글램핑",38.766079,127.379209,경기도 포천시 이동면 도평리 272-3,0,0,0,0,0,0,0,0,0,0,0,,,2020-11-20,2017-06-14,1828,I,20201125000000,,,N,
CAP301833,별빛야영장,"일반야영장,자동차야영장,글램핑",36.1402922,128.996493,경상북도 영천시 화북면 별빛로 681-32,0,30,7,0,2,2,2,22,0,0,7,"전기,놀이터",,2020-11-20,2018-05-31,1832,I,20201125000000,,,N,
CAP301839,산으로간 니모 캠핑장,"자동차야영장,글램핑",37.854851,127.396992,경기 가평군 조종면 연인산로 670-321 산으로간니모,12,12,7,0,2,2,10,19,0,0,7,"전기,무선인터넷,장작판매,온수,트램폴린,물놀이장,놀이터,운동시설",,2020-11-20,2016-05-17,1838,I,20201125000000,,,N,
CAP301841,소풍캠핑장,"일반야영장,자동차야영장,글램핑",37.5951487,127.5084698,경기 가평군 설악면 어비산길 184-147 108,19,0,7,0,4,6,6,3,2,2,3,"전기,무선인터넷,장작판매,온수,물놀이장,놀이터,운동장,운동시설,마트, 편의점",족구장,2020-11-20,2016-07-14,1840,I,20201125000000,,,N,
CAP301843,솔바람캠핑장,"자동차야영장,글램핑",37.9041288,127.3746013,경기 가평군 조종면 명지산로 337-62 481-1,0,30,7,0,2,2,7,23,3,3,7,"전기,무선인터넷,장작판매,온수,트램폴린,물놀이장,놀이터,운동장,운동시설",,2020-11-20,2016-01-20,1842,I,20201125000000,,,N,
CAP301851,아름다운글램핑장,"일반야영장,글램핑",34.9079869,126.3374147,전남 신안군 압해읍 복룡로 669-12 147,0,0,6,0,1,0,1,6,1,0,6,"무선인터넷,장작판매,온수,놀이터,운동장",족구장,2020-11-20,2016-06-03,1850,I,20201125000000,,,N,
CAP301853,아침고요오토캠핑장,"카라반,글램핑",37.7476719,127.359182,경기 가평군 상면 임초밤안골로 306 623,0,0,32,20,2,2,0,52,0,0,52,"전기,무선인터넷,장작판매,온수,트램폴린,물놀이장,운동장,운동시설",,2020-11-20,2016-10-19,1852,I,20201125000000,,,N,
CAP301854,아트엔체험캠프,"일반야영장,글램핑",34.9994631,128.2860981,경상남도 고성군 대가면 연지리  279,0,40,8,0,2,1,3,45,5,1,15,"전기,무선인터넷,장작판매,온수,트램폴린,물놀이장,놀이터,산책로,운동장,운동시설,마트, 편의점",,2020-11-20,2016-02-29,1853,I,20201125000000,,,N,
CAP301855,알파고글램핑,"자동차야영장,글램핑",37.8220186,127.3204562,경기 가평군 상면 청군로 1565,9,0,7,0,4,2,6,11,14,1,7,"전기,무선인터넷,장작판매,온수,물놀이장,운동시설",,2020-11-20,2017-06-16,1854,I,20201125000000,,,N,
CAP301860,올덴캠핑장,"일반야영장,자동차야영장,카라반,글램핑",37.7022064,127.5169624,경기 가평군 청평면 고재길 262-64,1652,1652,1,4,2,2,1,15,0,0,12,"전기,무선인터넷,장작판매,온수,트램폴린,물놀이장,놀이터,산책로,운동장,운동시설,마트, 편의점",,2020-11-20,2017-05-24,1859,I,20201125000000,,,N,
CAP301863,용수 그린랜드,"자동차야영장,글램핑",37.8537932,127.3480863,경기 가평군 조종면 운악청계로491번길 87,6,6,15,0,4,2,6,16,16,0,16,"전기,무선인터넷,장작판매,온수,물놀이장,산책로,운동장,운동시설,마트, 편의점",,2020-11-20,2016-08-04,1862,I,20201125000000,,,N,
CAP301865,우리들 캠핑장,"일반야영장,글램핑",37.9028584,127.5586381,경기도 가평군 북면 화악산로 243,19,0,7,0,2,2,9,20,0,0,7,"전기,무선인터넷,장작판매,온수,트램폴린,물놀이장,놀이터,마트, 편의점",,2020-11-20,2017-02-07,1864,I,20201125000000,,,N,
CAP301874,이순신 글램핑,"일반야영장,글램핑",35.6065049,126.4699688,전북 부안군 변산면 궁항로 178,0,0,5,0,5,5,5,5,0,0,5,"전기,무선인터넷,장작판매,온수,물놀이장,놀이터",,2020-11-20,2016-01-05,1873,I,20201125000000,,,N,
CAP301881,주작산 별소리캠핑장,"일반야영장,글램핑",34.5143097,126.7030382,전남 강진군 신전면 삼인길 102-79 837-3,14,0,8,0,2,1,4,15,0,0,8,"전기,무선인터넷,장작판매,온수,트램폴린,물놀이장,놀이터,마트, 편의점",,2020-11-20,2016-06-30,1880,I,20201125000000,,,N,
CAP301887,캠핑어클락,"자동차야영장,카라반,글램핑",37.8472754,127.3775713,경기 가평군 조종면 연인산로474번길 27 캠핑어클락,26,0,6,0,2,2,12,16,0,0,6,"전기,무선인터넷,장작판매,온수,산책로,운동시설",,2020-11-20,2015-03-02,1886,I,20201125000000,,,N,
CAP301890,티앤글램핑,글램핑,37.8967245,127.5258699,경기 가평군 북면 꽃넘이길 55 534-3,0,0,12,0,8,8,6,15,4,4,12,"전기,무선인터넷,장작판매,온수,물놀이장,놀이터,운동시설",,2020-11-20,2016-05-26,1889,I,20201125000000,,,N,
CAP301891,파인빌 포레스트 야영장,글램핑,37.8779288,127.5778836,경기 가평군 가평읍 당목가일길 645,0,0,8,0,1,0,0,11,3,3,15,"전기,무선인터넷,장작판매,온수,물놀이장,놀이터,운동시설",카페테리아,2020-11-20,2016-06-20,1890,I,20201125000000,,,N,
CAP301896,포시즌 캠핑장,"일반야영장,카라반,글램핑",37.8270925,127.3203681,경기도 가평군 상면 태봉리  535,0,0,0,7,3,2,1,0,0,0,0,"놀이터,운동장,마트, 편의점",,2020-11-20,2015-09-10,1895,I,20201125000000,,,N,
CAP301897,푸른산페어웨이,글램핑,38.0691459,127.3108621,경기도 포천시 영북면 산정리 511 외 7필지,0,0,12,0,2,2,2,17,1,0,13,"전기,무선인터넷,장작판매,온수,놀이터,산책로,마트, 편의점",,2020-11-20,2020-10-27,1896,I,20201125000000,,,N,
CAP301899,플로렌스 글램핑& 캠핑,"자동차야영장,글램핑",37.8928651,127.550502,경기 가평군 북면 보안벚꽃길 54 1077-2,0,0,30,0,4,4,10,32,2,2,30,"전기,무선인터넷,장작판매,온수,물놀이장,놀이터,산책로,운동시설","전자레이지, 세면용 개수대 설치",2020-11-20,2015-07-15,1898,I,20201125000000,,,N,
CAP301909,힐링가평오토캠핑장,"자동차야영장,글램핑",37.7568926,127.4035868,경기 가평군 상면 청군로 316,0,40,2,0,2,2,7,25,0,0,2,"전기,무선인터넷,장작판매,온수,물놀이장,운동시설",,2020-11-20,2017-03-28,1908,I,20201125000000,,,N,
CAP301911,더포레스트 연지곤지점,"일반야영장,글램핑",37.3524902,127.3237019,경기 광주시 곤지암읍 경충대로 729 (삼리 444-2),0,0,0,0,0,0,0,0,0,0,0,"전기,무선인터넷,장작판매,마트, 편의점",,2020-11-20,2018-08-01,1910,I,20201125000000,,,N,
CAP301915,통영 편백숲길관광농원 캠핑장,"일반야영장,글램핑",34.838485,128.3901051,경남 통영시 천대국치길 297-10 (인평동) 통영 편백숲길관광농원 캠핑장,0,0,9,0,0,0,0,0,0,0,0,"전기,무선인터넷,장작판매,온수,물놀이장,산책로,마트, 편의점",,2020-11-20,2018-10-16,1914,I,20201125000000,,,N,
CAP301920,베스트필드,"일반야영장,글램핑",36.3658213,127.2575499,충남 공주시 반포면 동학사1로 65,0,0,31,0,1,1,0,31,0,0,31,"전기,무선인터넷,장작판매,온수,물놀이장,산책로,마트, 편의점","족욕장, 카페",2020-11-20,2018-06-29,1919,I,20201125000000,,,N,
CAP301924,늘예솔글램핑,"자동차야영장,글램핑",35.7642845,127.7368797,경남 거창군 북상면 덕유월성로 1384-5,3,0,5,0,0,0,0,0,0,0,0,"전기,무선인터넷,장작판매,온수,운동시설",,2020-11-20,2019-01-15,1923,I,20201125000000,,,N,
CAP301925,아쿠아마린캠핑장,글램핑,38.0477085,127.3765695,"경기 포천시 이동면 성장로1289번길 204 333, 334번지",1,0,21,0,0,0,0,0,0,0,0,"전기,무선인터넷,장작판매,온수,트램폴린,물놀이장,운동시설",,2020-11-20,2019-01-23,1924,I,20201125000000,,,N,
CAP301970,썬샤인캠프,"카라반,글램핑",37.683224,127.470277,경기 가평군 설악면 유명로 1939-26,0,0,19,15,0,0,0,0,0,0,0,"전기,무선인터넷,장작판매,온수,물놀이장,운동시설",,2020-11-20,2019-05-29,1969,I,20201125000000,,,N,
CAP302075,BABO글램핑,"일반야영장,글램핑",35.3843285,128.0664068,경남 산청군 생비량면 상능로150번길 178,0,0,9,0,2,2,1,15,1,1,9,"전기,무선인터넷,장작판매,온수,물놀이장,산책로,운동장,운동시설,마트, 편의점",,2020-11-20,2017-07-17,2074,I,20201125000000,,,N,
CAP302079,합천해피캠핑,"일반야영장,카라반,글램핑",35.5343931,127.9998733,경남 합천군 대병면 서부로 2228,0,0,0,0,0,0,0,0,0,0,0,,,2020-11-20,2018-06-07,2078,I,20201125000000,,,N,
CAP302086,농업회사법인 다온숲 주식회사,"일반야영장,글램핑",36.642983,127.2537753,세종특별자치시 전동면 깊은내길 213,0,0,17,0,3,12,1,0,0,0,0,"전기,무선인터넷,장작판매,온수",,2020-11-20,2018-07-26,2085,I,20201125000000,,,N,
CAP302093,비토애,글램핑,34.9835837,127.9668384,경남 사천시 서포면 토끼로 234,0,0,5,0,0,0,0,0,0,0,0,"전기,무선인터넷,장작판매,온수,물놀이장,산책로",,2020-11-20,2019-01-18,2092,I,20201125000000,,,N,
CAP302095,산책,글램핑,37.9364988,127.5408827,경기 가평군 북면 화악산로 943-40,0,0,5,0,0,0,0,0,0,0,0,"전기,무선인터넷,온수,물놀이장",,2020-11-20,2019-02-07,2094,I,20201125000000,,,N,
CAP302096,고창갯벌오토캠핑&글램핑장,"자동차야영장,글램핑",35.5271805,126.5400725,전북 고창군 심원면 두어1길 55-25,0,25,9,0,0,0,0,0,0,0,0,"전기,무선인터넷,장작판매,온수,트램폴린,물놀이장,놀이터,산책로,운동장,마트, 편의점",,2020-11-20,2019-02-07,2095,I,20201125000000,,,N,
CAP302106,라무캠핑장,글램핑,37.9544513,127.4781441,경기 가평군 북면 가화로 2372-42,0,0,8,0,0,0,0,0,0,0,0,"전기,무선인터넷,물놀이장,운동시설,마트, 편의점",,2020-11-20,2019-02-21,2105,I,20201125000000,,,N,
CAP302109,에제르파크,"자동차야영장,카라반,글램핑",37.4570283,126.7719438,인천 남동구 만의골로 155 (장수동),1,0,6,1,0,0,0,0,0,0,0,"전기,무선인터넷,온수,트램폴린,물놀이장,산책로,운동시설,마트, 편의점",숯,2020-11-20,2019-02-25,2108,I,20201125000000,,,N,
CAP302118,청도 어울림 글램핑 타운,"자동차야영장,글램핑",35.7089713,128.818137,경북 청도군 매전면 관하실길 28-42,8,0,3,0,2,2,1,12,0,1,0,"전기,장작판매,온수,물놀이장",,2020-11-20,2019-03-04,2117,I,20201125000000,,,N,
CAP302124,그라티아 글램핑,글램핑,37.8152742,127.4547662,경기 가평군 가평읍 태봉두밀로 421-24,0,0,10,0,0,0,0,0,0,0,0,"전기,무선인터넷,온수,물놀이장,운동시설",,2020-11-20,2019-03-14,2123,I,20201125000000,,,N,
CAP302127,팜스토리,"일반야영장,글램핑",35.8041012,128.9764245,경북 청도군 운문면 운북로 443-18,0,10,10,0,2,2,1,15,0,0,10,"전기,장작판매,온수,물놀이장,놀이터,산책로,운동시설",,2020-11-20,2019-03-26,2126,I,20201125000000,,,N,
CAP302130,충주커피박물관 글램핑카라반펜션,"카라반,글램핑",36.9045459,128.0145503,충북 충주시 살미면 월악로 432,0,0,5,2,4,4,3,7,0,0,7,"전기,무선인터넷,장작판매,온수,물놀이장,놀이터,운동장","커피박물관, 향수마켓, 커피숍, 포토존, 전망대, 펜션",2020-11-20,2019-03-28,2129,I,20201125000000,,,N,
CAP302137,펫 트리파크,"일반야영장,글램핑",37.1029014,127.7103409,충북 충주시 앙성면 둔터로 625-31,0,0,0,0,0,0,0,0,0,0,0,,,2020-11-20,2019-04-04,2136,I,20201125000000,,,N,
CAP302144,해오름 글램핑,"일반야영장,자동차야영장,카라반,글램핑",37.778773,127.146514,경기 포천시 소흘읍 광릉수목원로874번길 9,23,0,9,7,0,0,0,0,0,0,0,"전기,무선인터넷,장작판매,온수,트램폴린,물놀이장,운동시설",키즈카페,2020-11-20,2019-04-23,2143,I,20201125000000,,,N,
CAP302145,오페라캠핑장,"자동차야영장,글램핑",37.8022444,128.0042054,강원 홍천군 내촌면 아홉사리로 104-15,15,0,15,0,0,0,0,0,0,0,0,"전기,무선인터넷,운동시설",,2020-11-20,2019-02-08,2144,I,20201125000000,,,N,
CAP302157,풀앤밸리야영장,"자동차야영장,글램핑",37.9931403,128.6526262,강원 양양군 현북면 남대천로 1352,16,0,9,0,0,0,0,0,0,0,0,"전기,무선인터넷,장작판매,물놀이장,운동시설",,2020-11-20,2019-05-14,2156,I,20201125000000,,,N,
CAP302159,정화네 불한증막 힐링캠프,"자동차야영장,글램핑",35.6015085,126.7615335,전북 정읍시 고부면 덕신강길 148-4,0,0,3,0,3,7,3,3,0,0,3,"전기,장작판매,온수,물놀이장",,2020-11-20,2019-05-16,2158,I,20201125000000,,,N,
CAP302162,민둥산글램핑,글램핑,37.2353021,128.7821272,강원 정선군 남면 지장천로 146-47,0,0,5,0,0,0,0,0,0,0,0,"전기,무선인터넷,장작판매,온수,물놀이장,운동시설",,2020-11-20,2019-05-20,2161,I,20201125000000,,,N,
CAP302164,용추솔밭관광농원,"자동차야영장,글램핑",35.6761566,127.7756497,경남 함양군 안의면 용추계곡로 494-6,5,0,2,0,0,0,0,0,0,0,0,"전기,무선인터넷,장작판매,온수,트램폴린,물놀이장,운동시설",,2020-11-20,2019-05-21,2163,I,20201125000000,,,N,
CAP302170,히어리캠핑장,"일반야영장,자동차야영장,카라반,글램핑",37.1050098,128.6028469,강원 영월군 김삿갓면 김삿갓로 587-6 히어리캠핑장,50,0,3,0,2,2,1,10,0,0,10,"전기,무선인터넷,장작판매,온수,물놀이장,놀이터,운동시설,마트, 편의점",● 수영장● 야외바베큐장● 평상● 족구장● 매점,2020-11-20,2019-05-31,2169,I,20201125000000,,,N,
CAP302175,경기도청소년야영장,"자동차야영장,글램핑",37.4221293,127.3767294,경기 광주시 퇴촌면 천진암로 1243 경기도청소년야,0,20,13,0,3,8,22,0,0,0,0,"전기,온수,산책로,운동장",,2020-11-20,2001-05-18,2174,I,20201125000000,,,N,
CAP302178,우리두리글램핑장,"자동차야영장,글램핑",37.366578,128.27244,강원 영월군 무릉도원면 백년계곡길 15-5,0,0,14,0,14,14,14,15,0,1,14,"전기,무선인터넷,장작판매,온수,트램폴린,물놀이장,놀이터,운동장,운동시설",,2020-11-20,2019-06-20,2177,I,20201125000000,,,N,
CAP302179,블루파크,글램핑,37.8731556,127.278414,경기 포천시 화현면 봉화로 267,0,0,5,0,0,0,0,0,0,0,0,"전기,무선인터넷,장작판매,운동시설",,2020-11-20,2019-06-03,2178,I,20201125000000,,,N,
CAP302182,산유리캠핑장,글램핑,37.7584693,127.5040835,경기 가평군 가평읍 분자골로 91,0,0,5,0,0,0,0,0,0,0,0,물놀이장,,2020-11-20,2019-06-07,2181,I,20201125000000,,,N,
CAP302189,산중호걸 글램핑,"자동차야영장,카라반,글램핑",38.0907243,127.3715966,경기 포천시 이동면 금강로6263번길 182-73,1,0,18,7,0,0,0,0,0,0,0,"전기,무선인터넷,장작판매,온수,트램폴린,물놀이장,운동시설",,2020-11-20,2019-06-13,2188,I,20201125000000,,,N,
CAP302194,동해 주노글램핑장,글램핑,37.4719302,129.1538581,강원 동해시 쉬눔길 80 (추암동),0,0,8,0,0,0,0,0,0,0,0,"전기,무선인터넷,트램폴린,물놀이장",,2020-11-20,2019-06-25,2193,I,20201125000000,,,N,
CAP302197,풀무골 글램핑장,"카라반,글램핑",37.122232,127.286738,경기 안성시 고삼면 쌍지길 292 경기도 안성시 고삼면 쌍지리 151-7번지,0,0,7,3,0,0,0,0,0,0,0,"전기,무선인터넷,장작판매,온수,물놀이장",,2020-11-20,2019-06-27,2196,I,20201125000000,,,N,
CAP302199,오하브,"자동차야영장,글램핑",37.8961216,127.5269003,경기 가평군 북면 꽃넘이길 43,4,0,3,0,10,8,6,3,3,3,3,"전기,무선인터넷,장작판매,온수,물놀이장,운동시설",,2020-11-20,2019-07-04,2198,I,20201125000000,,,N,
CAP302208,오션포레글램핑,글램핑,35.057114,128.390766,경남 고성군 회화면 회진로 321,0,0,27,0,0,0,0,0,0,0,0,"트램폴린,물놀이장,운동시설","실내놀이방,텃밭체험장",2020-11-20,2019-07-04,2207,I,20201125000000,,,N,
CAP302210,서해캠핑장,"카라반,글램핑",37.4572174,126.368155,"인천 중구 용유서로423번길 37 (을왕동) 인천광역시 중구 을왕동 810-308, 810-310",0,0,6,10,0,0,0,0,0,0,0,"전기,무선인터넷,장작판매,온수,운동시설",,2020-11-20,2019-07-09,2209,I,20201125000000,,,N,
CAP302214,케이엘리조트,글램핑,37.7011865,127.4545775,경기 가평군 설악면 유명로 2204,0,0,12,0,0,0,0,0,0,0,0,"전기,무선인터넷,장작판매,온수,운동시설",,2020-11-20,2019-07-10,2213,I,20201125000000,,,N,
CAP302224,영암 글램핑,글램핑,34.830965,126.590701,전남 영암군 시종면 신학1로 47,0,0,25,0,2,2,3,0,0,0,0,"전기,무선인터넷,장작판매,온수,트램폴린,물놀이장,놀이터,마트, 편의점",,2020-11-20,2019-07-18,2223,I,20201125000000,,,N,
CAP302225,영덕 더스트림 카라반야영장,"카라반,글램핑",36.393568,129.414607,경북 영덕군 강구면 영덕대게로 579,0,0,0,2,1,1,1,2,0,0,2,"전기,무선인터넷,온수,놀이터,운동시설",,2020-11-20,2019-07-18,2224,I,20201125000000,,,N,
CAP302227,에스글램핑,"일반야영장,글램핑",36.7173568,127.1295602,충남 천안시 동남구 풍세면 호정1길 28-17,0,0,27,0,27,27,27,27,0,0,27,"전기,무선인터넷,장작판매,온수,트램폴린,물놀이장,운동장,운동시설,마트, 편의점","평상, 음식점",2020-11-20,2019-07-19,2226,I,20201125000000,,,N,
CAP302229,포레스트 캠핑장,"자동차야영장,글램핑",37.8735358,127.2783098,경기 포천시 화현면 봉화로 269,15,0,11,0,0,0,0,0,0,0,0,"물놀이장,운동시설",,2020-11-20,2019-07-19,2228,I,20201125000000,,,N,
CAP302236,자연에 머물다,"자동차야영장,글램핑",37.9720851,127.5854661,강원 춘천시 사북면 화악지암길 186,3,0,8,0,0,0,0,20,1,1,8,"전기,무선인터넷,온수,트램폴린,놀이터,운동시설",,2020-11-20,2019-06-10,2235,I,20201125000000,,,N,
CAP302241,핀란드캠핑성,글램핑,37.836423,127.316293,경기 가평군 상면 물골길 102,0,0,15,0,0,0,0,0,0,0,0,"전기,무선인터넷,장작판매,온수,트램폴린,물놀이장,운동시설",,2020-11-20,2019-08-02,2240,I,20201125000000,,,N,
CAP302248,마인드 글램퍼스,글램핑,37.5805759,127.6814533,경기 양평군 단월면 대부록길 37,0,0,6,0,0,0,0,0,0,0,0,"전기,무선인터넷,온수,마트, 편의점",,2020-11-20,2019-08-12,2247,I,20201125000000,,,N,
CAP302252,솔밭마을,"자동차야영장,글램핑",37.071766,127.0750548,경기 평택시 지산로140번길 241-15 (지산동),0,0,0,0,0,0,0,0,0,0,0,,,2020-11-20,2019-09-20,2251,I,20201125000000,,,N,
CAP302253,태백구문소힐링캠프,글램핑,37.0820316,129.0483699,강원 태백시 태백로 2417 (동점동),0,0,22,0,0,0,0,0,0,0,0,"전기,무선인터넷,장작판매,온수,트램폴린,물놀이장",카페,2020-11-20,2019-08-22,2252,I,20201125000000,,,N,
CAP302254,세계캠핑체험존,글램핑,38.0073762,127.0621349,경기 연천군 전곡읍 선사로 123,5,0,14,0,0,0,0,0,0,0,0,"전기,무선인터넷,물놀이장,산책로,운동시설",,2020-11-20,2019-08-23,2253,I,20201125000000,,,N,
CAP302255,밀양189 야영장,"자동차야영장,글램핑",35.4823503,128.770863,경남 밀양시 용평로5길 282 (용평동),25,0,4,0,0,0,0,0,0,0,0,"전기,무선인터넷,장작판매,온수,트램폴린,물놀이장,운동장,마트, 편의점",카페이용10%할인,2020-11-20,2019-08-23,2254,I,20201125000000,,,N,
CAP302256,별보미 관광농원,"일반야영장,자동차야영장,글램핑",37.9666339,127.1902824,경기 포천시 신북면 포천로 2447,10,10,7,0,3,5,20,22,5,5,7,"전기,무선인터넷,장작판매,온수,물놀이장,운동시설",썰매장,2020-11-20,2019-08-23,2255,I,20201125000000,,,N,
CAP302260,화원684글램핑,글램핑,34.759605,126.291803,전남 해남군 화원면 매봉길 528-8,0,0,12,0,0,0,0,0,0,0,0,"전기,무선인터넷,장작판매,온수,트램폴린,물놀이장,마트, 편의점",,2020-11-20,2019-08-29,2259,I,20201125000000,,,N,
CAP302261,(주)오리장림 관광농원 자동차야영장,"일반야영장,글램핑",36.1006799,128.9118199,경북 영천시 화북면 천문로 2118,0,2,5,0,0,0,0,0,0,0,0,,"화장실, 샤워실",2020-11-20,2019-09-03,2260,I,20201125000000,,,N,
CAP302270,팜스테이글램핑앤펜션,글램핑,37.6701166,127.3946473,경기 가평군 청평면 북한강로1636번길 133,0,0,8,0,0,0,0,0,0,0,0,,,2020-11-20,2019-09-09,2269,I,20201125000000,,,N,
CAP302271,불스글램핑 함평점,글램핑,35.0941925,126.4768727,전남 함평군 함평읍 장년길 40,0,0,10,0,0,0,0,0,0,0,0,"전기,무선인터넷,장작판매,온수,트램폴린,물놀이장,운동장,마트, 편의점",,2020-11-20,2019-09-09,2270,I,20201125000000,,,N,
CAP302273,연지곤지팜캠핑장,"자동차야영장,글램핑",37.7673365,127.1693863,경기 포천시 소흘읍 직동길 48,10,0,10,0,0,0,0,0,0,0,0,"전기,장작판매,물놀이장,운동시설",,2020-11-20,2019-09-16,2272,I,20201125000000,,,N,
CAP302275,카우 글램핑,글램핑,34.9844774,127.9683722,경남 사천시 서포면 토끼로 262,0,0,7,0,0,0,0,0,0,0,0,"전기,무선인터넷",,2020-11-20,2019-09-20,2274,I,20201125000000,,,N,
CAP302277,아지트글램핑농원,글램핑,37.9088103,127.3073038,경기 포천시 화현면 화동로477번길 1,0,0,8,0,0,0,0,0,0,0,0,"전기,무선인터넷,장작판매,트램폴린,물놀이장,운동시설",,2020-11-20,2019-09-25,2276,I,20201125000000,,,N,
CAP302280,아쿠아베이(주) 글램핑,글램핑,36.04302,129.3733804,경북 포항시 남구 운하로 207-21 (송도동),0,0,8,0,2,3,2,8,0,0,8,"전기,무선인터넷,장작판매,온수,물놀이장,놀이터,운동장,운동시설,마트, 편의점",,2020-11-20,2019-10-04,2279,I,20201125000000,,,N,
CAP302283,토리아이글램핑,글램핑,37.6809637,127.5912886,강원 홍천군 서면 설밀길 190-20,0,0,9,0,0,0,0,0,0,0,0,"전기,무선인터넷,온수,트램폴린,물놀이장,놀이터,운동시설,마트, 편의점","키즈존,카페",2020-11-20,2019-10-21,2282,I,20201125000000,,,N,
CAP302288,인스타글램,"자동차야영장,글램핑",37.979273,127.606532,강원 춘천시 사북면 화악지암길 420-11,0,0,5,0,5,5,5,5,1,1,5,"전기,무선인터넷,장작판매,온수",,2020-11-20,2019-11-06,2287,I,20201125000000,,,N,
CAP302295,(유)금강 두승산 글램핑,글램핑,35.5937578,126.7957984,전북 정읍시 고부면 영원로 222-15,0,0,9,0,0,0,0,0,0,0,0,"전기,무선인터넷,온수,물놀이장,운동시설",,2020-11-20,2019-11-13,2294,I,20201125000000,,,N,
CAP302299,가온빌리지,"자동차야영장,글램핑",35.4929578,128.8155887,경남 밀양시 산외면 산외강변로 309,29,0,8,0,0,0,0,0,0,0,0,"전기,무선인터넷,장작판매,온수,트램폴린,운동시설,마트, 편의점","카페,어린이쉼터,휴게소,바비큐랑,애견놀이터",2020-11-20,2019-11-15,2298,I,20201125000000,,,N,
CAP302307,루파니애견캠핑장,"자동차야영장,글램핑",36.8591986,127.8758459,충북 괴산군 감물면 감물로 362-54,12,0,1,0,2,2,1,6,1,1,5,"전기,장작판매,온수,물놀이장,산책로,운동시설",,2020-11-20,2019-12-27,2306,I,20201125000000,,,N,
CAP302309,경호강변오토캠핑장,"일반야영장,카라반,글램핑",35.4869357,127.8134582,경남 산청군 생초면 산수로1153번길 92,0,12,5,5,0,0,0,0,0,0,0,"전기,무선인터넷,장작판매,온수,트램폴린,물놀이장,운동시설",,2020-11-20,2019-12-04,2308,I,20201125000000,,,N,
CAP302312,봉스글램핑,글램핑,35.735467,127.8566611,경남 거창군 마리면 풍계1길 27-71,0,0,22,0,0,0,0,0,0,0,0,"전기,무선인터넷,트램폴린,물놀이장,산책로,운동시설",,2020-11-20,2019-12-12,2311,I,20201125000000,,,N,
CAP302313,죠스글램핑,글램핑,37.89064,127.1059217,경기 동두천시 삼육사로 1422-34 (탑동동),0,0,10,0,0,0,0,0,0,0,0,"전기,무선인터넷,장작판매,온수,트램폴린,물놀이장,놀이터,운동시설,마트, 편의점",,2020-11-20,2019-12-17,2312,I,20201125000000,,,N,
CAP302314,죠스캠핑장,"자동차야영장,글램핑",37.8906169,127.105688,경기 동두천시 삼육사로 1422-36 (탑동동),1,0,10,0,0,0,0,0,0,0,0,"전기,무선인터넷,장작판매,온수,트램폴린,물놀이장,놀이터,운동시설,마트, 편의점",,2020-11-20,2019-12-17,2313,I,20201125000000,,,N,
CAP302316,뚜뚜글램핑,글램핑,37.818555,127.457716,경기 가평군 가평읍 태봉두밀로406번길 14-27,0,0,5,0,0,0,0,0,0,0,0,"전기,무선인터넷,물놀이장",,2020-11-20,2019-12-18,2315,I,20201125000000,,,N,
CAP302321,휴랜드관광농원,"일반야영장,카라반,글램핑",38.078483,127.3886788,경기 포천시 이동면 금강로 6159-7,0,12,5,2,0,0,0,0,0,0,0,"전기,무선인터넷,장작판매,온수,트램폴린,물놀이장,놀이터,운동시설",,2020-11-20,2019-12-31,2320,I,20201125000000,,,N,
CAP302335,J글램핑,"일반야영장,글램핑",34.9662981,127.9755765,경남 사천시 서포면 거북길 468-116,1,0,27,0,29,29,30,30,0,6,27,"전기,무선인터넷,장작판매,온수,산책로,마트, 편의점",,2020-11-20,2020-01-23,2334,I,20201125000000,,,N,
CAP302376,청평원레저타운,"일반야영장,카라반,글램핑",37.6999473,127.3948414,경기도 가평군 청평면 삼회리 185-8번지,0,0,13,0,0,0,0,0,0,0,0,,,2020-11-20,2015-12-31,2375,I,20201125000000,,,N,
CAP302398,천사섬캠핑&글램핑,"일반야영장,글램핑",34.9228141,126.0746639,전남 신안군 자은면 한운길 159,0,0,0,0,0,0,0,0,0,0,0,,,2020-11-20,2020-06-05,2397,I,20201125000000,,,N,
CAP302401,메아리 글램핑장,"일반야영장,글램핑",34.7913092,127.5669281,전남 여수시 소라면 해넘이길 217,0,0,0,0,0,0,0,0,0,0,0,,,2020-11-20,2020-06-11,2400,I,20201125000000,,,N,
CAP302402,아레나글램핑,"일반야영장,글램핑",37.6895066,127.7313256,강원 홍천군 북방면 노일로 344-13,0,0,5,0,5,5,5,5,1,1,5,"전기,무선인터넷,장작판매,물놀이장,마트, 편의점",,2020-11-20,2020-06-12,2401,I,20201125000000,,,N,
CAP302405,멍글멍글 펫 글램핑,"일반야영장,글램핑",36.7168529,127.367425,충북 청주시 청원구 오창읍 오산가좌로 650-28,0,0,0,0,0,0,0,0,0,0,0,,,2020-11-20,2020-06-16,2404,I,20201125000000,,,N,
CAP302410,아라미르글램핑,"일반야영장,글램핑",37.7007401,126.3355743,인천 강화군 삼산면 삼산북로 332,0,0,0,0,0,0,0,0,0,0,0,,,2020-11-20,2020-06-18,2409,I,20201125000000,,,N,
CAP302424,에버그린빌리지,"자동차야영장,글램핑",37.944725,127.5373682,경기 가평군 북면 화악산로 1039-7,0,20,7,0,0,0,0,0,0,0,0,"전기,무선인터넷,장작판매,물놀이장,운동시설",찜질방,2020-11-20,2017-04-21,2423,I,20201125000000,,,N,
CAP302429,하늘바다글램핑,"일반야영장,글램핑",37.5842863,126.5158984,인천광역시 강화군 길상면 동검리 125-95,0,0,0,0,0,0,0,0,0,0,0,,,2020-11-20,2020-07-01,2428,I,20201125000000,,,N,
CAP302471,범도아리아글램핑,"일반야영장,글램핑",35.5222172,128.9074993,경남 밀양시 단장면 아불1길 12,0,0,0,0,0,0,0,0,0,0,0,,,2020-11-20,2020-08-04,2470,I,20201125000000,,,N,
CAP302507,아우노펠리스,"자동차야영장,글램핑",36.0035029,128.9564473,경북 영천시 상신기길 150 (언하동),0,0,0,0,0,0,0,0,0,0,0,,,2020-11-20,2020-09-02,2506,I,20201125000000,,,N,
CAP302510,"\몽고몽고글램핑	\""""","일반야영장,글램핑",37.6801882,127.7561728,강원 홍천군 남면 남노일로 1162,1,0,14,0,2,4,0,18,2,14,16,"무선인터넷,장작판매,온수,산책로,마트, 편의점",,2020-11-20,2020-10-05,2509,I,20201125000000,,,N,
