,조회수,제목,주소,전기,온수,마트.편의점,트렘폴린,운동장,놀이터,산책로,장작판매,물놀이장,와이파이,운동시설
33,36970,알멕스랜드캠핑장,경기도 연천군 왕징면 왕산로 218번길 25-100 ,1,1,1,1,1,1,1,1,1,1,1
129,22224,함평나비마을 서울캠핑장,전라남도 함평군 함평읍 함장로 730 ,1,1,1,1,1,1,1,1,1,1,1
189,19657,고성잔디캠핑장,경남 고성군 하일면 용태리 479 ,1,1,1,1,1,1,1,1,1,1,1
202,19099,청도 그린나래 오토캠핑장,경북 청도군 매전면 송원길 122-3 ,1,1,1,1,1,1,1,1,1,1,1
302,17172,드림랜드오토캠핑장,경북 영천시 고경면 고도길 38 ,1,1,1,1,1,1,1,1,1,1,1
321,16973,솔뜰 캠핑장,경기 양평군 옥천면 사기점길 49-15 ,1,1,1,1,1,1,1,1,1,1,1
429,15694,엘포리글램핑, ,1,1,1,1,1,1,1,1,1,1,1
505,15022,마로니에숲 캠핑장,충북 옥천군 이원면 장찬길 159-73 ,1,1,1,1,1,1,1,1,1,1,1
575,14524,백마강오토캠핑장,충남 부여군 규암면 왕흥로 424 ,1,1,1,1,1,1,1,1,1,1,1
610,14309,보리산캠핑장,경기 가평군 설악면 한서로 421-259 ,1,1,1,1,1,1,1,1,1,1,1
635,14055,산들래 야영장,경기도 화성시 비봉면 자청로207번길 21-73  ,1,1,1,1,1,1,1,1,1,1,1
660,13959,페리오캠핑장,경북 울진군 울진읍 울진북로 906 ,1,1,1,1,1,1,1,1,1,1,1
701,13627,아트엔체험캠프,경남 고성군 대가면 무량로 251 ,1,1,1,1,1,1,1,1,1,1,1
718,13460,올덴캠핑장,경기 가평군 청평면 고재길 262-64 ,1,1,1,1,1,1,1,1,1,1,1
813,12976,키즈드림 캠핑장,충북 보은군 내북면 남부로 5825-6 ,1,1,1,1,1,1,1,1,1,1,1
831,12850,새연카라반리조트,경기 가평군 조종면 운악청계로333번길 86 ,1,1,1,1,1,1,1,1,1,1,1
1077,11629,자일랜드,경기도 포천시 영북면 호국로4350번길 154-187  ,1,1,1,1,1,1,1,1,1,1,1
1084,11611,펜션600 캠핑장,경북 경주시 장골길 61 (동방동) ,1,1,1,1,1,1,1,1,1,1,1
1095,11424,오글오글오토캠핑장,경상북도 경주시 산내면 문복로 1637-32  ,1,1,1,1,1,1,1,1,1,1,1
1096,11423,별찌 야영장,경상북도 청도군 운문면 신원4길 2  ,1,1,1,1,1,1,1,1,1,1,1
1356,3957,폰타나리조트,충남 서산시 팔봉면 팔봉2로 29 ,1,1,1,1,1,1,1,1,1,1,1
1364,3927,파크킹,경북 김천시 어모면 은림로 62-11 ,1,1,1,1,1,1,1,1,1,1,1
1387,3551,솔부엉이 캠핑장,충북 음성군 음성읍 음성로826번길 6-9 ,1,1,1,1,1,1,1,1,1,1,1
1420,3209,알로프랑스,경북 김천시 어모면 은림로 62-11 ,1,1,1,1,1,1,1,1,1,1,1
401,15949,캠프리카캠핑장, ,1,1,0,1,1,1,1,1,1,1,1
1060,11750,이레캠핑장,경기 포천시 군내면 청군로2985번길 148 ,1,1,0,1,1,1,1,1,1,1,1
45,32608,당항포 오토캠핑장,경남 고성군 회화면 당항만로 1116 ,1,1,1,0,1,1,1,1,1,1,1
57,30271,연천재인폭포오토캠핑장,경기도 연천군 연천읍 고문리 117-1번지 ,1,1,1,0,1,1,1,1,1,1,1
69,26112,설뫼충효테마파크야영장,경남 의령군 부림면 입산로 22-2  ,1,1,1,0,1,1,1,1,1,1,1
113,23069,505펜션&캠핑(오공오),충남 공주시 사곡면 호계황골길 43 ,1,1,1,0,1,1,1,1,1,1,1
580,14506,서대산 드림 캠핑파크,충남 금산군 추부면 성당로 247 ,1,1,1,0,1,1,1,1,1,1,1
857,12721,문경레저투어 캠핑장,경상북도 문경시 진남3길 6-0  ,1,1,1,0,1,1,1,1,1,1,1
931,12461,제천캠핑랜드,충청북도 제천시 봉양읍 명도리 326  ,1,1,1,0,1,1,1,1,1,1,1
962,12237,대명캠프 팜랜드,충청남도 보령시 청소면 신송리 455-4 ,1,1,1,0,1,1,1,1,1,1,1
1151,11087,Camp 1950 by 민들레울,김천시 대덕면 남김천대로 160 ,1,1,1,0,1,1,1,1,1,1,1
1222,8383,멍글멍글 펫 글램핑,충북 청주시 청원구 오창읍 오산가좌로 650-28 ,1,1,1,0,1,1,1,1,1,1,1
76,25465,금오도 야영장,전라남도 여수시 대유길 36-2  ,1,1,0,0,1,1,1,1,1,1,1
86,24970,워렉스 캠핑랜드,전라남도 화순군 한천면 죽헌로 376-37 ,1,1,0,0,1,1,1,1,1,1,1
480,15224,용인단풍숲캠핑장,경기 용인시 처인구 원삼면 보개원삼로1462번길 14-23 258-14 ,1,1,0,0,1,1,1,1,1,1,1
694,13728,단양 천동계곡 캠핑장 그린농원,충북 단양군 단양읍 천동4길 10-8 ,1,1,0,0,1,1,1,1,1,1,1
1149,11089,카카오캠핑장,경상북도 안동시 예안면 장갈로 39  ,1,1,0,0,1,1,1,1,1,1,1
1298,4529,산내 명수관광농원,경북 경주시 산내면 장사길 46-17 ,1,1,0,0,1,1,1,1,1,1,1
224,18291,귀한농부학교 캠핑장,경기 파주시 법원읍 술이홀로1333번길 128 ,1,1,1,1,0,1,1,1,1,1,1
318,17015,(주)디노담양힐링파크 지점,전남 담양군 봉산면 탄금길 9-26 ,1,1,1,1,0,1,1,1,1,1,1
428,15724,양주송천캠핑장,경기 양주시 백석읍 기산로440번길 74-19 ,1,1,1,1,0,1,1,1,1,1,1
1062,11727,홍산관광농원,충청남도 부여군 홍산면 상천리 465  ,1,1,1,1,0,1,1,1,1,1,1
1241,7400,함양라온캠핑장,경남 함양군 서하면 육십령로 2991 ,1,1,1,1,0,1,1,1,1,1,1
352,16550,가족소풍캠핑장,전남 담양군 용면 용소길 6 ,1,1,0,1,0,1,1,1,1,1,1
578,14512,범산골캠핑장,경기 양주시 광적면 부흥로34번길 17 ,1,1,0,1,0,1,1,1,1,1,1
657,13981,광릉솔개캠핑장,경기 포천시 소흘읍 광릉수목원로779번길 120 ,1,1,0,1,0,1,1,1,1,1,1
749,13312,비발디 캠핑파크,강원도 홍천군 서면 한서로 1031-11 ,1,1,0,1,0,1,1,1,1,1,1
784,13134,얼음골 야영장,경상남도 고성군 상리면 삼상로 1411 ,1,1,0,1,0,1,1,1,1,1,1
830,12866,경호강 캠핑장,경상남도 산청군 단성면 방목리 627  ,1,1,0,1,0,1,1,1,1,1,1
844,12785,대성글램핑,경상북도 칠곡군 북삼읍 숭오리 879 ,1,1,0,1,0,1,1,1,1,1,1
153,20640,성주자연오토캠핑장,경북 성주군 가천면 동신로 803 ,1,1,1,0,0,1,1,1,1,1,1
220,18482,아잘리아 그린,충청남도 당진시 대호나루터길 105-75  ,1,1,1,0,0,1,1,1,1,1,1
231,18186,웅이네캠핑장,전북 순창군 복흥면 용지길 7-50 ,1,1,1,0,0,1,1,1,1,1,1
277,17455,괴강국민여가캠핑장,충북 괴산군 괴산읍 충민로검승3길 10 ,1,1,1,0,0,1,1,1,1,1,1
303,17148,깊은골캠핑장,전라북도 무주군 구천동로 1284-6  ,1,1,1,0,0,1,1,1,1,1,1
642,14015,문경 카라반파파,경북 문경시 가은읍 왕능강변길 71 ,1,1,1,0,0,1,1,1,1,1,1
654,13986,바다의 별 관광농원,경기 안산시 단원구 부흥로 359-14 (대부남동) ,1,1,1,0,0,1,1,1,1,1,1
745,13325,문경수예리오토캠핑장,경상북도 문경시 가은읍 작약로 576 ,1,1,1,0,0,1,1,1,1,1,1
1252,6717,산청펫글램핑,경남 산청군 금서면 화계오봉로 349-35 ,1,1,1,0,0,1,1,1,1,1,1
1263,6027,가산산성마을 캠핑장,경북 칠곡군 가산면 가산로 891 ,1,1,1,0,0,1,1,1,1,1,1
1299,4521,카라반파크 아마존,전북 완주군 구이면 항가리 1203 ,1,1,1,0,0,1,1,1,1,1,1
75,25508,서해땅끝파도리아치내캠핑장,충남 태안군 소원면 아치내길 216 ,1,1,0,0,0,1,1,1,1,1,1
140,21502,문경히든벨리오토캠핑장,경상북도 문경시 가은읍 죽문리 441  ,1,1,0,0,0,1,1,1,1,1,1
424,15773,힐링파크,경상남도 하동군 청암면 청학로 1235-19  ,1,1,0,0,0,1,1,1,1,1,1
425,15770,유명산밸리캠핑장,경기 가평군 설악면 유명산길 79-28 ,1,1,0,0,0,1,1,1,1,1,1
717,13463,양달캠핑장,경기 용인시 처인구 원삼면 학일로 100-2 ,1,1,0,0,0,1,1,1,1,1,1
723,13407,캠프향기,대전 동구 산내로 710 (상소동) ,1,1,0,0,0,1,1,1,1,1,1
802,13066,산아래캠핑장,경기 포천시 관인면 담터길 275 ,1,1,0,0,0,1,1,1,1,1,1
854,12734,판앤팜 치유정원,충남 부여군 옥산면 신안로40번길 90 ,1,1,0,0,0,1,1,1,1,1,1
1080,11616,아트캠핑빌리지,충청남도 논산시 상월면 한천길 15-11  ,1,1,0,0,0,1,1,1,1,1,1
136,21976,낙동강레포츠밸리지구오토캠핑장,대구광역시 달성군 구지면 구지서로 199  ,1,1,0,1,1,0,1,1,1,1,1
566,14580,산촌오토캠핑장,경기도 동두천시 탑동동 탑신로237번길 111  ,1,1,1,0,1,0,1,1,1,1,1
883,12632,파피루스 캠핑장,경기도 포천시 영중면 성동리 75  ,1,1,1,0,1,0,1,1,1,1,1
1087,11606,용수 그린랜드,경기 가평군 조종면 운악청계로491번길 87 ,1,1,1,0,1,0,1,1,1,1,1
523,14916,OK가족캠핑장,전남 영광군 대마면 영장로10길 4 ,1,1,1,1,0,0,1,1,1,1,1
238,18076,캠프ing 오토캠핑장,경북 경주시 강동면 호명큰골길 47 ,1,0,1,1,0,0,1,1,1,1,1
1185,10706,채움 관광농원,경기도 포천시 이동면 도평리 94 외 2필지 ,1,1,0,1,0,0,1,1,1,1,1
1245,7044,밀양 도깨비방망이 캠핑장,경남 밀양시 단장면 단장로 1055 ,1,1,0,1,0,0,1,1,1,1,1
190,19608,청주키즈캠핑장,충북 청주시 상당구 낭성면 갈산1길 19 ,1,1,1,0,0,0,1,1,1,1,1
768,13194,방태산 솔마루 오토캠핑장,강원 인제군 기린면 방태산길 122-6 ,1,1,1,0,0,0,1,1,1,1,1
1204,10367,횡성동당미계곡캠핑장,강원도 횡성군 서원면 압곡로 203 ,1,1,1,0,0,0,1,1,1,1,1
43,32660,무지개 서는 마을,경기도 가평군 북면 가화로 1725  ,1,1,0,0,0,0,1,1,1,1,1
436,15666,한티별빛아래관광농원 야영장,경북 칠곡군 가산면 팔공길 48-30 ,1,1,0,0,0,0,1,1,1,1,1
529,14849,피플앤독 느티캠핑장,충남 예산군 신양면 불원귀곡길 108 ,1,1,0,0,0,0,1,1,1,1,1
740,13337,수산아카데미,경기도 남양주시 수동면 철마산로 316-31  ,1,1,0,0,0,0,1,1,1,1,1
933,12441,상주 우산캠핑장,경상북도 상주시 외서면 채릉산로 752  ,1,1,0,0,0,0,1,1,1,1,1
1050,11781,웅진리야영장,강원도 양구군 양구읍 소양웅진길 35-6  ,1,1,0,0,0,0,1,1,1,1,1
1168,10903,별밤글램핑,경북 영천시 임고면 포은로 814 ,1,1,0,0,0,0,1,1,1,1,1
560,14598,프라임캠핑장,강원 춘천시 사북면 사여골길 25 ,1,1,1,1,1,1,0,1,1,1,1
780,13147,영천 솔롱고 글램핑,경상북도 영천시 금호읍 칠백로 436  ,1,1,1,1,1,1,0,1,1,1,1
797,13071,그린하우스캠핑장,경상북도 경주시 산내면 대현리 494-1 ,1,1,1,1,1,1,0,1,1,1,1
798,13070,들꽃여울캠핑장,경기 가평군 설악면 어비산길 130-6 ,1,1,1,1,1,1,0,1,1,1,1
920,12500,밤별 캠핑장,충청북도 충주시 앙성면 모점1길 229  ,1,1,1,1,1,1,0,1,1,1,1
1004,12071,산마루캠핑장,경기도 포천시 이동면 금강로 6584-20  ,1,1,1,1,1,1,0,1,1,1,1
1111,11332,늘푸른쉼터,경기 가평군 설악면 어비산길 76 ,1,1,1,1,1,1,0,1,1,1,1
251,17911,고목정,충남 청양군 대치면 칠갑산로 668-21 ,1,1,0,1,1,1,0,1,1,1,1
375,16251,상주보 캠프존 휴,경북 상주시 용마로 469-10 (도남동) ,1,1,0,1,1,1,0,1,1,1,1
773,13167,우리두리글램핑장,강원 영월군 무릉도원면 백년계곡길 15-5 ,1,1,0,1,1,1,0,1,1,1,1
822,12918,용봉산캠핑장,충남 홍성군 홍북읍 이응노로 227-13 ,1,1,0,1,1,1,0,1,1,1,1
829,12866,산노리 캠핑장,강원도 원주시 신림면 황둔리 1000 ,1,1,0,1,1,1,0,1,1,1,1
1237,7869,별무리,경북 영천시 화북면 별빛로 534-1 ,1,1,0,1,1,1,0,1,1,1,1
142,21433,금관숲캠핑장,충북 청주시 상당구 미원면 운암계원로 628 ,1,1,1,0,1,1,0,1,1,1,1
313,17070,소리길 오토캠핑장,경상남도 합천군 가야면 매화산로 670  ,1,1,1,0,1,1,0,1,1,1,1
395,16022,금산 국민여가캠핑장,충청남도 금산군 제원면 닥실길 16  ,1,1,1,0,1,1,0,1,1,1,1
535,14805,클럽프리모,강원도 횡성군 서원면 석화리 851 ,1,1,1,0,1,1,0,1,1,1,1
666,13932,솔향기캠핑장,충남 태안군 소원면 모항항길 29 ,1,1,1,0,1,1,0,1,1,1,1
809,12992,칠포그린로즈야영장,경북 포항시 북구 흥해읍 암각화길 31 ,1,1,1,0,1,1,0,1,1,1,1
865,12666,(주)쉐르빌리안티티,강원 홍천군 서면 밤벌길19번길 111 ,1,1,1,0,1,1,0,1,1,1,1
897,12563,설매재 자연휴양림 야영장,경기도 양평군 옥천면 용천로 510  ,1,1,1,0,1,1,0,1,1,1,1
1101,11368,아쿠아베이(주) 글램핑,경북 포항시 남구 운하로 207-21 (송도동) ,1,1,1,0,1,1,0,1,1,1,1
467,15461,섬진강향가오토캠핑장, ,1,0,1,0,1,1,0,1,1,1,1
36,35877,포천계곡캠핑장,경기도 포천시 이동면 금강로 6304  ,1,1,0,0,1,1,0,1,1,1,1
131,22124,산디마을 생태공원 캠핑장,대전광역시 대덕구 장동 685-1  ,1,1,0,0,1,1,0,1,1,1,1
174,20162,비토섬 신우리조트 모던글램핑,경남 사천시 서포면 비토리 255-20 ,1,1,0,0,1,1,0,1,1,1,1
217,18544,매봉힐링쉼터오토캠핑장,강원 원주시 신림면 창촌길 132 ,1,1,0,0,1,1,0,1,1,1,1
282,17393,산청지막계곡캠핑장,경남 산청군 금서면 왕등재로 307  ,1,1,0,0,1,1,0,1,1,1,1
411,15877,민들레동산 캠핑장,전북 완주군 화산면 하용마안길 35-152 ,1,1,0,0,1,1,0,1,1,1,1
423,15774,속리산알프스야영장,충청북도 보은군 속리산로 1842-10 체험장  ,1,1,0,0,1,1,0,1,1,1,1
522,14917,청자촌 오토캠핑장,전남 강진군 대구면 청자촌길 42-5 ,1,1,0,0,1,1,0,1,1,1,1
528,14860,산정호수 가족글램핑장,경기도 포천시 영북면 산정호수로411번길 13  ,1,1,0,0,1,1,0,1,1,1,1
532,14827,한탄강 소나무 캠핑,경기도 연천군 전곡읍 전곡리 58-1  ,1,1,0,0,1,1,0,1,1,1,1
561,14596,바다로글램핑,인천광역시 강화군 화도면 해안남로 2421-228/ 인천광역시 강화군 화도면 장화리 467-4 ,1,1,0,0,1,1,0,1,1,1,1
628,14099,용골송어와 캠핑,강원도 평창군 용평면 운두령로 767-17  ,1,1,0,0,1,1,0,1,1,1,1
703,13623,스톤힐 글램핑,경기도 양평군 양평읍 양근골안길17번길 2-24  ,1,1,0,0,1,1,0,1,1,1,1
783,13138,계명산 나무숲길 캠핑장,충북 충주시 용탄동 410 ,1,1,0,0,1,1,0,1,1,1,1
792,13097,디투어스캠프클럽,충북 제천시 청풍면 청풍명월로 246 ,1,1,0,0,1,1,0,1,1,1,1
851,12767,비체올린,제주특별자치도 제주시 한경면 판포리 725  ,1,1,0,0,1,1,0,1,1,1,1
1353,4001,천지 글램핑,전남 순천시 상사면 선동길 112 ,1,1,0,0,1,1,0,1,1,1,1
25,38819,꿈애 오토캠핑장,경상북도 칠곡군 왜관읍 봉계리 400-1  ,1,1,1,1,0,1,0,1,1,1,1
210,18862,용인랜드 숲속캠핑장,경기 용인시 처인구 양지면 한터로454번길 33-17 ,1,1,1,1,0,1,0,1,1,1,1
211,18828,구봉산오토캠핑장 나인힐스,경기 용인시 처인구 원삼면 보개원삼로1372번길 41 ,1,1,1,1,0,1,0,1,1,1,1
233,18178,마루한캠핑장,전남 담양군 금성면 상신기길 108 ,1,1,1,1,0,1,0,1,1,1,1
287,17352,스카이 운학 오토캠핑장,충청북도 제천시 백운면 운학길 87  ,1,1,1,1,0,1,0,1,1,1,1
377,16239,위천수변 테마파크,경북 군위군 효령면 간동유원지길 8 ,1,1,1,1,0,1,0,1,1,1,1
407,15900,영학관광농원야영장,경남 창원시 마산합포구 진북면 학동로 537-280 ,1,1,1,1,0,1,0,1,1,1,1
456,15579,수덕 캠핑장,충남 예산군 덕산면 노곡길 15 ,1,1,1,1,0,1,0,1,1,1,1
588,14462,수리덤 캠핑장,경북 청도군 운문면 신원3길 156 ,1,1,1,1,0,1,0,1,1,1,1
599,14371,대덕 관광농원,전남 영광군 법성면 대덕길2길 105 ,1,1,1,1,0,1,0,1,1,1,1
664,13937,강변오토캠핑장,충북 괴산군 괴산읍 충민로 317 ,1,1,1,1,0,1,0,1,1,1,1
696,13649,수원산 오토캠핑장,경기 포천시 군내면 청군로2985번길 50-29 ,1,1,1,1,0,1,0,1,1,1,1
714,13511,경주 힐링캠프,경상북도 경주시 산내면 감산리 1456번지 ,1,1,1,1,0,1,0,1,1,1,1
733,13351,백운오양골캠핑장,경기도 포천시 이동면 화동로2457번길 92  ,1,1,1,1,0,1,0,1,1,1,1
952,12303,하오재캠핑장,강원도 철원군 근남면 하오재로 1235  ,1,1,1,1,0,1,0,1,1,1,1
967,12225,소도캠핑장,경기도 포천시 일동면 무리울길 28-25 ,1,1,1,1,0,1,0,1,1,1,1
1067,11685,진밭골향기관광농원 야영장,강원 원주시 문막읍 취병로 638-3 ,1,1,1,1,0,1,0,1,1,1,1
1100,11412,죠스글램핑,경기 동두천시 삼육사로 1422-34 (탑동동) ,1,1,1,1,0,1,0,1,1,1,1
1183,10785,우리 캠핑장,경기도 포천시 이동면 도평리 540-10 ,1,1,1,1,0,1,0,1,1,1,1
1217,8639,강화무지개글램핑,인천광역시 강화군 송해면 양오리 640-1번지 ,1,1,1,1,0,1,0,1,1,1,1
1285,4754,바다야영장,전북 부안군 진서면 곰소항길 22-25 ,1,1,1,1,0,1,0,1,1,1,1
1328,4251,거림캠핑장,경북 청도군 운문면 운문로 1158-10 ,1,1,1,1,0,1,0,1,1,1,1
1345,4056,서리실 힐링 가족캠핑장,충남 천안시 동남구 광덕면 서리실길 147 ,1,1,1,1,0,1,0,1,1,1,1
1346,4046,연종 캠핑장,충남 공주시 유구읍 구계연종길 473 ,1,1,1,1,0,1,0,1,1,1,1
1351,4039,아우내관관농원캠핑장,충남 천안시 동남구 병천면 관성3길 267-40 ,1,1,1,1,0,1,0,1,1,1,1
1421,3204,느루 캠핑장,충남 부여군 장암면 장암로 67-28 ,1,1,1,1,0,1,0,1,1,1,1
191,19595,느티나무그늘아래 캠핑장,경기 파주시 문산읍 사목로 48 ,1,1,0,1,0,1,0,1,1,1,1
232,18185,영덕 칠보산 오토캠핑장,경북 영덕군 병곡면 칠보산1길 522 ,1,1,0,1,0,1,0,1,1,1,1
237,18099,연산 황산벌오토캠핑장,충남 논산시 연산면 신신양로 187-8 ,1,1,0,1,0,1,0,1,1,1,1
240,18054,송하루 오토캠핑장,경북 구미시 옥성면 주아령로 192-1 ,1,1,0,1,0,1,0,1,1,1,1
270,17551,일영무두리캠핑장,경기도 양주시 장흥면 유원지로 176-77  ,1,1,0,1,0,1,0,1,1,1,1
291,17314,맑은물소리 캠핑장,경기 포천시 관인면 담터길 123 ,1,1,0,1,0,1,0,1,1,1,1
299,17198,꽃주렁나무주렁캠핑장,경기 용인시 처인구 이동읍 경기동로1024번길 40 ,1,1,0,1,0,1,0,1,1,1,1
325,16937,연풍연가캠핑장,충남 아산시 송악면 종곡길96번길 90 ,1,1,0,1,0,1,0,1,1,1,1
420,15795,핏들캠핑장,충북 영동군 상촌면 물한계곡로 980 ,1,1,0,1,0,1,0,1,1,1,1
434,15680,봉수대오토캠핑장,강원도 고성군 죽왕면 봉수대길 1 ,1,1,0,1,0,1,0,1,1,1,1
461,15549,청도 지오오토캠핑장,경북 청도군 매전면 동화길 8-31 ,1,1,0,1,0,1,0,1,1,1,1
465,15472,놀터캠핑장,경남 고성군 동해면 외산로 353 ,1,1,0,1,0,1,0,1,1,1,1
516,14946,메타파크,전남 담양군 금성면 금성산성길 260 ,1,1,0,1,0,1,0,1,1,1,1
597,14420,가루실캠프,충남 예산군 덕산면 가루실길 229-23 ,1,1,0,1,0,1,0,1,1,1,1
609,14310,고길동 캠핑장,강원도 홍천군 북방면 북방리 946 ,1,1,0,1,0,1,0,1,1,1,1
690,13741,산으로간 니모 캠핑장,경기 가평군 조종면 연인산로 670-321 ,1,1,0,1,0,1,0,1,1,1,1
707,13557,에덴오토캠핑장,경북 포항시 북구 죽장면 가사길 15 ,1,1,0,1,0,1,0,1,1,1,1
734,13348,로하스캠핑,경기 연천군 중면 군중로 319-46 ,1,1,0,1,0,1,0,1,1,1,1
767,13216,메가카라반글램핑 관광농원,경기도 포천시 일동면 수입리 700-8 ,1,1,0,1,0,1,0,1,1,1,1
818,12928,가람관광농원,경남 합천군 봉산면 인덕로 930 ,1,1,0,1,0,1,0,1,1,1,1
820,12923,아이비캠핑장,경상남도 밀양시 산내면 원서3길 47  ,1,1,0,1,0,1,0,1,1,1,1
824,12894,DMZ 마루캠핑,경기도 연천군 중면 군중로 399 ,1,1,0,1,0,1,0,1,1,1,1
827,12869,삼원레저타운,충남 서산시 팔봉면 진장서낭골길 203-14 ,1,1,0,1,0,1,0,1,1,1,1
876,12648,정광산 관광농원,경기 용인시 처인구 모현읍 초부로 215-5 ,1,1,0,1,0,1,0,1,1,1,1
1018,11978,솔바람오토캠핑장,경남 밀양시 산외면 밀양대로 3539-1 ,1,1,0,1,0,1,0,1,1,1,1
1063,11723,휴랜드관광농원,경기 포천시 이동면 금강로 6159-7 ,1,1,0,1,0,1,0,1,1,1,1
1097,11419,캠핑포유 캠핑장,경기 가평군 북면 화악산로 686-41 ,1,1,0,1,0,1,0,1,1,1,1
1105,11347,동화카라반캠핑장,경기도 가평군 가평읍 가화로 440-151  ,1,1,0,1,0,1,0,1,1,1,1
1235,7962,무지개캠핑장,경기 파주시 광탄면 부흥로 206-9 ,1,1,0,1,0,1,0,1,1,1,1
1354,3979,오렌지캠프,충북 보은군 속리산면 속리산로 995-35 ,1,1,0,1,0,1,0,1,1,1,1
1381,3646,평암189 야영장,경남 창원시 마산합포구 진전면 평암로 372-8 ,1,1,0,1,0,1,0,1,1,1,1
716,13508,감 이야기 캠핑장,경북 청도군 운문면 신원4길 18 ,1,0,0,1,0,1,0,1,1,1,1
774,13167,힐링빌리지(팜핑레이크 캠핑장),울산 울주군 서생면 화산발리로 325-62 ,1,0,0,1,0,1,0,1,1,1,1
186,19966,히어리캠핑장,강원 영월군 김삿갓면 김삿갓로 587-6 ,1,1,1,0,0,1,0,1,1,1,1
304,17144,완주소양캠핑장,전북 완주군 소양면 해월신왕길 144-19 ,1,1,1,0,0,1,0,1,1,1,1
358,16444,요카카 관광농원,충청북도 충주시 금가면 강변길 11-37  ,1,1,1,0,0,1,0,1,1,1,1
479,15228,내소힐링캠프,전북 부안군 진서면 원암길 49-6 ,1,1,1,0,0,1,0,1,1,1,1
569,14570,피노키오 자연휴양림 야영장,강원도 원주시 신림면 황둔리 903  ,1,1,1,0,0,1,0,1,1,1,1
911,12530,더캠프 렌탈캠핑,경북 김천시 대항면 대룡로 339-44 ,1,1,1,0,0,1,0,1,1,1,1
1032,11893,레이크 캠핑장,경기 가평군 설악면 유명로 2569 ,1,1,1,0,0,1,0,1,1,1,1
1040,11802,화양동야영장,충북 괴산군 청천면 화양로 733-38 ,1,1,1,0,0,1,0,1,1,1,1
1281,4886,에코팡팡캠핑장,경북 포항시 북구 죽장면 죽장로 2118-51 ,1,1,1,0,0,1,0,1,1,1,1
1292,4632,보문카라반파크,경북 경주시 경감로 466-311 (천군동) ,1,1,1,0,0,1,0,1,1,1,1
0,227159,사천비토솔섬오토캠핑장,경남 사천시 서포면 토끼로 245-29  ,1,1,0,0,0,1,0,1,1,1,1
68,26227,통영오토캠핑장,경남 통영시 용남면 분덕길 156 ,1,1,0,0,0,1,0,1,1,1,1
121,22645,청보리오토캠핑장,경상남도 통영시 욕지면 욕지일주로 896-71  ,1,1,0,0,0,1,0,1,1,1,1
147,20953,산호야관광농원,경북 구미시 옥성면 선상서로 797 ,1,1,0,0,0,1,0,1,1,1,1
157,20532,마운틴캠핑장,경기 용인시 처인구 원삼면 후평로185번길 50 ,1,1,0,0,0,1,0,1,1,1,1
164,20458,The Star 오토캠핑장,전남 여수시 돌산읍 상하동길 268 ,1,1,0,0,0,1,0,1,1,1,1
176,20111,사목힐링캠프 태안캠핑농원,"충청남도 태안군 이원면 내리 958-2, 958-3  ",1,1,0,0,0,1,0,1,1,1,1
184,20037,청포대 휴 야영장,충남 태안군 남면 청포대길 63-6 ,1,1,0,0,0,1,0,1,1,1,1
273,17501,천리안 캠프힐,울산광역시 울주군 상북면 삽재4길5  ,1,1,0,0,0,1,0,1,1,1,1
294,17281,비토 국민여가캠핑장,경남 사천시 서포면 용궁로 124 ,1,1,0,0,0,1,0,1,1,1,1
324,16937,꿈꾸는 농부 오토캠핑장,대전 동구 산내로 716 (상소동) ,1,1,0,0,0,1,0,1,1,1,1
337,16683,숲속가든 캠핑장,경남 사천시 사남면 삼상로 832 ,1,1,0,0,0,1,0,1,1,1,1
345,16622,강화도산들애농원캠핑수영장,인천 강화군 강화읍 고비고개로 171 ,1,1,0,0,0,1,0,1,1,1,1
359,16429,문복산 캠핑장,경북 경주시 산내면 문복로 333-199 ,1,1,0,0,0,1,0,1,1,1,1
360,16416,홍천강 오토캠핑장,강원도 홍천군 북방면 굴지강변로 322  ,1,1,0,0,0,1,0,1,1,1,1
366,16349,칠포오토캠핑장,경북 포항시 북구 흥해읍 암각화길 41 ,1,1,0,0,0,1,0,1,1,1,1
380,16204,메이플트리글램핑,경기 가평군 상면 수목원로 181-28 ,1,1,0,0,0,1,0,1,1,1,1
405,15923,두레캠핑장,경기 가평군 청평면 상지로 171 ,1,1,0,0,0,1,0,1,1,1,1
415,15841,물한계곡소나무펜션,충북 영동군 상촌면 물한6길 8-1 ,1,1,0,0,0,1,0,1,1,1,1
449,15608,파주기산캠프,경기도 파주시 광탄면 기산리 471-2  ,1,1,0,0,0,1,0,1,1,1,1
462,15520,반디캠프, ,1,1,0,0,0,1,0,1,1,1,1
477,15297,하느제캠핑장,전남 보성군 벌교읍 옥전1길 480 ,1,1,0,0,0,1,0,1,1,1,1
540,14774,충주반딧불 오토캠핑장,충청북도 충주시 엄정면 가춘리길 19  ,1,1,0,0,0,1,0,1,1,1,1
551,14692,우니메이카,강원도 홍천군 서석면 검산리 산3-3  ,1,1,0,0,0,1,0,1,1,1,1
572,14537,덤바위 캠핑장,충청북도 진천군 문백면 농다리로 615  ,1,1,0,0,0,1,0,1,1,1,1
624,14142,아르보리아파크 캠핑장,인천 강화군 길상면 장흥로101번길 65 ,1,1,0,0,0,1,0,1,1,1,1
630,14085,영양수비별빛캠핑장,경상북도 영양군 본신로 213-0  ,1,1,0,0,0,1,0,1,1,1,1
658,13969,지리산 노을,경남 산청군 단성면 호암로632번길 75 ,1,1,0,0,0,1,0,1,1,1,1
663,13941,정원캠핑장, ,1,1,0,0,0,1,0,1,1,1,1
665,13936,햇솔오토캠핑장,인천시 강화군 길상면 선두리 907-3 ,1,1,0,0,0,1,0,1,1,1,1
673,13838,에버그린 캠핑장,충남 논산시 벌곡면 수락로237번길 26-96 ,1,1,0,0,0,1,0,1,1,1,1
700,13628,티앤글램핑,경기 가평군 북면 꽃넘이길 55 ,1,1,0,0,0,1,0,1,1,1,1
708,13553,유명산라온캠핑장,경기 가평군 설악면 유명산길 124-29 ,1,1,0,0,0,1,0,1,1,1,1
794,13088,화야캠핑장,경기 가평군 설악면 유명로 1907-41 ,1,1,0,0,0,1,0,1,1,1,1
806,13004,대부도 아라뜰 캠핑장,경기 안산시 단원구 부흥로 232-21 (대부남동) ,1,1,0,0,0,1,0,1,1,1,1
821,12922,양지생태마을캠핑장,경남 거창군 마리면 진산길 157 ,1,1,0,0,0,1,0,1,1,1,1
846,12782,녹수원글램핑,충청남도 공주시 유구읍 덕곡리 15-2 ,1,1,0,0,0,1,0,1,1,1,1
864,12701,대호레져글램핑,충북 충주시 동량면 미라실로 691 ,1,1,0,0,0,1,0,1,1,1,1
868,12664,대가야캠프타운,경북 고령군 운수면 물한1길 78-8 ,1,1,0,0,0,1,0,1,1,1,1
905,12538,코끼리캠핑장,경기도 가평군 북면 화악리 1007번지/화악산로 1217-2 ,1,1,0,0,0,1,0,1,1,1,1
924,12489,캠핑 뜨락 오토캠핑장,경상북도 김천시 조마면 강곡리 917-1  ,1,1,0,0,0,1,0,1,1,1,1
1012,12028,구름아래 캠핑장,경북 청도군 운문면 운문로 1033-14 ,1,1,0,0,0,1,0,1,1,1,1
1065,11689,삿갓펜션 캠핑장,강원 영월군 김삿갓면 김삿갓로 362 ,1,1,0,0,0,1,0,1,1,1,1
1126,11230,포천리컴펜글,경상북도 성주군 포천계곡로 277-0  ,1,1,0,0,0,1,0,1,1,1,1
1177,10827,이우캠핑장,경기도 가평군 원흥길 77-42 (주)이우  ,1,1,0,0,0,1,0,1,1,1,1
1186,10705,아빠가 만든 캠핑장,강원 영월군 북면 덕전길 240 ,1,1,0,0,0,1,0,1,1,1,1
1227,8310,청풍호반 오토캠핑장,충북 제천시 청풍면 용곡길211번길 2 ,1,1,0,0,0,1,0,1,1,1,1
1296,4548,젤코바 캠핑장,경기 용인시 처인구 양지면 송주로236번길 82-19 ,1,1,0,0,0,1,0,1,1,1,1
1334,4162,그린필로우,강원도 홍천군 서석면 검산리 106  ,1,1,0,0,0,1,0,1,1,1,1
1395,3476,화양숲노리캠핑장,충북 괴산군 청천면 화양로 834-9 ,1,1,0,0,0,1,0,1,1,1,1
1403,3383,양지뜰캠핑장,전북 무주군 설천면 보안길 88 ,1,1,0,0,0,1,0,1,1,1,1
1431,2969,둥그레휴양마을,충북 보은군 보은읍 강신1길 3 ,1,1,0,0,0,1,0,1,1,1,1
209,18908,파이브이모션,경기 가평군 설악면 자잠로282번길 72-95 ,1,0,0,0,0,1,0,1,1,1,1
753,13279,월계수 캠핑장,경상북도 경주시 산내면 문복로 758  ,1,1,1,1,1,0,0,1,1,1,1
185,19980,가야산 캠핑장,충남 예산군 덕산면 윤봉길로 489-8 ,1,1,0,1,1,0,0,1,1,1,1
722,13428,가야권역 소리마실 영농조합법인,경남 합천군 가야면 가야산로 1267 ,1,1,0,1,1,0,0,1,1,1,1
1363,3928,더설렘,경기 포천시 일동면 윗갈기1길 60 ,1,1,0,1,1,0,0,1,1,1,1
1017,11988,명돈골 캠핑장,경기 가평군 북면 논남기길 19-36 ,1,1,1,0,1,0,0,1,1,1,1
79,25388,인디어라운드,경기도 이천시 율현동 이섭대천로941번길 49-44  ,1,1,0,0,1,0,0,1,1,1,1
166,20389,가평 물골숲 계곡 캠핑장,경기 가평군 상면 물골길 120 ,1,1,1,1,0,0,0,1,1,1,1
276,17457,추월산골드캠핑장,전남 담양군 용면 가마골로 221-4 ,1,1,1,1,0,0,0,1,1,1,1
288,17342,고성패밀리캠핑장,경상남도 고성군 상리면 상정대로 1186 ,1,1,1,1,0,0,0,1,1,1,1
319,16993,새연리조트 포천점,경기 포천시 이동면 금강로 6217-16 ,1,1,1,1,0,0,0,1,1,1,1
341,16655,송백농원캠핑장,경상남도 양산시 상북면 외석리  314 ,1,1,1,1,0,0,0,1,1,1,1
472,15445,지내울 야영장,경기도 파주시 문산읍 이천리 340-2 ,1,1,1,1,0,0,0,1,1,1,1
487,15144,허브하우스 금오산힐링타운,경북 김천시 남면 우장길 448 ,1,1,1,1,0,0,0,1,1,1,1
645,14007,또올래캠핑장,경기 가평군 북면 가화로 2745-70 ,1,1,1,1,0,0,0,1,1,1,1
656,13981,대회산캠핑장,경기 포천시 영북면 대회산길 79-89 ,1,1,1,1,0,0,0,1,1,1,1
682,13766,리앤파크,충북 영동군 황간면 구룡로 321 ,1,1,1,1,0,0,0,1,1,1,1
685,13761,월악힐링캠핑장,충북 제천시 덕산면 월악산로 767 ,1,1,1,1,0,0,0,1,1,1,1
693,13731,툇골 캠핑장,강원도 춘천시 툇골길 413-52  ,1,1,1,1,0,0,0,1,1,1,1
748,13316,서종힐링캠핑장,경기도 양평군 화서로 532-6  ,1,1,1,1,0,0,0,1,1,1,1
819,12927,풍혈산 캠핑장,경기 포천시 일동면 성장로 397 ,1,1,1,1,0,0,0,1,1,1,1
947,12375,행복한소풍캠핑장,인천시 강화군 화도면 내리 1498-1 ,1,1,1,1,0,0,0,1,1,1,1
990,12142,요기는캠핑장,강원도 영월군 무릉도원면 도원운학로 1524-45 ,1,1,1,1,0,0,0,1,1,1,1
1230,8237,(주)두산개발 별고을테마파크,경북 성주군 선남면 도성3길 22-27 ,1,1,1,1,0,0,0,1,1,1,1
1259,6393,수원 솔내음 캠핑장,경기 수원시 권선구 칠보로 2 (금곡동) ,1,1,1,1,0,0,0,1,1,1,1
15,53279,용인 자연숲 캠핑장,경기 용인시 처인구 원삼면 원양로591번길 93-34 ,1,1,0,1,0,0,0,1,1,1,1
104,23878,원주키즈캠핑장,강원도 원주시 신림면 솔치로 88  ,1,1,0,1,0,0,0,1,1,1,1
158,20531,밀양표충오토캠핑장,경상남도 밀양시 단장면 바드리길 7  ,1,1,0,1,0,0,0,1,1,1,1
234,18163,나린오토캠핑장,경기도 연천군 어삼로 391-81  ,1,1,0,1,0,0,0,1,1,1,1
305,17138,한스캠핑장,강원 원주시 신림면 신림황둔로 1072 ,1,1,0,1,0,0,0,1,1,1,1
306,17138,감악산캠핑숲,강원 원주시 신림면 신림황둔로 714 ,1,1,0,1,0,0,0,1,1,1,1
335,16736,산과별 관광농원,공주시 사곡면 부곡리 274-3 ,1,1,0,1,0,0,0,1,1,1,1
343,16630,마령큰시내들캠핑장,전북 진안군 마령면 강정리 655-1  ,1,1,0,1,0,0,0,1,1,1,1
438,15661,산내별빛오토캠핑장,경상북도 경주시 산내면 대현리 산394  ,1,1,0,1,0,0,0,1,1,1,1
506,15000,토일관광농원,경기 포천시 군내면 청군로 2857 ,1,1,0,1,0,0,0,1,1,1,1
546,14734,하늘연캠핑장,경기 파주시 적성면 마지초교길 22-61 ,1,1,0,1,0,0,0,1,1,1,1
553,14679,양평 키즈 글램핑,경기 양평군 청운면 황정2길 98-9 ,1,1,0,1,0,0,0,1,1,1,1
592,14444,명학산 캠핑장,경기도 파주시 파주읍 향양리 4-1 ,1,1,0,1,0,0,0,1,1,1,1
668,13925,드림이벤트,경남 합천군 봉산면 김봉리 351-1 ,1,1,0,1,0,0,0,1,1,1,1
695,13654,해오름 글램핑,경기 포천시 소흘읍 광릉수목원로874번길 5 ,1,1,0,1,0,0,0,1,1,1,1
705,13611,영월 스타 글램핑,강원 영월군 무릉도원면 무릉법흥로 1078-12 ,1,1,0,1,0,0,0,1,1,1,1
709,13548,꿈에그린 캠핑장,경기도 포천시 이동면 화동로1870번길 31  ,1,1,0,1,0,0,0,1,1,1,1
870,12659,선야봉 캠핑장,전북 완주군 운주면 금고당로 727 ,1,1,0,1,0,0,0,1,1,1,1
902,12547,아빠의 캠핑장,강원도 원주시 신림면 신림황둔로 854  ,1,1,0,1,0,0,0,1,1,1,1
936,12413,맑은물소리캠핑장,경기 가평군 설악면 가마소길 17-270 ,1,1,0,1,0,0,0,1,1,1,1
941,12399,용소캠핑장,경기 가평군 북면 가화로 2411-32 ,1,1,0,1,0,0,0,1,1,1,1
943,12396,캠프수풀이,경기도 가평군 상면 임초리 608외 1필지 ,1,1,0,1,0,0,0,1,1,1,1
995,12134,달콤한 캠핑장,강원도 홍천군 내촌면 와야리 807-2  ,1,1,0,1,0,0,0,1,1,1,1
1014,11999,핀란드캠핑성,경기 가평군 상면 물골길 102 ,1,1,0,1,0,0,0,1,1,1,1
1022,11969,영월 외룡 캠핑장,강원도 영월군 김삿갓면 영월동로 2696  ,1,1,0,1,0,0,0,1,1,1,1
1035,11890,잣향기푸른숲캠핑장,경기 가평군 상면 축령로 183-53 ,1,1,0,1,0,0,0,1,1,1,1
1076,11631,팜스퀘어 하늘타리,경기 여주시 금사면 금품2로 835-64 ,1,1,0,1,0,0,0,1,1,1,1
1083,11611,행복빌리지,강원도 원주시 신림면 신림황둔로 662  ,1,1,0,1,0,0,0,1,1,1,1
1172,10880,남이섬 베스트캠핑장,경기 가평군 가평읍 북한강변로 517-8 ,1,1,0,1,0,0,0,1,1,1,1
1246,7043,코뿔소글램핑,강원 평창군 방림면 삼형제길 279-61 ,1,1,0,1,0,0,0,1,1,1,1
1309,4419,청도글램핑,경상북도 청도군 화양읍 동천리 603-1  ,1,1,0,1,0,0,0,1,1,1,1
1368,3762,파주캠핑장,경기 파주시 탄현면 방촌로628번길 25-45 ,1,1,0,1,0,0,0,1,1,1,1
1392,3506,운악산 글램핑,경기 포천시 화현면 화동로432번길 92-131 ,1,1,0,1,0,0,0,1,1,1,1
1440,2678,도그베이팜팜 홍천,강원 홍천군 서면 가일길39번길 35 ,1,1,0,1,0,0,0,1,1,1,1
1384,3634,네잎클로버 캠핑장,경기 가평군 설악면 장수로 156-20 ,1,0,0,1,0,0,0,1,1,1,1
301,17192,글램퍼스양평,경기 양평군 단월면 대부록길 38-3 ,1,1,1,0,0,0,0,1,1,1,1
534,14807,인제캠핑타운,강원 인제군 인제읍 한석산로 1423-15 ,1,1,1,0,0,0,0,1,1,1,1
595,14425,네스트캠핑,경기 가평군 북면 화악산로 943-50 ,1,1,1,0,0,0,0,1,1,1,1
801,13066,양평드림캠핑장,경기 양평군 용문면 갈지길41번길 41-52 ,1,1,1,0,0,0,0,1,1,1,1
862,12705,이스케이프 지점 (휴토피아),강원도 홍천군 서면 어유포리 282-8 ,1,1,1,0,0,0,0,1,1,1,1
1118,11255,도담오토캠핑장,충남 태안군 남면 진산1길 277-112 ,1,1,1,0,0,0,0,1,1,1,1
1134,11196,서후리캠핑장,경기 양평군 서종면 서차남1길 4 ,1,1,1,0,0,0,0,1,1,1,1
1302,4492,더예감스테이,경남 산청군 단성면 호암로 702-22 ,1,1,1,0,0,0,0,1,1,1,1
1444,2590,그자리 야영장,강원 홍천군 서면 노일로 478 ,1,1,1,0,0,0,0,1,1,1,1
216,18551,별빛누리캠핑장,경기도 가평군 상면 덕현리 131-3번지 ,1,1,0,0,0,0,0,1,1,1,1
218,18539,원스캠핑장,인천 강화군 삼산면 삼산남로604번길 37 ,1,1,0,0,0,0,0,1,1,1,1
262,17669,힐링가평오토캠핑장,경기 가평군 상면 청군로 316 ,1,1,0,0,0,0,0,1,1,1,1
336,16688,마이산 풍혈냉천 캠핑장,전북 진안군 성수면 용포로 345 ,1,1,0,0,0,0,0,1,1,1,1
348,16562,래미안밸리캠핑장,전라북도 완주군 운주면 금고당로 617  ,1,1,0,0,0,0,0,1,1,1,1
387,16126,얼음골 캠핑장,경남 밀양시 산내면 하양지안길 11-19 ,1,1,0,0,0,0,0,1,1,1,1
393,16045,소나무숲아래,충청북도 충주시 수안보면 미륵리사지길 29  ,1,1,0,0,0,0,0,1,1,1,1
466,15471,영월지구별캠프,강원 영월군 무릉도원면 무릉법흥로 1104 ,1,1,0,0,0,0,0,1,1,1,1
518,14940,제주벨리타캠핑장,제주특별자치도 제주시 조천읍 중산간동로 1194  ,1,1,0,0,0,0,0,1,1,1,1
559,14615,진안국제 캠핑장,전북 진안군 용담면 와룡길 165-6 ,1,1,0,0,0,0,0,1,1,1,1
565,14585,참숯골,충청남도 당진시 고대면 보덕포로 545  ,1,1,0,0,0,0,0,1,1,1,1
625,14108,옥샘캠핑장, ,1,1,0,0,0,0,0,1,1,1,1
631,14076,클라인캠프 빌리지,경기 양평군 개군면 추읍로 268-37 ,1,1,0,0,0,0,0,1,1,1,1
637,14031,유명산힐링캠프,경기 가평군 설악면 어비산길 201-62 ,1,1,0,0,0,0,0,1,1,1,1
677,13794,별수하야영장,충북 제천시 백운면 운학3길 19 ,1,1,0,0,0,0,0,1,1,1,1
699,13634,계룡산글램핑 파크오브드림,충남 공주시 반포면 동학사1로 46 ,1,1,0,0,0,0,0,1,1,1,1
721,13438,엉클캠핑장,경기도 포천시 이동면 화동로 2498-1 ,1,1,0,0,0,0,0,1,1,1,1
807,13002,무주홀리데이파크,전북 무주군 안성면 칠연로 462-3 ,1,1,0,0,0,0,0,1,1,1,1
845,12783,올래캠핑장,경기 가평군 설악면 어비산길 203 ,1,1,0,0,0,0,0,1,1,1,1
881,12639,반딧골캠핑장,전북 무주군 설천면 구천동로 2244 ,1,1,0,0,0,0,0,1,1,1,1
912,12529,별보미 관광농원,경기 포천시 신북면 포천로 2447 ,1,1,0,0,0,0,0,1,1,1,1
955,12293,사나래관광농원,경기도 양평군 용문면 중원리 580 ,1,1,0,0,0,0,0,1,1,1,1
957,12273,상순네 오토캠핑장,강원도 영월군 중동면 고장골길 76-6  ,1,1,0,0,0,0,0,1,1,1,1
1009,12045,아빠의나무 야영장,충북 괴산군 청천면 괴산로부성1길 15-22 ,1,1,0,0,0,0,0,1,1,1,1
1091,11499,드위트리 글램핑,강원 정선군 남면 지장천로 146-47 ,1,1,0,0,0,0,0,1,1,1,1
1160,11042,정원 캠핑장,강원도 영월군 무릉도원면 도원운학로 871  ,1,1,0,0,0,0,0,1,1,1,1
1173,10879,영우네 농어촌 관광농원,충청남도 공주시 사곡면 월은길 40  ,1,1,0,0,0,0,0,1,1,1,1
1192,10534,둔내캠프,강원도 횡성군 둔내면 용현로 429  ,1,1,0,0,0,0,0,1,1,1,1
1202,10416,새연 글램핑 카라반 설악2호점,경기 가평군 설악면 유명로 1939-26 ,1,1,0,0,0,0,0,1,1,1,1
1238,7723,덕산참숯랜드,충남 예산군 덕산면 노곡길 55 ,1,1,0,0,0,0,0,1,1,1,1
1276,5004,채움카라반리조트,경기도 가평군 조종면 운악리 542-14  ,1,1,0,0,0,0,0,1,1,1,1
1279,4975,사르데냐 오토캠핑장,인천 강화군 길상면 장흥로101번길 63-9 ,1,1,0,0,0,0,0,1,1,1,1
1283,4780,대룡산 오토캠핑장,강원 홍천군 북방면 성동로 1612 ,1,1,0,0,0,0,0,1,1,1,1
1284,4778,쭌카라반 캠핑장,강원 고성군 토성면 화원길 13 ,1,1,0,0,0,0,0,1,1,1,1
1303,4487,브룩스 캠핑장,경기 가평군 가평읍 물안산길 83 ,1,1,0,0,0,0,0,1,1,1,1
1315,4369,돌담 캠핑&가든,인천 강화군 삼산면 삼산북로 397-1 ,1,1,0,0,0,0,0,1,1,1,1
1325,4292,크리스월드,경기 가평군 가평읍 북한강변로 360-93 ,1,1,0,0,0,0,0,1,1,1,1
1358,3941,캠프 올모,경기 가평군 설악면 장수로 156-50 ,1,1,0,0,0,0,0,1,1,1,1
1443,2648,또바기 스파글램핑,경기 가평군 북면 멱골로 205-10 ,1,1,0,0,0,0,0,1,1,1,1
1446,2460,담터라온글램핑,강원 철원군 동송읍 담터길 352 ,1,1,0,0,0,0,0,1,1,1,1
101,24009,파주쇠꼴마을고고캠핑장,경기도 파주시 법원읍 금곡리 321-32 ,1,0,0,0,0,0,0,1,1,1,1
594,14432,화기애애 단풍 캠핑장,강원 평창군 봉평면 흥정계곡길 674-38 ,1,0,0,0,0,0,0,1,1,1,1
300,17198,영주호오토캠핑장,경상북도 영주시 평은면 문평로 758-24 ,1,0,1,0,1,1,1,0,1,1,1
346,16616,안면도스쿨버스캠핑장,충남 태안군 안면읍 안면대로 3356-1 ,1,1,0,0,1,1,1,0,1,1,1
471,15447,다온,충남 서산시 대산읍 광암4길 115 ,1,1,0,0,1,1,1,0,1,1,1
620,14174,춘천 박사마을 어린이 글램핑장,강원 춘천시 서면 박사로 770 ,1,1,0,0,1,1,1,0,1,1,1
702,13626,범도오토캠핑장,경상남도 밀양시 단장면 표충로 860  ,1,1,0,1,0,1,1,0,1,1,1
357,16457,캠핑소사이어티,경남 진주시 내동면 내축로 523 ,1,1,0,0,0,1,1,0,1,1,1
781,13144,송호리 국민관광지 야영장,충북 영동군 양산면 송호리 282 ,0,1,0,0,0,1,1,0,1,1,1
295,17258,에제르파크,인천 남동구 만의골로 155 (장수동) ,1,1,1,1,0,0,1,0,1,1,1
1205,10207,봉스글램핑,경남 거창군 마리면 풍계1길 27-71 ,1,0,0,1,0,0,1,0,1,1,1
1432,2968,한별 도그파크,경남 함안군 법수면 이묵골로 135 ,1,1,1,0,0,0,1,0,1,1,1
589,14460,힐포인트,경기 용인시 수지구 동천로 541 (고기동) ,1,1,0,0,0,0,1,0,1,1,1
906,12537,북캠프,충남 공주시 신풍면 영정길 155-3 ,1,1,0,0,0,0,1,0,1,1,1
914,12523,서천해양캠핑장,충청남도 서천군 서면 마량리 90-3  ,1,1,1,1,1,1,0,0,1,1,1
1271,5241,남작골 농촌체험휴양마을 야영장,경북 성주군 수륜면 보월로 8-23 ,1,1,1,1,1,1,0,0,1,1,1
308,17096,한탄강관광지 오토캠핑장,경기도 연천군 전곡읍 전곡리 640  ,1,1,1,0,1,1,0,0,1,1,1
1115,11298,파인밸리 펜션 앤 글램핑 주식회사,경기 포천시 화현면 봉화로 315-97 ,1,1,1,0,1,1,0,0,1,1,1
736,13346,글램비글램핑,경기도 화성시 서신면 해안길 64 ,1,1,1,1,0,1,0,0,1,1,1
1194,10452,토리아이글램핑,강원 홍천군 서면 설밀길 190-20 ,1,1,1,1,0,1,0,0,1,1,1
350,16555,나무새 관광농원,경기도 포천시 신북면 삼정리 98-3 ,1,1,0,1,0,1,0,0,1,1,1
399,15973,초평밤나무,충청북도 진천군 초평면 화산리 875  ,1,1,0,1,0,1,0,0,1,1,1
5,90475,영덕 고래불 국민 야영장,경상북도 영덕군 병곡면 고래불로 12 ,1,1,1,0,0,1,0,0,1,1,1
64,27783,푸른바다와 캠핑,경상남도 통영시 인평동 국치1길 49  ,1,1,0,0,0,1,0,0,1,1,1
757,13245,가우도카라반펜션,전남 강진군 대구면 저두바닷길 3 ,1,1,0,0,0,1,0,0,1,1,1
1057,11757,글램바오캠핑장,경기 가평군 가평읍 북한강변로 518 ,1,1,0,0,0,1,0,0,1,1,1
1078,11620,추억촌,강원도 강릉시 성산면 대관령옛길 10  ,1,1,0,0,0,1,0,0,1,1,1
1277,4997,포게더 카라반 지조개발,경남 거제시 사등면 덕호해안길 147-1 ,1,1,0,0,0,1,0,0,1,1,1
1343,4070,토리글램핑,경남 사천시 서포면 토끼로 215 ,1,1,0,0,0,1,0,0,1,1,1
1372,3727,한마음캠핑플레이스,충남 금산군 진산면 대둔산로 206 ,1,1,0,0,0,1,0,0,1,1,1
1427,3138,더모스트 글램핑,경북 문경시 문경읍 문경대로 2259-9 ,1,1,0,0,0,1,0,0,1,1,1
826,12873,물안개 오토캠핑장,경남 밀양시 단장면 고례리 1491 외 1필지 ,1,0,0,0,0,1,0,0,1,1,1
52,30604,조은자리 캠핑장,경북 청도군 운문면 신원리 398번지 ,1,1,1,1,0,0,0,0,1,1,1
570,14564,밀양사계절야영장,경상남도 밀양시 산외면 금곡리 16-36  ,1,1,1,1,0,0,0,0,1,1,1
1139,11159,자연이랑캠프,강원도 영월군 수주면 무릉법흥로 1174  ,1,1,0,1,0,0,0,0,1,1,1
1451,2223,가평 리오카라반,경기 가평군 상면 축령로70번길 44-61 ,1,0,0,1,0,0,0,0,1,1,1
267,17592,청도 힐링 오토캠핑장,경북 청도군 매전면 송원길 86-6 ,1,1,1,0,0,0,0,0,1,1,1
416,15835,가평 오렌지캠프,경기 가평군 북면 멱골로272번길 7 ,1,1,0,0,0,0,0,0,1,1,1
457,15571,라파엘 펜션 글램핑장,경남 고성군 회화면 당항만로 945 ,1,1,0,0,0,0,0,0,1,1,1
574,14530,㈜씨스테이 야영장,인천광역시 옹진군 영흥면 내리 1212-52 ,1,1,0,0,0,0,0,0,1,1,1
1176,10827,그라티아 글램핑,경기 가평군 가평읍 태봉두밀로 421-24 ,1,1,0,0,0,0,0,0,1,1,1
1335,4137,뷰델카라반펜션,경북 경주시 감포읍 감포로 329-34 ,1,1,0,0,0,0,0,0,1,1,1
1362,3928,연천미라클타운,경기 연천군 군남면 군중로 134 ,1,1,0,0,0,0,0,0,1,1,1
1411,3271,단아한,전북 순창군 팔덕면 산동신흥길 6 ,1,1,0,0,0,0,0,0,1,1,1
681,13770,자바카라반,인천 옹진군 영흥면 선재로 61-1 ,1,0,0,0,0,0,0,0,1,1,1
899,12559,월악오토캠핑장,충청북도 제천시 덕산면 월악산로 761  ,1,0,0,0,0,0,0,0,1,1,1
1189,10694,넵투누스 카라반,경기 가평군 청평면 고재길 262-123 ,1,0,0,0,0,0,0,0,1,1,1
1244,7386,캠핑소리251,경기 가평군 설악면 묵안로 350 ,1,1,0,1,1,1,1,1,0,1,1
19,41865,두리캠핑장,인천시 계양구 귤현동 28-1 ,1,1,1,0,1,1,1,1,0,1,1
109,23456,어은돌송림캠핑장,충남 태안군 소원면 모항파도로 398-42 ,1,1,0,0,1,1,1,1,0,1,1
473,15397,원동자연휴양림,경상남도 양산시 원동면 내포리 산171  ,1,1,0,0,1,1,1,1,0,1,1
520,14933,가평 운악홀리데이 캠핑장,경기 가평군 조종면 운악청계로 424 ,1,1,0,0,1,1,1,1,0,1,1
965,12235,에이스카라반,경기 용인시 처인구 이동읍 이원로 547 ,1,1,0,0,1,1,1,1,0,1,1
533,14813,캠프 예그리나,경기 파주시 광탄면 쇠장이길 56 ,1,1,1,1,0,1,1,1,0,1,1
674,13816,알프스캠핑장,경상남도 밀양시 산외면 밀양대로 3468-7  ,1,1,0,1,0,1,1,1,0,1,1
1064,11689,뜨란솔 캠핑장,강원 영월군 무릉도원면 무릉법흥로 782-26 ,1,1,0,1,0,1,1,1,0,1,1
123,22614,구름계곡캠핑장,경기도 가평군 북면 제령리 219-2번지 ,1,1,1,0,0,1,1,1,0,1,1
167,20361,황매산미리내파크 오토캠핑장,경남 산청군 차황면 황매산로1138번길 215 ,1,1,1,0,0,1,1,1,0,1,1
746,13323,구름포해수욕장카라반,충청남도 태안군 소원면 의항리 160-4 ,1,1,0,0,0,1,1,1,0,1,1
750,13292,더시크릿가든 캠프지라운드,강원도 춘천시 남산면 방하리 430-2  ,1,1,0,0,0,1,1,1,0,1,1
1261,6240,월든캠프,강원 양양군 손양면 송평길 28 ,1,1,0,0,0,1,1,1,0,1,1
1321,4316,소풍,경북 경주시 천북면 새터흥림길 1-27 ,1,1,0,0,0,1,1,1,0,1,1
170,20267,율포오토캠핑장,전남 보성군 회천면 충의로 52 ,1,1,1,1,1,0,1,1,0,1,1
823,12918,대가야농촌문화체험특구 캠핑장,경북 고령군 대가야읍 신남로 61 ,1,1,1,0,1,0,1,1,0,1,1
103,23902,몽돌바다캠핑장,전남 신안군 암태면 진작지길 139-63 ,1,1,0,0,1,0,1,1,0,1,1
925,12477,횡성 별빛마을 캠핑장,강원 횡성군 강림면 주천강로 488 ,1,1,1,0,0,0,1,1,0,1,1
417,15823,미산분교 캠핑장,강원도 인제군 상남면 미산리 376-6  ,1,1,0,0,0,0,1,1,0,1,1
928,12463,에브라임캠핑장,경기도 연천군 신서면 연신로 866 ,1,1,0,1,1,1,0,1,0,1,1
146,21063,구미 캠핑장,경상북도 구미시 양호동 614-1 ,1,1,0,0,1,1,0,1,0,1,1
810,12990,카라반 르몽드,경상남도 김해시 어방동 991  ,1,1,0,0,1,1,0,1,0,1,1
1049,11783,홀리데이캠핑장,경기 가평군 설악면 유명로 654-82 ,1,1,0,0,1,1,0,1,0,1,1
1400,3389,"마을야영장, 침산추월",세종특별자치시 조치원읍 침산6길 13 ,1,1,0,0,1,1,0,1,0,1,1
180,20066,인천청라국제도시 해변공원캠핑장,인천 서구 첨단서로 190 (청라동) ,1,1,1,1,0,1,0,1,0,1,1
652,13990,그린오토캠핑장,경상북도 포항시 남구 호미곶면 호미로 1178  ,1,1,1,1,0,1,0,1,0,1,1
959,12242,구만동오토캠핑장,강원도 인제군 북면 만해로 221  ,1,1,1,1,0,1,0,1,0,1,1
278,17437,호수캠핑장,경기도 파주시 광탄면 기산리 387-11  ,1,1,0,1,0,1,0,1,0,1,1
939,12405,팡팡캠핑장,경기 용인시 처인구 원삼면 동부로 1041 ,1,1,0,1,0,1,0,1,0,1,1
1061,11727,싸리목캠핑장,강원 인제군 인제읍 싸리목길 83 ,1,1,0,1,0,1,0,1,0,1,1
1209,9304,가고파캠핑장,경남 산청군 시천면 지리산대로1478번길 31-10 ,1,1,0,1,0,1,0,1,0,1,1
1425,3166,솔비치캠핑장,충남 태안군 남면 몽산포길 63-23 ,1,1,0,1,0,1,0,1,0,1,1
347,16614,써니아일랜드 야영장,전라남도 여수시 남면 금오로 1139  ,1,1,1,0,0,1,0,1,0,1,1
388,16117,덕동골 오토캠핑장,충청북도 제천시 백운면 덕동로2길 23-26  ,1,1,1,0,0,1,0,1,0,1,1
398,16009,숲속야영장 휴림,제주도 제주시 애월읍 광령남서길 40 ,1,1,1,0,0,1,0,1,0,1,1
636,14044,약수농원,경남 창녕군 고암면 감리 317 ,1,1,1,0,0,1,0,1,0,1,1
1,140635,동강전망휴양림오토캠핑장,강원 정선군 신동읍 동강로 916-212 ,1,1,0,0,0,1,0,1,0,1,1
8,78530,대천용두야영장,충남 보령시 웅천읍 열린바다로 100-50 ,1,1,0,0,0,1,0,1,0,1,1
13,53692,프린세스 캠핑장,충남 공주시 치미마을길 74 (신관동) ,1,1,0,0,0,1,0,1,0,1,1
51,30844,수목원프로방스 캠핑장,경기 포천시 신북면 탑신로 1066 ,1,1,0,0,0,1,0,1,0,1,1
61,28038,선재오토캠핑장,인천 옹진군 영흥면 선재로186번길 86-22 ,1,1,0,0,0,1,0,1,0,1,1
88,24749,고성 남산공원 오토캠핑장,경상남도 고성군 고성읍 공룡로 3165  ,1,1,0,0,0,1,0,1,0,1,1
94,24393,중랑가족캠핑장,서울 중랑구 망우로87길 110 (망우동) ,1,1,0,0,0,1,0,1,0,1,1
106,23788,달천공원오토캠핑장,경상남도 창원시 의창구 북면 달천길 150  ,1,1,0,0,0,1,0,1,0,1,1
108,23527,진도풍경오토캠핑장,전라남도 진도군 의신면 의신사천길 15-21 ,1,1,0,0,0,1,0,1,0,1,1
118,22709,초전마을 캠핑장,경남 남해군 미조면 동부대로14번길 27-21 ,1,1,0,0,0,1,0,1,0,1,1
132,22098,덕동계곡 오토캠핑장,충북 제천시 백운면 덕동로 161-3 ,1,1,0,0,0,1,0,1,0,1,1
161,20493,갈천 오토캠핑장,강원도 양양군 서면 구룡령로 1103-12  ,1,1,0,0,0,1,0,1,0,1,1
314,17047,마검포 힐링캠핑장,충청남도 태안군 남면 마검포길 313-30  ,1,1,0,0,0,1,0,1,0,1,1
370,16305,봉평마가리 캠핑장,강원 평창군 봉평면 전나무골길 224-10 ,1,1,0,0,0,1,0,1,0,1,1
372,16296,솔티야영장,충청북도 단양군 천동4길 10-7  ,1,1,0,0,0,1,0,1,0,1,1
385,16138,벌곡오토캠핑장,충청남도 논산시 벌곡면 수락로517번길 36-5  ,1,1,0,0,0,1,0,1,0,1,1
391,16076,울산 힐링캠프,울산 울주군 상북면 소야정길 10 ,1,1,0,0,0,1,0,1,0,1,1
440,15645,티피 캠핑장,강원 고성군 죽왕면 괘진길 54 ,1,1,0,0,0,1,0,1,0,1,1
596,14420,은석캠핑장,경기 가평군 설악면 유명산길 61-75 ,1,1,0,0,0,1,0,1,0,1,1
697,13638,캄파슬로우캠핑장,강원 원주시 판부면 백운산길 67-103 ,1,1,0,0,0,1,0,1,0,1,1
727,13395,비학농원캠핑장,경기도 파주시 만월로613번길 217-0  ,1,1,0,0,0,1,0,1,0,1,1
805,13006,캠프오후4시,경기도 포천시 군내면 청군로 2864번길22  ,1,1,0,0,0,1,0,1,0,1,1
866,12666,에뜨유명산캠핑장,경기 가평군 설악면 유명산길 124-17 ,1,1,0,0,0,1,0,1,0,1,1
877,12648,내리 캠핑장,경기 평택시 팽성읍 내리길 64-23 ,1,1,0,0,0,1,0,1,0,1,1
919,12507,명지산카라반오토캠핑장,경기 가평군 북면 가화로 2932-23 ,1,1,0,0,0,1,0,1,0,1,1
973,12212,여주 카라반 체험장,경기 여주시 점동면 선사길 321 ,1,1,0,0,0,1,0,1,0,1,1
1005,12067,아버지의숲 산정캠프,경기도 포천시 영북면 산정호수로 558 ,1,1,0,0,0,1,0,1,0,1,1
1024,11968,한송오토캠핑장,경기 가평군 설악면 묵안로 1012 ,1,1,0,0,0,1,0,1,0,1,1
1071,11662,든해솔 계곡캠핑장,경상남도 산청군 신등면 정곡척지로 475번길 142-12 ,1,1,0,0,0,1,0,1,0,1,1
1086,11608,구룡레져타운야영장,강원도 원주시 소초면 치악로 3403  ,1,1,0,0,0,1,0,1,0,1,1
1110,11333,바람흔적 글램핑 앤 카라반,경남 합천군 가회면 대기1길 15-9 ,1,1,0,0,0,1,0,1,0,1,1
1128,11228,올리브 그린 펜션 글램핑,강원도 영월군 수주면 무릉법흥로 852-24  ,1,1,0,0,0,1,0,1,0,1,1
1132,11206,푸른숲캠핑장,경기 가평군 설악면 유명산길 61-108 ,1,1,0,0,0,1,0,1,0,1,1
1140,11158,연지곤지 캠핑장,경상북도 청도군 운문면 신원리 301-12  ,1,1,0,0,0,1,0,1,0,1,1
1195,10451,두산 캠핑장,강원 영월군 무릉도원면 새막골길 165-13 ,1,1,0,0,0,1,0,1,0,1,1
1211,9276,강화도 크로바 캠핑장,인천 강화군 길상면 해안남로 497-4 ,1,1,0,0,0,1,0,1,0,1,1
1247,7017,광덕그린농원 야영장,강원 화천군 사내면 검단길 213-31 ,1,1,0,0,0,1,0,1,0,1,1
1254,6710,강화 버팔로 캠팜,인천 강화군 하점면 고려산로 329-74 ,1,1,0,0,0,1,0,1,0,1,1
1317,4331,몽산포감성캠핑장,충남 태안군 남면 몽산포길 65-5 ,1,1,0,0,0,1,0,1,0,1,1
1320,4319,레끄레오캠핑장,경북 청도군 금천면 선암로 387-116 ,1,1,0,0,0,1,0,1,0,1,1
419,15807,보성드림캠핑장,전라남도 보성군 득량면 공룡로 751 ,1,1,0,0,1,0,0,1,0,1,1
632,14076,두산분교 캠핑장,강원 영월군 무릉도원면 두산길 237-4 ,1,1,0,0,1,0,0,1,0,1,1
182,20040,낙동강 레포츠밸리 강변오토캠핑장,대구시 달성군 구지면 오설리 873번지 ,1,1,1,1,0,0,0,1,0,1,1
230,18202,치악신림오토캠핑장,강원도 원주시 신림면 성남로 194  ,1,1,1,1,0,0,0,1,0,1,1
320,16989,밀양댐오토캠핑장,경상남도 밀양시 단장면 고례리 1512-1  ,1,1,1,1,0,0,0,1,0,1,1
787,13131,삼강나루캠핑장,경북 예천군 풍양면 삼강리길 47-14 ,1,1,1,1,0,0,0,1,0,1,1
825,12874,가온빌리지,경남 밀양시 산외면 산외강변로 309 ,1,1,1,1,0,0,0,1,0,1,1
1393,3502,에이미캠핑장,강원 영월군 김삿갓면 영월동로 1107-1 ,1,1,1,1,0,0,0,1,0,1,1
125,22476,도마치캠핑장,경기도 포천시 이동면 화동로 2318-6  ,1,1,0,1,0,0,0,1,0,1,1
349,16561,914 해변 캠핑장,전북 고창군 상하면 진암구시포로 539-18 ,1,1,0,1,0,0,0,1,0,1,1
464,15500,폭포가 있는 캠핑장,강원 인제군 북면 미시령로 1312 ,1,1,0,1,0,0,0,1,0,1,1
488,15137,장수방화동캠핑장,전라북도 장수군 번암면 사암리 64  ,1,1,0,1,0,0,0,1,0,1,1
590,14457,상우농장 야영장,강원 영월군 무릉도원면 무릉법흥로 994-23 ,1,1,0,1,0,0,0,1,0,1,1
1106,11346,황토와 통나무 캠핑장,강원 영월군 무릉도원면 백년계곡길 66-16 ,1,1,0,1,0,0,0,1,0,1,1
1141,11119,내리계곡 솔바람 캠핑장,강원 영월군 김삿갓면 내리계곡로 1039-14 ,1,1,0,1,0,0,0,1,0,1,1
1374,3714,가온오토캠핑장,경북 포항시 북구 죽장면 새마을로 3351 ,1,1,0,1,0,0,0,1,0,1,1
1380,3648,영흥도십리포캠핑장,인천 옹진군 영흥면 영흥북로 360 ,1,1,0,1,0,0,0,1,0,1,1
1415,3250,엠와이힐링캠핑장,경남 밀양시 활성로 296 (활성동) ,1,1,0,1,0,0,0,1,0,1,1
1437,2718,숲속의아침,강원 영월군 무릉도원면 무릉법흥로 1115 ,1,1,0,1,0,0,0,1,0,1,1
1242,7397,홍천강 이야기 글램핑,강원 홍천군 서면 개야강변길 112 ,1,0,0,1,0,0,0,1,0,1,1
1365,3916,모짜르트,경기 양평군 단월면 윗고북길 33-23 ,1,0,0,1,0,0,0,1,0,1,1
482,15210,농어바위캠핑장,인천 옹진군 영흥면 영흥서로 420-19 ,1,1,1,0,0,0,0,1,0,1,1
659,13961,제천 모노레일 글램핑,충북 제천시 청풍면 청풍명월로 898 ,1,1,1,0,0,0,0,1,0,1,1
812,12980,살둔마을 생둔분교 캠핑장,강원 홍천군 내면 살둔길 25 ,1,1,1,0,0,0,0,1,0,1,1
853,12759,꿈엔들 캠프장,강원 영월군 무릉도원면 무릉법흥로 968-12 ,1,1,1,0,0,0,0,1,0,1,1
1404,3376,밤벌캠핑장,경기 가평군 설악면 어비산길 15-23 ,1,1,1,0,0,0,0,1,0,1,1
46,31473,아빠캠핑가 오토캠핑장,충청북도 진천군 백곡면 안구수길 34-28  ,1,1,0,0,0,0,0,1,0,1,1
127,22345,트리캠핑장,인천광역시 옹진군 선재로306번길 27-55  ,1,1,0,0,0,0,0,1,0,1,1
258,17781,서해캠핑장,인천광역시 중구 을왕동 810-308 ,1,1,0,0,0,0,0,1,0,1,1
272,17507,늘솔길캠핑촌,경북 포항시 북구 기계면 봉좌산길 114 ,1,1,0,0,0,0,0,1,0,1,1
331,16769,들살이오토캠핑장,울산광역시 울주군 상북면 배내로 1064-4  ,1,1,0,0,0,0,0,1,0,1,1
400,15953,솔바다 캠핑장,인천광역시 옹진군 영흥면 내리 1665-48  ,1,1,0,0,0,0,0,1,0,1,1
414,15863,횡성산울림오토캠핑장,강원 횡성군 청일면 청일로895번길 127 ,1,1,0,0,0,0,0,1,0,1,1
445,15639,피플앤독 힐링캠핑장 ,충남 예산군 신양면 귀곡동절길 28-1 ,1,1,0,0,0,0,0,1,0,1,1
450,15607,횡성초보캠핑장,강원 횡성군 서원면 취석2길 187 ,1,1,0,0,0,0,0,1,0,1,1
544,14739,학암포 퍼스트 캠핑장,충청남도 태안군 원북면 옥파로 1169-3  ,1,1,0,0,0,0,0,1,0,1,1
548,14718,솔밭 캠프장,강원 영월군 무릉도원면 무릉법흥로 740 -,1,1,0,0,0,0,0,1,0,1,1
582,14498,심학산야영장,경기도 파주시 돌곶이길 57(서패동 178-18번지) ,1,1,0,0,0,0,0,1,0,1,1
634,14062,늘예솔글램핑,경남 거창군 북상면 덕유월성로 1384-5 ,1,1,0,0,0,0,0,1,0,1,1
640,14025,주문진글램핑오토캠핑장,강원 강릉시 주문진읍 신리천로 951-9 ,1,1,0,0,0,0,0,1,0,1,1
751,13288,영월 솔향기 캠핑장,강원 영월군 무릉도원면 무릉법흥로 787 ,1,1,0,0,0,0,0,1,0,1,1
769,13191,춘천Believing(빌리빙)캠핑장,강원 춘천시 사북면 화악지암길 600-112 ,1,1,0,0,0,0,0,1,0,1,1
775,13165,주식회사 클럽 프라비다,경기도 포천시 이동면 도평리 572-3 ,1,1,0,0,0,0,0,1,0,1,1
778,13150,물마루 캠핑장,강원 영월군 무릉도원면 두산길 106 ,1,1,0,0,0,0,0,1,0,1,1
903,12545,해지개캠핑장,경기도 연천군 미산면 어삼로 391-102 ,1,1,0,0,0,0,0,1,0,1,1
908,12536,추억만들기 캠핑장,경기 여주시 북내면 당전로 470 ,1,1,0,0,0,0,0,1,0,1,1
921,12498,사랑나무 캠핑장,강원도 영월군 김삿갓면 내리계곡로 131-12  ,1,1,0,0,0,0,0,1,0,1,1
923,12492,다람쥐 쉼터,전라북도 완주군 운주면 금고당로 1016  ,1,1,0,0,0,0,0,1,0,1,1
961,12239,길캠프,강원도 영월군 수주면 두산리 810  ,1,1,0,0,0,0,0,1,0,1,1
966,12234,정든 캠핑장,강원 영월군 무릉도원면 무릉법흥로 644-9 ,1,1,0,0,0,0,0,1,0,1,1
979,12190,금물산하늘소캠프,경기 양평군 청운면 삼백골길 45 ,1,1,0,0,0,0,0,1,0,1,1
1008,12047,소나무와 계곡 캠핑장,강원 영월군 무릉도원면 백년계곡길 88-3 ,1,1,0,0,0,0,0,1,0,1,1
1021,11975,다옴 햇골 캠핑장,강원 화천군 사내면 소이길 42 ,1,1,0,0,0,0,0,1,0,1,1
1043,11794,영월산여울캠핑장,강원 영월군 무릉도원면 백년계곡길 142 ,1,1,0,0,0,0,0,1,0,1,1
1048,11785,영월캠프,강원 영월군 무릉도원면 무릉법흥로 1208-56 ,1,1,0,0,0,0,0,1,0,1,1
1068,11681,섬지골 캠핑장,강원 영월군 상동읍 섬지골길 19 ,1,1,0,0,0,0,0,1,0,1,1
1073,11661,파라다이스캠프,강원 영월군 무릉도원면 무릉법흥로 1128-10 ,1,1,0,0,0,0,0,1,0,1,1
1114,11299,한다리골 야영장,강원 원주시 소초면 백교길 84-15 ,1,1,0,0,0,0,0,1,0,1,1
1122,11239,자연속 캠핑장,경상북도 청도군 운문면 운문로 1398  ,1,1,0,0,0,0,0,1,0,1,1
1136,11163,캠프락캠핑장,가평군 상면 원흥리 514-2 ,1,1,0,0,0,0,0,1,0,1,1
1182,10787,새막골 캠프,강원 영월군 무릉도원면 새막골길 72-115 ,1,1,0,0,0,0,0,1,0,1,1
1188,10703,예다움 캠핑장,강원 영월군 김삿갓면 내리계곡로 1162-1 ,1,1,0,0,0,0,0,1,0,1,1
1196,10450,더좋은 펜션 캠핑장,강원도 영월군 수주면 엄둔길 180  ,1,1,0,0,0,0,0,1,0,1,1
1210,9300,영월한반도캠핑장,강원 영월군 한반도면 후탄로 826 ,1,1,0,0,0,0,0,1,0,1,1
1243,7392,양평카라반파파,경기 양평군 단월면 석산로 1413 ,1,1,0,0,0,0,0,1,0,1,1
1248,7012,물가솔솔캠핑장,강원 홍천군 내면 을수길 153-6 ,1,1,0,0,0,0,0,1,0,1,1
1251,6802,캠프 인디오,강원 홍천군 동면 후동길128번길 53 ,1,1,0,0,0,0,0,1,0,1,1
1255,6634,우니메이카 캠핑장 양양점,강원 양양군 현북면 법수치길 1029 ,1,1,0,0,0,0,0,1,0,1,1
1266,5359,담터 금학캠핑장,경기 포천시 관인면 담터길 339 ,1,1,0,0,0,0,0,1,0,1,1
1293,4575,러빙네이쳐,강원 인제군 남면 설악로 1129 ,1,1,0,0,0,0,0,1,0,1,1
1307,4431,우니메이카(연천점),경기 연천군 중면 합내로 458 ,1,1,0,0,0,0,0,1,0,1,1
1308,4420,해피니스 캠핑장,경기 양주시 장흥면 권율로309번길 317-196 ,1,1,0,0,0,0,0,1,0,1,1
1323,4312,양평숲 비룡캠프장,경기 양평군 청운면 목내미길 83-215 ,1,1,0,0,0,0,0,1,0,1,1
1330,4231,강가민박캠핑장,경남 거창군 북상면 덕유월성로 2123-15 ,1,1,0,0,0,0,0,1,0,1,1
1336,4123,캠핑느루,강원 고성군 토성면 미시령폭포길 64 ,1,1,0,0,0,0,0,1,0,1,1
1355,3964,경주 캠핑573,경북 경주시 현곡면 새안현로 507-19 ,1,1,0,0,0,0,0,1,0,1,1
1357,3941,바다다 캠핑장,인천 강화군 화도면 해안남로 2739-36 ,1,1,0,0,0,0,0,1,0,1,1
1409,3282,강변글램핑,경기 김포시 금포로 1202 (운양동) ,1,1,0,0,0,0,0,1,0,1,1
1419,3209,사발소캠핑장,강원 횡성군 갑천면 어답산로 60-15 ,1,1,0,0,0,0,0,1,0,1,1
1424,3175,홍천 반딧불캠핑장,강원 홍천군 화촌면 도심리길 181 ,1,1,0,0,0,0,0,1,0,1,1
1448,2446,스테이 272,경기 이천시 마장면 이장로60번길 34-42 ,1,1,0,0,0,0,0,1,0,1,1
253,17881,호명산잣나무숲속캠핑장,경기 가평군 청평면 상지로64번길 77 ,1,0,0,0,0,0,0,1,0,1,1
1146,11103,모야의숲 캠핑장,강원 횡성군 청일면 청일로 986 ,1,0,0,0,0,0,0,1,0,1,1
1250,6837,늘솔길 캠핑장,강원 춘천시 동면 야시대로 1502 ,1,0,0,0,0,0,0,1,0,1,1
1275,5198,자작도캠핑장,강원 고성군 죽왕면 삼포해변길 94 ,1,0,0,0,0,0,0,1,0,1,1
1326,4269,(주)웨이브파크,경기 시흥시 거북섬둘레길 42 (정왕동) ,1,0,0,0,0,0,0,1,0,1,1
1350,4040,오색허브농원 캠핑장,강원 양양군 서면 송어길 38 ,1,0,0,0,0,0,0,1,0,1,1
1445,2589,보물나라캠프,경기 연천군 신서면 동내로 1359 ,1,0,0,0,0,0,0,1,0,1,1
329,16788,공주계곡캠핑장,충남 공주시 사곡면 운정길 20 ,1,1,0,1,0,1,1,0,0,1,1
791,13119,에어그라운드,제주특별자치도 서귀포시 남원읍 남태해안로 439 ,1,1,1,0,0,1,1,0,0,1,1
729,13391,산장관광지,경기 가평군 가평읍 문화로 131 ,1,0,1,0,0,1,1,0,0,1,1
256,17810,황산문화체육공원 국민여가캠핑장,경남 양산시 물금읍 낙동로 295-19 ,1,1,0,0,0,1,1,0,0,1,1
605,14331,맑은숲캠프,경기도 양평군 청운면 다대리 산45-2번지 ,1,1,0,0,0,1,1,0,0,1,1
116,22928,대저생태공원 캠핑장,부산광역시 강서구 대저1동 1-5번지 ,1,1,0,0,0,0,1,0,0,1,1
927,12464,진부(오대산)관광농원,강원 평창군 진부면 아차골길 34-15 ,1,1,0,0,0,0,1,0,0,1,1
1072,11661,자연에 머물다,강원 춘천시 사북면 화악지암길 186 ,1,1,0,1,0,1,0,0,0,1,1
1290,4644,웨이브 글램핑,경북 포항시 남구 구룡포읍 일출로 465 ,1,1,0,1,0,1,0,0,0,1,1
60,28251,초안산캠핑장,서울시 노원구 월계동 750번지 ,1,1,1,0,0,1,0,0,0,1,1
6,86359,장호비치캠핑장,강원도 삼척시 근덕면 삼척로 2116 ,1,1,0,0,0,1,0,0,0,1,1
62,27904,대풍바위 오토캠핑장,경상남도 통영시 욕지면 동항리 649-8  ,1,1,0,0,0,1,0,0,0,1,1
92,24447,영덕 더스트림 카라반야영장,경북 영덕군 강구면 영덕대게로 579 ,1,1,0,0,0,1,0,0,0,1,1
120,22647,갯골캠핑장,경기도 시흥시 월곶동 520-240  ,1,1,0,0,0,1,0,0,0,1,1
439,15649,횡성군 병지방 오토캠핑장,강원도 횡성군 갑천면 어답산로 516  ,1,1,0,0,0,1,0,0,0,1,1
898,12559,캠프통 아일랜드,경기 가평군 청평면 호반로 976 ,1,1,0,0,0,1,0,0,0,1,1
1258,6412,우이동 가족캠핑장,서울 강북구 삼양로181길 28 (우이동) ,1,1,0,0,0,1,0,0,0,1,1
1410,3279,호미곶유니의바다 카라반캠핑장,경북 포항시 남구 호미곶면 해맞이로46번길 134 ,1,1,0,0,0,1,0,0,0,1,1
49,31256,추암오토캠핑장,강원 동해시 촛대바위길 28 (추암동) ,1,0,0,0,0,1,0,0,0,1,1
87,24814,청간정 콘도 카라반 캠핑장,강원 고성군 토성면 중앙로 642-22 ,1,0,0,0,0,1,0,0,0,1,1
763,13227,화암약수 야영장,강원도 정선군 화암면 약수길 1300  ,1,0,0,0,0,1,0,0,0,1,1
1282,4876,높은터 캠핑장,강원 홍천군 홍천읍 높은터로 235 ,1,0,0,0,0,1,0,0,0,1,1
1436,2747,라라캠핑장,경남 양산시 원동면 원동로 1899-30 ,1,0,0,0,0,1,0,0,0,1,1
863,12705,가리산자연휴양림 야영장,강원도 홍천군 두촌면 가리산길 426  ,0,0,0,0,0,1,0,0,0,1,1
1107,11342,고운마을캠핑장,경북 의성군 단촌면 고운사길 203-21 ,1,1,1,0,1,0,0,0,0,1,1
669,13877,사과향기캠핑장,경상남도 밀양시 산내면 얼음골옛길 347-12  ,1,1,1,1,0,0,0,0,0,1,1
988,12145,오크힐글램핑,인천 강화군 화도면 해안남로1998번길 8-28 ,1,1,0,1,0,0,0,0,0,1,1
85,25036,맹방 비치캠핑장,강원도 삼척시 근덕면 하맹방리 산 1-7 ,1,1,0,0,0,0,0,0,0,1,1
198,19195,서울 서초 글램핑 청계산장,서울 서초구 청계산로 140-94 (원지동) ,1,1,0,0,0,0,0,0,0,1,1
214,18606,회동솔향캠핑장,강원 정선군 정선읍 가리왕산로 570-6 ,1,1,0,0,0,0,0,0,0,1,1
766,13218,남강 캠프,강원 영월군 무릉도원면 무릉법흥로 1050-16 ,1,1,0,0,0,0,0,0,0,1,1
839,12824,트윈스캠핑장,충남 아산시 도고면 도고면로 117 ,1,1,0,0,0,0,0,0,0,1,1
1099,11413,웰리힐리파크 오토캠핑장, ,1,1,0,0,0,0,0,0,0,1,1
1376,3704,이천 인휴 글램핑,경기 이천시 모가면 진상미로1385번길 221-6 ,1,1,0,0,0,0,0,0,0,1,1
201,19157,백도오토야영장,강원 고성군 죽왕면 문암항길 133 ,1,0,0,0,0,0,0,0,0,1,1
484,15174,청도감꽃 국민여가캠핑장,경상북도 청도군 매전면 청매로 825 ,1,0,0,0,0,0,0,0,0,1,1
490,15121,순천 승주CC 글램핑,전라남도 순천시 별량면 오실길 333-1 ,1,0,0,0,0,0,0,0,0,1,1
978,12193,조각가 박시동 미술관,경기도 연천군 백왕로225번길 240-1  ,1,0,0,0,0,0,0,0,0,1,1
1233,8071,행복한 체험 캠핑장,경기 김포시 금포로 1196 (운양동) ,1,0,0,0,0,0,0,0,0,1,1
1414,3254,청춘캠핑장,경기 가평군 가평읍 호반로 1700 ,1,0,0,0,0,0,0,0,0,1,1
312,17074,상주보 오토캠핑장,경상북도 상주시 도남동 120-4 ,1,1,1,0,1,1,1,1,1,0,1
526,14867,옛서당캠핑농원,전라남도 장성군 삼계면 화산길 1  ,1,1,1,0,1,1,1,1,1,0,1
24,39192,호수산장관광농원,경기 여주시 가남읍 신해1길 95-52 ,1,1,0,0,1,1,1,1,1,0,1
39,35657,로하스 가족공원 캠핑장,대전 대덕구 대청로424번길 200 (미호동) ,1,1,0,0,1,1,1,1,1,0,1
614,14199,도토리캠프,경상남도 진주시 명석면 광제산로 737  ,1,1,1,1,0,1,1,1,1,0,1
803,13023,숲속의 쉼터,경기도 연천군 전곡읍 양원로268번길 85  ,1,1,1,1,0,1,1,1,1,0,1
1129,11221,봄날처럼,경북 경주시 안강읍 호국로 2522-12 ,1,1,1,1,0,1,1,1,1,0,1
1104,11356,청천 화양동관광농원 초롱이캠핑장,충청북도 괴산군 청천면 다보길 8  ,1,1,0,1,0,1,1,1,1,0,1
515,14947,한실관광농원 야영장,전라남도 장성군 삼서면 대곡한실길 68-17  ,1,1,1,0,0,1,1,1,1,0,1
581,14502,사계절오토캠핑장,충청남도 공주시 유구읍 무드리길 64  ,1,1,1,0,0,1,1,1,1,0,1
963,12237,땅에미소 오토캠핑장,경기도 연천군 청산면 거저울길 339  ,1,1,1,0,0,1,1,1,1,0,1
1034,11892,영천시 공예촌 캠핑체험장,경상북도 영천시 자양면 포은로 1625-11  ,1,1,1,0,0,1,1,1,1,0,1
1228,8300,행운야영장,경기 양주시 마전로212번길 79-72 (마전동) ,1,1,1,0,0,1,1,1,1,0,1
50,31052,충주호캠핑월드,충청북도 충주시 동량면 호반로 696-1  ,1,1,0,0,0,1,1,1,1,0,1
246,17939,만석꾼 캠핑장,부산광역시 기장군 장안읍 월내4길 56-17  ,1,1,0,0,0,1,1,1,1,0,1
452,15596,유치 자연휴양림,전라남도 장흥군 유치면 휴양림길 154  ,1,1,0,0,0,1,1,1,1,0,1
463,15513,너와두리농촌캠핑장,충청북도 옥천군 청성면 한두레로 387  ,1,1,0,0,0,1,1,1,1,0,1
525,14904,맑은누리 캠핑장,충청북도 영동군 상촌면 물한계곡로 1212  ,1,1,0,0,0,1,1,1,1,0,1
796,13075,예손농원캠핑장,경기 포천시 영북면 여우고개로 7 ,1,1,0,0,0,1,1,1,1,0,1
799,13069,안태울캠핑장,경기도 양주시 광적면 화합로81번길 375-66  ,1,1,0,0,0,1,1,1,1,0,1
811,12982,휴파크 오토캠핑장,전라남도 장성군 황룡면 아곡리 293-4 ,1,1,0,0,0,1,1,1,1,0,1
880,12641,팜스토리,경북 청도군 운문면 운북로 443-18 ,1,1,0,0,0,1,1,1,1,0,1
1184,10783,선달산계곡캠핑장,영주시 부석면 영부로 890번길 61-50 ,1,1,0,0,0,1,1,1,1,0,1
27,38357,도래재별빛마을캠핑장,경남 밀양시 단장면 도래재로 578-10 ,1,0,0,0,0,1,1,1,1,0,1
483,15202,더드림핑 야영장,경기도 남양주시 화도읍 금남리 123번지 ,0,0,0,0,0,1,1,1,1,0,1
508,14994,써니밸리 오토캠핑장,충북 괴산군 청천면 화양로 715  외3필지 ,1,1,1,1,1,0,1,1,1,0,1
977,12194,도레미 캠핑장,충청북도 괴산군 불정면 관동로세평4길 24  ,1,1,1,1,1,0,1,1,1,0,1
222,18329,청암산오토캠핑장,전라북도 군산시 옥산면 대위로 50 ,1,1,1,0,1,0,1,1,1,0,1
970,12222,애플 글램핑,전라남도 장성군 담장로 1279-0  ,0,0,0,1,0,0,1,1,1,0,1
755,13267,햇살아래 캠핑장,충청북도 충주시 대소원면 창현로 809  ,1,1,1,0,0,0,1,1,1,0,1
1174,10878,베리굿 오토캠핑장,전남 함평군 신광면 삼무길 137-33 ,1,1,1,0,0,0,1,1,1,0,1
356,16463,루파니애견캠핑장,충북 괴산군 감물면 감물로 362-54 ,1,1,0,0,0,0,1,1,1,0,1
1138,11161,여주참숯마을 캠핑장,경기도 여주군 강천면 이호리 65-6 ,1,0,0,0,0,0,1,1,1,0,1
949,12333,청운오토캠핑장,경기 양평군 청운면 수풀길 37 ,1,1,0,1,1,1,0,1,1,0,1
1316,4351,에프앤에프캠핑,충북 제천시 봉양읍 명암로 635 ,1,1,0,1,1,1,0,1,1,0,1
604,14356,석양마을 주포,전라남도 함평군 함평읍 주포로 403-6 ,1,1,1,0,1,1,0,1,1,0,1
838,12827,숲속캠핑장,경북 봉화군 물야면 오록3길 63-315 ,1,1,1,0,1,1,0,1,1,0,1
292,17311,용두산오토캠핑장,충북 제천시 명암로 1040 (모산동) ,1,1,0,0,1,1,0,1,1,0,1
367,16329,강변사리 캠핑장,전라북도 임실군 덕치면 강동로 865-20 ,1,1,0,0,1,1,0,1,1,0,1
841,12820,계곡풍경캠핑장,경기 가평군 북면 가화로 2389-38 ,1,1,0,0,1,1,0,1,1,0,1
228,18272,휴앤락캠핑장,경북 경주시 석현로 110-49 (석장동) ,1,1,1,1,0,1,0,1,1,0,1
261,17734,광릉숲 이야기 캠핑장,경기 포천시 소흘읍 직동길 44 ,1,1,1,1,0,1,0,1,1,0,1
406,15919,용인힐링캠핑장,경기 용인시 처인구 원삼면 보개원삼로 1361 ,1,1,1,1,0,1,0,1,1,0,1
1144,11116,자연애캠핑장,충청북도 괴산군 괴산읍 능촌로 390 ,1,1,1,1,0,1,0,1,1,0,1
138,21888,전원일기마을 오토캠핑장,경기도 양주시 장흥면 삼하리 210-1 ,1,1,0,1,0,1,0,1,1,0,1
323,16957,단양 무지개 오토캠핑장,충북 단양군 가곡면 가대리 55 ,1,1,0,1,0,1,0,1,1,0,1
338,16680,태안별빛오토캠핑장,충남 태안군 소원면 법산길 160-20 ,1,1,0,1,0,1,0,1,1,0,1
644,14009,자연속캠핑장,경상남도 밀양시 산내면 용전리 403-1 ,1,1,0,1,0,1,0,1,1,0,1
738,13343,양주산막골캠핑장,경기도 양주시 백석읍 기산로 414-20  ,1,1,0,1,0,1,0,1,1,0,1
1218,8429,프라도 캠핑장,경기 가평군 북면 화악산로207번길 5-29 ,1,1,0,1,0,1,0,1,1,0,1
1359,3939,천안밤나무골 가족캠핑장,충남 천안시 서북구 성거읍 보명사길 74-13 ,1,1,0,1,0,1,0,1,1,0,1
486,15152,힐사이드캠핑장,충북 진천군 문백면 태락3길 5-115 ,1,0,0,1,0,1,0,1,1,0,1
474,15394,통영캠핑스토리,경상남도 통영시 산양읍 봉전상촌길46번지 ,1,1,1,0,0,1,0,1,1,0,1
524,14908,월악 한울 오토캠핑장,충북 제천시 덕산면 월악산로 6 ,1,1,1,0,0,1,0,1,1,0,1
615,14194,곤달비캠프,경북 경주시 산내면 하신길 58-31 ,1,1,1,0,0,1,0,1,1,0,1
842,12819,청송오토캠핑장,경북 청송군 부남면 얼음골로 690 ,1,1,1,0,0,1,0,1,1,0,1
1044,11793,신화가족목공체험 캠핑소,경기도 양평군 강상면 강상로 326  ,1,1,1,0,0,1,0,1,1,0,1
1352,4015,에코밸리 캠프,경북 경주시 산내면 문복로 506-16 ,1,1,1,0,0,1,0,1,1,0,1
9,66657,태안둘레길캠핑장,충남 태안군 이원면 꾸지나무길 37-78 ,1,1,0,0,0,1,0,1,1,0,1
14,53444,꿈꾸는캠핑장,전남 곡성군 고달면 고산로 325 ,1,1,0,0,0,1,0,1,1,0,1
89,24689,하늘바다오토캠핑장,전라남도 신안군 안좌면 존포길 234-63 ,1,1,0,0,0,1,0,1,1,0,1
194,19426,장항오토캠핑장,충남 서천군 장항읍 장항산단로34번길 48-38 ,1,1,0,0,0,1,0,1,1,0,1
283,17372,달곡캠프,울산광역시 북구 무룡동 608-1  ,1,1,0,0,0,1,0,1,1,0,1
443,15642,청풍호오토캠핑장,충청북도 제천시 금성면 성내리 41-4  ,1,1,0,0,0,1,0,1,1,0,1
455,15582,내안의 숲 오토캠핑장,충청남도 부여군 옥산면 내대리 산28-1  ,1,1,0,0,0,1,0,1,1,0,1
531,14835,무주 구천동 캠핑장,전북 무주군 설천면 원심곡1길 11 ,1,1,0,0,0,1,0,1,1,0,1
607,14324,포천 화적연 캠핑장,경기 포천시 관인면 사정리 76-1 ,1,1,0,0,0,1,0,1,1,0,1
719,13453,봉봉자연 관광농원,경기 용인시 처인구 이동읍 백자로184번길 19 ,1,1,0,0,0,1,0,1,1,0,1
739,13337,덕동 산상낙원,충청북도 제천시 덕동로 609-90  ,1,1,0,0,0,1,0,1,1,0,1
984,12170,아우라지 글램핑,강원도 정선군 여량면 노추산로 520  ,1,1,0,0,0,1,0,1,1,0,1
1161,11041,낭만가족 캠핑장,경기도 포천시 신북면 지동길 205  ,1,1,0,0,0,1,0,1,1,0,1
1231,8111,돈내미농장,경기 동두천시 천보산로456번길 49-1 (탑동동) ,1,1,0,0,0,1,0,1,1,0,1
1291,4635,월성자연캠핑야영장,경남 거창군 북상면 덕유월성로 1170-19 ,1,1,0,0,0,1,0,1,1,0,1
1314,4372,발자크펜션캠핑장,충북 제천시 백운면 덕동로 207-3 ,1,1,0,0,0,1,0,1,1,0,1
1329,4232,하늘아래 야영장,대구 수성구 진밭길 420 (범물동) ,1,1,0,0,0,1,0,1,1,0,1
1377,3697,천주봉 캠핑장,경북 문경시 동로면 금천로 2117 ,1,1,0,0,0,1,0,1,1,0,1
1383,3637,아이프로방스,충북 청주시 상당구 미원면 남부로 6774 ,1,1,0,0,0,1,0,1,1,0,1
1430,3056,속리산풍경캠핑장,충북 보은군 속리산면 중판1길 24 ,1,1,0,0,0,1,0,1,1,0,1
1016,11992,낭만캠프,강원 화천군 간동면 모현동로 185-41 ,1,1,0,0,1,0,0,1,1,0,1
1212,9253,백운일출캠핑장,충북 제천시 백운면 구학산로 907-2 ,1,1,0,0,1,0,0,1,1,0,1
249,17926,경주초우오토캠핑장,경상북도 경주시 동방동 산업로 3549-30  ,1,1,1,1,0,0,0,1,1,0,1
922,12494,보경사힐링캠핑장,포항시 북구 송라면 보경로 307 ,1,1,1,1,0,0,0,1,1,0,1
1256,6633,유곡면 농촌체험랜드,경남 의령군 유곡면 청정로 2278 ,1,1,1,1,0,0,0,1,1,0,1
169,20293,월악파인오토캠핑장,충북 제천시 덕산면 월악산로 721-12 ,1,1,0,1,0,0,0,1,1,0,1
178,20106,천안OK캠핑,충남 천안시 동남구 북면 오곡1길 4-30 ,1,1,0,1,0,0,0,1,1,0,1
245,17966,밤골캠핑장,경기도 파주시 장승배기로268번길 143-0  ,1,1,0,1,0,0,0,1,1,0,1
413,15875,강당골캠핑파크,충남 아산시 송악면 강당로 187-17 ,1,1,0,1,0,0,0,1,1,0,1
661,13948,가마실캠핑장,충북 제천시 의병대로61길 50 (자작동) ,1,1,0,1,0,0,0,1,1,0,1
692,13735,대장경오토캠핑장,경상남도 합천군 가야면 야천리 896 ,1,1,0,1,0,0,0,1,1,0,1
741,13337,산새소리캠핑장,충북 괴산군 청천면 도경로여사왕 2길 4-67 ,1,1,0,1,0,0,0,1,1,0,1
972,12219,렛츠고 강화캠핑,인천 강화군 화도면 동녘말길 238-13 ,1,1,0,1,0,0,0,1,1,0,1
1042,11797,영월약수터 오토캠핑장,강원 영월군 산솔면 태백산로 1133-7 ,1,1,0,1,0,0,0,1,1,0,1
114,23064,성주물가애오토캠핑장,경북 성주군 수륜면 신정3길 2-19 ,1,1,1,0,0,0,0,1,1,0,1
495,15096,삼남매와 뭉치네 캠핑장,강원 평창군 봉평면 상포항길 91-10 ,1,1,1,0,0,0,0,1,1,0,1
1406,3346,우니메이카 밀양점,경남 밀양시 단장면 국전로 78-5 ,1,1,1,0,0,0,0,1,1,0,1
892,12607,마노아워터캠핑장,경남 합천군 봉산면 압곡3길 9 ,1,1,0,0,0,0,0,1,1,0,1
985,12168,아날로거 무릉도원점,강원도 영월군 수주면 아래골길 10  ,1,1,0,0,0,0,0,1,1,0,1
1007,12064,행복한나드리캠핑장,충북 제천시 봉양읍 옥전길 156 ,1,1,0,0,0,0,0,1,1,0,1
1265,5610,글로리아 야영장,충남 홍성군 서부면 서부서길554번길 58 ,1,1,0,0,0,0,0,1,1,0,1
808,13000,연지곤지팜캠핑장,경기 포천시 소흘읍 직동길 48 ,1,0,0,0,0,0,0,1,1,0,1
1130,11209,하솜캠프,경기 포천시 일동면 무리울길 40 ,1,0,0,0,0,0,0,1,1,0,1
459,15553,무안황토갯벌랜드 오토캠핑장,전남 무안군 해제면 만송로 36 ,1,1,1,0,1,1,1,0,1,0,1
35,36418,천동오토캠핑장,충북 단양군 단양읍 다리안로 534 ,1,1,0,0,1,1,1,0,1,0,1
65,27665,예천군 곤충나라 사과테마파크 오토캠핑장,경상북도 예천군 효자면 제촌길 58-2 ,1,1,0,0,1,1,1,0,1,0,1
929,12462,학가산 우래 자연휴양림,경상북도 예천군 보문면 휴양림길 210  ,1,1,0,0,1,1,1,0,1,0,1
203,19037,가산 글램핑,경북 칠곡군 가산면 학하2길 54-55 ,1,1,0,1,0,1,1,0,1,0,1
519,14939,땅끝황토나라테마촌,전라남도 해남군 송지면 땅끝해안로 1730  ,1,1,1,0,0,1,1,0,1,0,1
777,13159,오크밸리카라반캠핑장,강원도 원주시 지정면 판대리 577-7  ,1,1,1,0,0,1,1,0,1,0,1
1319,4323,낭추골캠핑장,충북 청주시 상당구 낭성면 단재로 1890 ,1,1,1,0,0,1,1,0,1,0,1
1055,11769,모래재캠핑장,충북 괴산군 사리면 모래재로 483-12 ,1,1,0,0,0,1,1,0,1,0,1
655,13982,한반도 솔숲 쉼터,강원 영월군 한반도면 서강로 1159-93 ,1,0,0,1,1,0,1,0,1,0,1
934,12425,숲이조아 오토캠핑장,경상북도 문경시 농암면 율수리 296-4  ,1,1,1,0,0,0,1,0,1,0,1
239,18054,고성다이노캠핑장,경상남도 고성군 삼산면 두포리 174-3 ,1,1,0,0,0,0,1,0,1,0,1
404,15926,입화산 참살이숲 제2오토캠핑장,울산광역시 중구 다운동 8번지 ,1,1,0,0,0,0,1,0,1,0,1
514,14952,휴리조트 캠핑장,경기 양주시 만송로366번길 215-29 (만송동) ,1,1,0,0,0,0,1,0,1,0,1
1120,11242,밀양댐 스쿨캠핑장,경남 밀양시 단장면 고례2길 3 ,1,1,0,0,0,0,1,0,1,0,1
567,14579,대부도캠핑성,경기 안산시 단원구 부흥로 232-68 (대부남동) ,1,1,1,1,1,1,0,0,1,0,1
1093,11426,성주봉 자연휴양림,경상북도 상주시 은척면 성주봉로 3  ,0,0,0,0,1,1,0,0,1,0,1
225,18287,진북 편백골 관광농원 캠핑장,경남 창원시 마산합포구 진북면 금산길 209-81 ,1,1,1,1,0,1,0,0,1,0,1
698,13637,대둔산 그린시티 오토캠핑장,전라북도 완주군 운주면 산북리 157-1  ,1,1,0,1,0,1,0,0,1,0,1
938,12408,센티마르글램핑,충청남도 태안군 원북면 방갈리 515-43  ,1,1,0,1,0,1,0,0,1,0,1
1200,10419,월드니스,강원도 영월군 수주면  도원운학로 475-10  ,1,1,1,0,0,1,0,0,1,0,1
788,13130,칠갑산 자연휴양림,충남 청양군 대치면 칠갑산로 668-103 ,1,0,1,0,0,1,0,0,1,0,1
22,40497,송정솔바람야영장,경남 남해군 미조면 미송로 483 ,1,1,0,0,0,1,0,0,1,0,1
32,37142,옥계오토캠핑장,경남 거제시 하청면 칠천로 265-17 ,1,1,0,0,0,1,0,0,1,0,1
77,25462,칠곡보 오토캠핑장,경북 칠곡군 약목면 관호리 8 ,1,1,0,0,0,1,0,0,1,0,1
195,19413,더무빙카라반,부산광역시 기장군 장안읍 해맞이로 290  ,1,1,0,0,0,1,0,0,1,0,1
289,17339,지리산 숲속의 쉼터,경상남도 산청군 시천면 세석길 195-15 ,1,1,0,0,0,1,0,0,1,0,1
454,15591,오투글램핑,대구 달성군 옥포읍 옥포로111길 95-17 ,1,1,0,0,0,1,0,0,1,0,1
869,12663,별고을오토캠핑장,경북 성주군 금수면 성주로 660 ,1,1,0,0,0,1,0,0,1,0,1
1010,12044,철원가산농원캠핑장,강원도 철원군 갈말읍 상사리 628-3  ,1,1,0,0,0,1,0,0,1,0,1
1324,4306,보라보라카라반 캠핑장,경북 포항시 북구 청하면 해안로 2264 ,1,1,0,0,0,1,0,0,1,0,1
1388,3550,학암포글램핑,충청남도 태안군 원북면 방갈리 515-26  ,1,1,0,0,0,1,0,0,1,0,1
1422,3192,지리산365오토캠핑펜션,경남 산청군 시천면 지리산대로 605 ,1,1,0,0,0,1,0,0,1,0,1
1039,11853,무주 글램핑,전북 무주군 설천면 구천동1로 138 ,0,0,0,0,0,1,0,0,1,0,1
1069,11678,태라 글램핑,제천시 봉양읍 옥전리 117-1 ,1,1,0,0,1,0,0,0,1,0,1
786,13132,벨라캠핑장,경기 동두천시 탑신로237번길 39 (탑동동) ,1,1,0,1,0,0,0,0,1,0,1
293,17292,밀양강 캠프스쿨,경상남도 밀양시 산외면 단산길 2-5  ,1,1,0,0,0,0,0,0,1,0,1
374,16259,사선대캠핑장,전북 임실군 관촌면 춘향로 3441-26 ,1,1,0,0,0,0,0,0,1,0,1
747,13319,봉식이놀이터,경북 청도군 풍각면 봉수길 749-8 ,1,1,0,0,0,0,0,0,1,0,1
1001,12103,금광관광농원 캠핑장,경기도 안성시 금광면 현곡리 517 ,1,1,0,0,0,0,0,0,1,0,1
1154,11071,써니힐글램핑,강원 횡성군 우천면 경강로 3487-22 ,1,1,0,0,0,0,0,0,1,0,1
672,13873,칠갑산도림휴게소캠핑장,충남 청양군 장평면 도림로 343 ,0,1,0,0,0,0,0,0,1,0,1
873,12650,제천옛날학교캠핑장,충북 제천시 덕산면 후청골길 72 ,0,1,0,0,0,0,0,0,1,0,1
997,12123,에코유 캠핑장,경기 동두천시 천보산로359번길 55 (탑동동) ,0,1,0,0,0,0,0,0,1,0,1
394,16023,천문대오토캠핑장,경남 김해시 생림면 인제로 545-59 ,1,0,0,0,0,0,0,0,1,0,1
563,14593,태백 눈꽃 야영장,강원 태백시 태백산로 4769 (소도동) ,1,0,0,0,0,0,0,0,1,0,1
835,12840,와우파크,강원 강릉시 사천면 공회당길 7-13 ,1,0,0,0,0,0,0,0,1,0,1
937,12410,이안숲속오토캠핑장,충청남도 공주시 반포면 수목원길 25  ,1,0,0,0,0,0,0,0,1,0,1
704,13614,블루웨일 글램핑,경남 고성군 삼산면 두포5길 113-139 ,0,0,0,0,0,0,0,0,1,0,1
715,13509,글램핑클럽레스피아in파주,경기도 파주시 월롱면 도감로 130 ,0,0,0,0,0,0,0,0,1,0,1
983,12171,양평 베이스캠프,경기도 양평군 경강로 2277-21  ,0,0,0,0,0,0,0,0,1,0,1
1162,11039,용추밸리 캠프 야영장,경남 함양군 안의면 매바위길 14 ,0,0,0,0,0,0,0,0,1,0,1
7,86331,수도권매립지 캠핑장,인천 서구 정서진로 500 (오류동) ,1,1,1,0,1,1,1,1,0,0,1
328,16790,청천수목원 야영장,충청북도 괴산군 청천면 도원1길 68  ,1,1,0,0,1,1,1,1,0,0,1
706,13605,포천자연마을 서울캠핑장,경기 포천시 관인면 북원로 371-115 (구) 사정분교 ,1,1,0,0,1,1,1,1,0,0,1
732,13381,대궐오토캠핑장,경기도 양주시 백석읍 기산로440번길 177  ,1,1,0,0,1,1,1,1,0,0,1
1006,12067,계곡과소나무 오토캠핑장,경기도 포천시 일동면 무리울길 283  ,1,1,0,0,1,1,1,1,0,0,1
752,13285,월악산광천민박펜션,충북 제천시 덕산면 월악산로5길 18-1 ,1,0,0,0,1,1,1,1,0,0,1
754,13269,"블루오션리조트, 오션파크",충청남도 태안군 남면 신장리 353-148  ,1,1,1,0,0,1,1,1,0,0,1
307,17129,순창향 관광농원 오토캠핑장,전라북도 순창군 구림면 구림로 3-2  ,1,1,0,0,0,1,1,1,0,0,1
494,15097,문앤스타 캠핑장,경기 양평군 용문면 중원산로 478 ,1,1,0,0,0,1,1,1,0,0,1
743,13326,연미향마을 오토캠핑장,경기 용인시 처인구 원삼면 백원로 128-7 ,1,1,0,0,1,0,1,1,0,0,1
1121,11239,매일민박캠핑장,강원도 철원군 근남면 하오재로 1531  ,1,1,0,0,1,0,1,1,0,0,1
512,14978,물소리풍경 캠핑장,충북 괴산군 칠성면 쌍곡로 351 ,1,1,0,0,0,0,1,1,0,0,1
724,13404,도원패밀리캠핑장,강원 영월군 무릉도원면 엄둔길 390 ,1,1,0,1,1,1,0,1,0,0,1
265,17614,이포보오토캠핑장,경기도 여주군 대신면 여양로 1935-177  ,1,1,1,0,1,1,0,1,0,0,1
587,14464,십자봉오토캠핑장,충북 제천시 백운면 덕동로 536 ,1,1,0,0,1,1,0,1,0,0,1
996,12127,폭포골자연휴양림야영장,강원 강릉시 연곡면 황어대길 46-3 ,1,1,0,0,1,1,0,1,0,0,1
650,13995,독립기념관 캠핑장,충남 천안시 동남구 목천읍 독립기념관로 1 ,1,0,0,0,1,1,0,1,0,0,1
1439,2704,김천맑은계곡 오토캠핑장,경북 김천시 부항면 대야길 307 ,0,1,1,1,0,1,0,1,0,0,1
322,16968,김포 황토테마파크,경기도 김포시 하성면 전류리 114 ,1,1,0,1,0,1,0,1,0,0,1
1405,3354,리틀보이 캠핑장,경남 고성군 회화면 옥수길 13 ,1,1,0,1,0,1,0,1,0,0,1
177,20110,황매산 국민여가 캠핑장,경남 합천군 가회면 황매산공원길 331 ,1,1,0,0,0,1,0,1,0,0,1
204,19031,아산곡교천야영장,충남 아산시 곡교천로 407 (권곡동) ,1,1,0,0,0,1,0,1,0,0,1
255,17849,진달래 관광농원 캠핑장,충남 부여군 옥산면 봉산로56번길 56 ,1,1,0,0,0,1,0,1,0,0,1
266,17598,이태백 야영장,충청남도 태안군 소원면 송의로 809-62 ,1,1,0,0,0,1,0,1,0,0,1
285,17362,한마음오토캠핑장,충청남도 태안군 고남면 장곡리 617-1  ,1,1,0,0,0,1,0,1,0,0,1
427,15726,지리산천왕봉야영장,전라북도 남원시 지리산로 1241 천왕봉식당 ,1,1,0,0,0,1,0,1,0,0,1
485,15171,에코오토캠핑장,전라북도 완주군 동상면 대아수목로 144-1  ,1,1,0,0,0,1,0,1,0,0,1
602,14363,계림정야영장,경남 산청군 삼장면 친환경로 967 ,1,1,0,0,0,1,0,1,0,0,1
680,13770,합천수피아캠핑,경상남도 합천군 봉산면 합천호반로 954 ,1,1,0,0,0,1,0,1,0,0,1
689,13742,하늘빛계곡,강원도 양양군 서면 설악로 1760  ,1,1,0,0,0,1,0,1,0,0,1
728,13392,황금박쥐캠핑장,강원 춘천시 남산면 홍천강변길 476 ,1,1,0,0,0,1,0,1,0,0,1
762,13229,개암벌 용소 관광농원 캠핑장,강원 홍천군 두촌면 군유동길 361-26 ,1,1,0,0,0,1,0,1,0,0,1
771,13170,토토큰바위 캠핑장,경기 가평군 북면 화악산로 1246 ,1,1,0,0,0,1,0,1,0,0,1
948,12344,칠성캠핑장,충북 괴산군 칠성면 중부로 5611-21 ,1,1,0,0,0,1,0,1,0,0,1
1262,6221,바람숲야영장,대구 동구 팔공로230길 103 (진인동) ,1,1,0,0,0,1,0,1,0,0,1
1286,4742,마검포태안캠핑장,충남 태안군 남면 마검포길 311-42 ,1,1,0,0,0,1,0,1,0,0,1
1371,3729,을전56오토캠핑장,충북 단양군 가곡면 을전길 56-1 ,1,1,0,0,0,1,0,1,0,0,1
1394,3490,승암159캠핑장,충북 괴산군 청천면 후평도원로 484 ,1,1,0,0,0,1,0,1,0,0,1
1396,3452,라라캠핑장,경북 경주시 양남면 서왕길 381-14 ,1,1,0,0,0,1,0,1,0,0,1
1402,3384,느티담길 캠핑장,경북 군위군 산성면 부흥로 362-33 ,1,1,0,0,0,1,0,1,0,0,1
1289,4686,김천실내테니스장 & 김천오토캠핑장,경북 김천시 남면 초곡길 287-97 ,1,0,0,0,0,1,0,1,0,0,1
437,15663,달과별 캠핑장,강원도 영월군 상동읍 덕구리 15 ,1,1,1,1,0,0,0,1,0,0,1
904,12539,아름다운 캠프,강원도 동해시 대진동 대진1길 47-2 일원 ,1,1,1,1,0,0,0,1,0,0,1
342,16655,굼벵이캠핑농원,충청남도 태안군 이원면 내리 523  ,1,1,0,1,0,0,0,1,0,0,1
817,12949,비로야영장,경상북도 영주시 풍기읍 삼가로 447-11  ,1,1,0,1,0,0,0,1,0,0,1
833,12849,쌍곡예당,충북 괴산군 칠성면 쌍곡로1길 111 ,1,1,0,1,0,0,0,1,0,0,1
1327,4267,금계관광농원,충남 공주시 유구읍 문금길 86 ,1,1,0,1,0,0,0,1,0,0,1
269,17556,평화강변수목 캠핑장,경기 연천군 미산면 어삼로 419 ,1,1,1,0,0,0,0,1,0,0,1
1023,11968,더캠프,울산 울주군 상북면 삽재로 420 ,1,1,1,0,0,0,0,1,0,0,1
1125,11230,쿵쿵소 캠핑장,강원 평창군 봉평면 덕거길 356-12 ,1,1,1,0,0,0,0,1,0,0,1
2,112938,충주카누캠핑장,충북 충주시 동량면 지등로 1276-4 ,1,1,0,0,0,0,0,1,0,0,1
207,18959,가야랜드달빛야영장,경남 김해시 신어산길 67 (삼방동) ,1,1,0,0,0,0,0,1,0,0,1
376,16250,하늘정원캠핑장,인천 강화군 길상면 동검길 21-1 ,1,1,0,0,0,0,0,1,0,0,1
397,16015,소선암 오토캠핑장,충청북도 단양군 단성면 선암계곡로 1656  ,1,1,0,0,0,0,0,1,0,0,1
554,14679,하늘캠핑장,강원도 양양군 양양읍 월리 507 ,1,1,0,0,0,0,0,1,0,0,1
606,14327,수목화 송정마을 오토캠핑장,강원도 고성군 건봉사로 1504 ,1,1,0,0,0,0,0,1,0,0,1
684,13763,얼음골까투리캠핑장,경상남도 밀양시 산내면 얼음골로 134-22  ,1,1,0,0,0,0,0,1,0,0,1
942,12398,오투스토리,전남 장성군 황룡면 홍길동로 271 ,1,1,0,0,0,0,0,1,0,0,1
1015,11995,풍경,강원 영월군 무릉도원면 무릉법흥로 674-14 ,1,1,0,0,0,0,0,1,0,0,1
1094,11424,설래림야영장,강원도 정선군 임계면 내도전길 418 ,1,1,0,0,0,0,0,1,0,0,1
1311,4412,명파리해변야영장,강원 고성군 현내면 금강산로 819-3 ,1,1,0,0,0,0,0,1,0,0,1
1382,3639,아리아리 숲속의 야영장,강원 영월군 주천면 솔치로 240-70 ,1,1,0,0,0,0,0,1,0,0,1
1434,2795,봄봄캠핑,강원 춘천시 사북면 화악지암길 576 ,1,1,0,0,0,0,0,1,0,0,1
1452,2152,하늘빛,인천 옹진군 영흥면 영흥서로 527-26 ,1,1,0,0,0,0,0,1,0,0,1
832,12849,돌집야영장,강원도 화천군 간동면 춘양로 777-9  ,1,0,0,0,0,0,0,1,0,0,1
993,12136,대청마루 물소리,포천시 관인면 담터길 239 ,1,0,0,0,0,0,0,1,0,0,1
1003,12074,별빛두레펜션 캠핑장,전라북도 진안군 석원로 24-0 석정휴게소  ,1,0,0,0,0,0,0,1,0,0,1
1038,11857,수봉야영장,강원도 양양군 서면 오색리 3 ,1,0,0,0,0,0,0,1,0,0,1
647,14006,서울대공원야영장,경기도 과천시 막계동 산 65-75 ,0,0,0,0,0,0,0,1,0,0,1
160,20517,도림사오토캠핑장,전남 곡성군 곡성읍 도림로 74 ,1,1,1,1,1,1,1,0,0,0,1
297,17238,웅포관광지 캠핑장,전라북도 익산시 웅포면 강변로 25  ,0,1,0,0,1,1,1,0,0,0,1
58,29203,북한산 캠핑장,서울 은평구 북한산로 232-1 (진관동) ,1,1,1,0,0,1,1,0,0,0,1
286,17358,금강자연휴양림,세종특별자치시 금남면 산림박물관길 110  ,0,1,1,0,0,1,1,0,0,0,1
351,16550,대관령자연휴양림,강원도 강릉시 성산면 삼포암길 133  ,0,0,1,0,0,1,1,0,0,0,1
71,25899,설악산국립공원 설악동자동차야영장,강원도 속초시 설악동 375-3  ,1,0,0,0,0,1,1,0,0,0,1
72,25847,함허동천야영장,인천광역시 강화군 화도면 해안남로1196번길 38  ,0,0,0,0,0,1,1,0,0,0,1
765,13219,아우라지관광지,강원 정선군 여량면 아우라지길 69 ,0,0,0,0,0,1,1,0,0,0,1
913,12525,안성맞춤 자동차야영장, ,1,1,0,0,0,0,1,0,0,0,1
38,35830,달궁자동차 야영장,전라북도 남원시 산내면 덕동리 274번지 외 22필지 ,1,0,0,0,0,0,1,0,0,0,1
241,18030,봉무공원야영장,대구시 동구 팔공로 50길 66 ,0,0,1,0,1,1,0,0,0,0,1
155,20579,덕산국민여가캠핑장,인천시 강화군 내가면 강화서로 227번길 91 ,1,1,0,0,1,1,0,0,0,0,1
1088,11557,산음캠핑(글램핑),경기도 양평군 단월면 고북길 76-23  ,1,1,0,0,1,1,0,0,0,0,1
1030,11901,해인캠핑장,경상남도 합천군 대병면 대지리 296번지 ,1,0,1,1,0,1,0,0,0,0,1
651,13992,청계동 솔바람야영장,전라남도 곡성군 곡성읍 신기리 산159-1 ,1,1,1,0,0,1,0,0,0,0,1
499,15072,사촌해수욕장야영장, ,0,0,1,0,0,1,0,0,0,0,1
93,24431,뿌리공원캠핑장, ,1,1,0,0,0,1,0,0,0,0,1
226,18283,공주한옥마을 웅진오토캠핑장,충청남도 공주시 웅진동 관광단지길 12  ,1,1,0,0,0,1,0,0,0,0,1
895,12581,금강송 체험 야영장,경상북도 울진군 금강송면 소광리 173-2 ,1,1,0,0,0,1,0,0,0,0,1
1201,10417,산사랑 글램핑,강원 원주시 소초면 구룡사로 127 ,1,1,0,0,0,1,0,0,0,0,1
156,20562,상족암군립공원 오토캠핑장,경남 고성군 하이면 덕명5길 53-7 ,0,1,0,0,0,1,0,0,0,0,1
542,14769,거제자연휴양림,경상남도 거제시 동부면 거제중앙로 325  ,0,1,0,0,0,1,0,0,0,0,1
44,32653,항도야영장,경상남도 남해군 미조면 송정리 355-20 ,1,0,0,0,0,1,0,0,0,0,1
165,20452,덕풍계곡 솔밭야영장,강원 삼척시 가곡면 덕풍길 928 ,1,0,0,0,0,1,0,0,0,0,1
408,15886,서포리 관광지 오토캠핑장,인천 옹진군 덕적면 덕적남로587번길 28 ,1,0,0,0,0,1,0,0,0,0,1
530,14840,황학동캠핑장,강원 원주시 신림면 구학산로 1456-6 ,1,0,0,0,0,1,0,0,0,0,1
621,14162,오도산 자연휴양림,경상남도 합천군 봉산면 오도산휴양로 433  ,1,0,0,0,0,1,0,0,0,0,1
1156,11069,솔바람 캠핑장,경상북도 청도군 운문면 신원3길 26-11  ,1,0,0,0,0,1,0,0,0,0,1
1441,2666,호미곶 고래마을 캠핑장,경북 포항시 남구 호미곶면 고래마을길 8 ,1,0,0,0,0,1,0,0,0,0,1
112,23138,월포해수욕장야영장,경남 남해군 남면 남서대로 611-17 ,0,0,0,0,0,1,0,0,0,0,1
326,16829,하늘물빛정원 글램핑,충청남도 금산군 추부면 검한1길 156  ,0,0,0,0,0,1,0,0,0,0,1
379,16219,덕풍계곡마을야영장,강원 삼척시 가곡면 풍곡안길 17-34 ,0,0,0,0,0,1,0,0,0,0,1
432,15687,바라산자연휴양림 야영장,경기도 의왕시 학의동 북골안길 96  ,0,0,0,0,0,1,0,0,0,0,1
900,12555,왕터리조트,강원 춘천시 남면 박암관천길 183-27 ,1,1,1,0,1,0,0,0,0,0,1
11,55911,학동자동차 야영장,경남 거제시 동부면 거제대로 981 ,1,1,0,0,1,0,0,0,0,0,1
412,15876,깊이울달빛캠핑장,경기 포천시 신북면 깊이울로 200 ,0,0,0,0,1,0,0,0,0,0,1
623,14155,해솔길 캠핑장,경기도 안산시 단원구 대부북동 연목이길 15  ,1,1,1,0,0,0,0,0,0,0,1
17,50688,학암포 오토 캠핑장,충청남도 태안군 원북면 옥파로 1152-37  ,1,1,0,0,0,0,0,0,0,0,1
53,30427,문경 단산 숲속 캠핑장,경북 문경시 문경읍 활공장길 585 ,1,1,0,0,0,0,0,0,0,0,1
213,18617,솔내음캠핑장,경기도 김포시 통진읍 절골로127번길 32-90  ,1,1,0,0,0,0,0,0,0,0,1
402,15943,소백산삼가야영장,경상북도 영주시 풍기읍 삼가로 476 ,1,1,0,0,0,0,0,0,0,0,1
431,15687,덕포진누리마을캠핑장,경기 김포시 대곶면 덕포진로103번길 130-1 ,1,1,0,0,0,0,0,0,0,0,1
676,13810,락인뜰,인천광역시 중구 을왕동 늘목로 38  ,1,1,0,0,0,0,0,0,0,0,1
725,13402,금다래캠핑장,경기 가평군 북면 화악산로 1087-24 ,1,1,0,0,0,0,0,0,0,0,1
756,13251,삼척엘림캠핑장,강원도 삼척시 내평길 233-13  ,1,1,0,0,0,0,0,0,0,0,1
789,13125,무주구천동카라반,전북 무주군 설천면 백련사길 20 ,1,1,0,0,0,0,0,0,0,0,1
986,12159,황정민 글램핑,경기 가평군 조종면 명지산로 523 ,1,1,0,0,0,0,0,0,0,0,1
1112,11322,여주산촌관광농원,경기 여주시 금사면 금품1로 552 ,1,1,0,0,0,0,0,0,0,0,1
1145,11110,둥지펜션 캠핑장,경북 청도군 운문면 운문로 1212 ,1,1,0,0,0,0,0,0,0,0,1
1163,11039,캠프 에이프릴,강원 영월군 남면 서강로 1664-134 ,1,1,0,0,0,0,0,0,0,0,1
1178,10822,에버힐,강원도 평창군 봉평면 흥정리 산 80-3  ,1,1,0,0,0,0,0,0,0,0,1
1181,10792,폴리파크카라반,제주특별자치도 제주시 애월읍 산록서로 18 ,1,1,0,0,0,0,0,0,0,0,1
836,12836,보보캠핑,전북 무주군 설천면 구천동로 1048-26 ,0,1,0,0,0,0,0,0,0,0,1
896,12578,얼음골야영장,강원 양양군 서면 얼음골길 45  ,0,1,0,0,0,0,0,0,0,0,1
1155,11070,구름포오토캠핑장,충남 태안군 소원면 구름포길 117 ,0,1,0,0,0,0,0,0,0,0,1
1220,8403,화진해수욕장 마을번영회 야영장,경북 포항시 북구 송라면 동해대로3218번길 62 ,0,1,0,0,0,0,0,0,0,0,1
236,18107,가마미야영장,전남 영광군 홍농읍 계마길 120 ,1,0,0,0,0,0,0,0,0,0,1
538,14775,동막골야영장,강원 삼척시 근덕면 내평길 223-1 ,1,0,0,0,0,0,0,0,0,0,1
547,14731,구룡자동차야영장,강원 원주시 소초면 구룡마을길 14 ,1,0,0,0,0,0,0,0,0,0,1
758,13239,남원 자연휴양림,전북 남원시 보산로 228 (갈치동) ,1,0,0,0,0,0,0,0,0,0,1
855,12732,밤벌오토캠핑장,강원도 홍천군 서면 반곡리 3  ,1,0,0,0,0,0,0,0,0,0,1
1047,11787,십이선녀탕 통나무집 야영장,강원도 인제군 십이선녀탕길 81-0  ,1,0,0,0,0,0,0,0,0,0,1
128,22345,달궁힐링야영장,전라북도 남원시 산내면 덕동리 287-3 ,0,0,0,0,0,0,0,0,0,0,1
172,20193,(주)아웃오브파크,강원도 춘천시 남면 가옹개길 52-9 ,0,0,0,0,0,0,0,0,0,0,1
583,14491,월성 산아래 글램핑,전라남도 장성군 북하면 월성안길16-33 ,0,0,0,0,0,0,0,0,0,0,1
793,13093,신불산폭포 자연휴양림,울산광역시 울주군 상북면 청수골길 175  ,0,0,0,0,0,0,0,0,0,0,1
872,12653,(주)자연인,제주특별자치도 제주시 아란서길 110-0  ,0,0,0,0,0,0,0,0,0,0,1
894,12582,살구나무글램핑&펜션,강원도 횡성군 경강로 615-19 ,0,0,0,0,0,0,0,0,0,0,1
1416,3225,산내956,경북 경주시 산내면 문복로 956 ,0,0,0,0,0,0,0,0,0,0,1
206,18962,엘리시안 강촌 캠핑파크,강원 춘천시 남산면 북한강변길 688 ,1,1,1,1,1,1,1,1,1,1,0
363,16375,별자리 캠핑랜드,경북 경주시 반구대로 3501-34 (배동) ,1,1,1,1,1,1,1,1,1,1,0
670,13876,청광새들녘캠핑,경상남도 고성군 개천면 영회로 1296  ,1,1,1,1,1,1,1,1,1,1,0
954,12301,송가네 오가리캠핑장,경기도 포천시 창수면 전영로1023번길 115  ,1,1,1,1,1,1,1,1,1,1,0
1082,11611,시냇가 캠핑장,충북 괴산군 칠성면 연풍로 쌍곡길 75 ,1,1,1,1,1,1,1,1,1,1,0
219,18534,솔담길 오토캠핑장,경상북도 군위군 부계면 한밤 8길 2  ,1,1,1,0,1,1,1,1,1,1,0
1295,4559,세이지 힐 캠핑장,강원 홍천군 남면 남노일로 479-24 ,1,1,1,0,1,1,1,1,1,1,0
1429,3135,드론스포츠코리아,전남 고흥군 금산면 돈청길 25-17 ,1,1,1,0,1,1,1,1,1,1,0
600,14365,무주 솔밭야영장,전북 무주군 안성면 원통사로 294 ,1,1,0,0,1,1,1,1,1,1,0
951,12304,강촌달머리캠핑장,강원 춘천시 서면 율장길 123-39 ,1,1,1,1,0,1,1,1,1,1,0
1398,3402,관광농원금산만악리수목원오토캠핑장,충남 금산군 진산면 초미동길 138-10 ,1,1,1,1,0,1,1,1,1,1,0
815,12951,CLUB 596,충남 태안군 남면 몽산리 596 ,1,1,0,1,0,1,1,1,1,1,0
1011,12044,월선캠핑장,충남 아산시 영인면 월선길 20-21 ,1,1,0,1,0,1,1,1,1,1,0
221,18460,광주패밀리랜드 카라반캠핑장,광주 북구 우치로 677 (생용동) ,1,1,1,0,0,1,1,1,1,1,0
340,16666,달서별빛캠프 캠핑장,대구 달서구 앞산순환로 248 (송현동) ,1,1,1,0,0,1,1,1,1,1,0
396,16015,누룽지,전라남도 담양군 용면 추월산로 1316  ,1,1,1,0,0,1,1,1,1,1,0
10,64077,파인힐빌리지 캠핑장,경기도 동두천시 안흥로 65-42 (안흥동) ,1,1,0,0,0,1,1,1,1,1,0
458,15554,일영모자농원캠핑장,경기도 양주시 장흥면 삼상리 10-17 ,1,1,0,0,0,1,1,1,1,1,0
1081,11613,하랑캠핑장,인천 강화군 내가면 고천리 1259-14번지 ,1,1,0,0,0,1,1,1,1,1,0
1216,9027,아이사랑캠핑장,충남 보령시 주산면 사작골길 63-13 ,1,1,1,1,1,0,1,1,1,1,0
110,23454,삼락생태공원 오토캠핑장,부산광역시  사상구 삼락동 29-59  ,1,1,1,0,1,0,1,1,1,1,0
598,14420,스톤밸리캠핑장,경기 양주시 칠봉산로228번길 126-5 (봉양동) ,1,1,1,0,1,0,1,1,1,1,0
1339,4098,더 하루만 캠핑장,충북 괴산군 청천면 괴산로상신5길 6-10 ,1,1,1,0,1,0,1,1,1,1,0
1450,2330,위드독스in포천,경기 포천시 관인면 뗏마루길 128-26 ,1,1,1,0,1,0,1,1,1,1,0
1239,7677,토함산관광농원(캠프5),경북 경주시 보정로 264-97 (하동) ,1,1,0,0,1,0,1,1,1,1,0
100,24118,메사 캠핑장,경기도 포천시 이동면 도평리 498-1  등 8필지 ,1,1,1,1,0,0,1,1,1,1,0
646,14007,푸른섬 캠핑장,경기 안산시 단원구 연목이길 31-21 (대부북동) ,1,1,1,1,0,0,1,1,1,1,0
1157,11064,별드림캠핑장,경기 가평군 가평읍 당목가일길 515 ,1,1,1,1,0,0,1,1,1,1,0
1179,10793,탑캠핑장글램핑,강원 홍천군 화촌면 군들길 20 ,1,1,1,1,0,0,1,1,1,1,0
1288,4689,아띠캠핑장,경기 연천군 군남면 군남로 373 ,1,0,0,1,0,0,1,1,1,1,0
47,31365,양양 포레스트캠핑장,강원 양양군 현북면 검소길 117 ,1,1,1,0,0,0,1,1,1,1,0
208,18931,통영 편백숲길관광농원 캠핑장,경남 통영시 천대국치길 297-10 (인평동) ,1,1,1,0,0,0,1,1,1,1,0
353,16549,대부관광농원 오캠핑,경기 안산시 단원구 대남로 642 (대부남동) ,1,1,1,0,0,0,1,1,1,1,0
492,15104,베스트필드,충남 공주시 반포면 동학사1로 65 ,1,1,1,0,0,0,1,1,1,1,0
552,14687,사계절 야영장,충북 영동군 상촌면 물한계곡로 700 ,1,1,1,0,0,0,1,1,1,1,0
576,14522,백운힐링 캠핑장,경기도 포천시 이동면 도평리 26  ,1,1,1,0,0,0,1,1,1,1,0
643,14014,클럽레스피아 in 가평,경기도 가평군 설악면 위곡리 7-1  ,1,1,1,0,0,0,1,1,1,1,0
1045,11792,만리포미소카라반,충남 태안군 소원면 만리포2길 112-1 ,1,1,1,0,0,0,1,1,1,1,0
1399,3396,솔내음캠핑장,충북 제천시 봉양읍 명암로 466-11 ,1,1,1,0,0,0,1,1,1,1,0
545,14739,비토애,경남 사천시 서포면 토끼로 234 ,1,1,0,0,0,0,1,1,1,1,0
1193,10526,자양보오토캠핑장,경남 산청군 시천면 남명로 392-23 ,1,1,0,1,1,1,0,1,1,1,0
135,22042,춘장대나드리캠핑장,충남 서천군 서면 춘장대길8번길 3 ,1,1,0,0,1,1,0,1,1,1,0
284,17367,써니힐즈캠핑장,경기 연천군 장남면 장백로330번길 137-28 ,1,1,0,0,1,1,0,1,1,1,0
638,14029,논산 탑정호글램핑,충청남도 논산시 가야곡면 종연리 238-7 ,1,1,0,0,1,1,0,1,1,1,0
834,12841,충주커피박물관 글램핑카라반펜션,충북 충주시 살미면 월악로 432 ,1,1,0,0,1,1,0,1,1,1,0
1059,11752,백무동파크펜션&글램핑야영장,경남 함양군 마천면 가채길 15 ,1,1,0,0,1,1,0,1,1,1,0
268,17582,주작산 별소리캠핑장,전남 강진군 신전면 삼인길 102-79 ,1,1,1,1,0,1,0,1,1,1,0
909,12535,물꽃 캠핑장,경기도 연천군 군남면 청정로 2122  ,1,1,1,1,0,1,0,1,1,1,0
932,12442,영암 글램핑,전남 영암군 시종면 신학1로 47 ,1,1,1,1,0,1,0,1,1,1,0
1300,4520,밀양 가보자 캠핑장,경남 밀양시 단장면 단장로 905 ,1,1,1,1,0,1,0,1,1,1,0
73,25566,풀내음캠핑장,경기 화성시 봉담읍 도곡1길 20-21 ,1,1,0,1,0,1,0,1,1,1,0
935,12422,달자캠핑장,충청북도 영동군 상촌면 대해길 239-58  ,1,1,0,1,0,1,0,1,1,1,0
1342,4074,영월가자 펜션&캠핑장,강원 영월군 무릉도원면 무릉법흥로 852-24 ,1,1,0,1,0,1,0,1,1,1,0
139,21782,별아래 캠핑장,경기도 용인시 처인구 양지면 한터로662번길 34-34  ,1,1,1,0,0,1,0,1,1,1,0
448,15615,천등산캠핑장,충청북도 충주시 산척면 명서리 512-2  ,1,1,1,0,0,1,0,1,1,1,0
91,24528,별빛밤바다,전남 장흥군 회진면 가학회진로 1020-21 ,1,1,0,0,0,1,0,1,1,1,0
371,16300,큰집글램핑,충북 충주시 노은면 대덕리 367번지 ,1,1,0,0,0,1,0,1,1,1,0
430,15691,이순신 글램핑,전북 부안군 변산면 궁항로 178 ,1,1,0,0,0,1,0,1,1,1,0
435,15675,비토애 럭셔리 글램핑 산청점,경남 산청군 신안면 둔철산로 575-26 ,1,1,0,0,0,1,0,1,1,1,0
460,15552,글램핑 앤 카라반 (포항),경상북도 포항시 남구 호미곶면 구만리 602-3 ,1,1,0,0,0,1,0,1,1,1,0
585,14480,용인대장금파크캠핑장,경기 용인시 처인구 백암면 용천드라마길 25-10 ,1,1,0,0,0,1,0,1,1,1,0
1147,11095,고향펜션캠핑,경상북도 봉화군 소천면 고선리 558-1 ,1,1,0,0,0,1,0,1,1,1,0
1447,2453,호두마루글램핑,경남 사천시 서포면 선창부두길 11-2 ,1,1,0,0,0,1,0,1,1,1,0
579,14512,불스글램핑 함평점,전남 함평군 함평읍 장년길 40 ,1,1,1,1,1,0,0,1,1,1,0
1019,11976,강촌하늘아래,강원 춘천시 남산면 풀무골1길 71 ,1,1,1,1,1,0,0,1,1,1,0
446,15625,라포레캠핑장,충청남도 아산시 음봉면로 87  ,1,1,1,0,1,0,0,1,1,1,0
882,12632,하늘숲글램핑 파크, ,1,1,1,0,1,0,0,1,1,1,0
1153,11073,포레스트 카라반 파크,인천 옹진군 영흥면 영흥로643번길 22 ,1,1,1,0,1,0,0,1,1,1,0
333,16743,무주덕유산계곡글램핑,전북 무주군 설천면 구천동1로 44 ,1,1,0,0,1,0,0,1,1,1,0
12,54660,갈릴리 야영장,경기 평택시 안중읍 안중북로 119 ,1,1,1,1,0,0,0,1,1,1,0
37,35861,내리계곡 솔밭캠핑장,강원 영월군 김삿갓면 내리계곡로 1039-18 ,1,1,1,1,0,0,0,1,1,1,0
84,25039,해자연캠핑장,경기 남양주시 오남읍 팔현로175번길 310-60 ,1,1,1,1,0,0,0,1,1,1,0
410,15880,캠프 안단테,경북 청도군 청도읍 청매로 283-47 ,1,1,1,1,0,0,0,1,1,1,0
556,14629,로코코캠핑장,경기도 남양주시 수동면 지둔로 358-4  ,1,1,1,1,0,0,0,1,1,1,0
562,14594,지리산 대경캠핑장,경상남도 산청군 시천면 동당리 577 ,1,1,1,1,0,0,0,1,1,1,0
601,14363,더엠캠프,경기도 가평군 설악면 천안리 714-1번지 외 8필지 ,1,1,1,1,0,0,0,1,1,1,0
737,13344,화이트 오토캠핑장,경북 청도군 매전면 온장길 123-56 ,1,1,1,1,0,0,0,1,1,1,0
828,12866,화원684글램핑,전남 해남군 화원면 매봉길 528-8 ,1,1,1,1,0,0,0,1,1,1,0
1273,5212,포천 라온글램핑&오토캠핑장,경기 포천시 영중면 성장로55번길 15 ,1,1,1,1,0,0,0,1,1,1,0
568,14578,해간도캠핑장,경남 통영시 용남면 해간길 55 ,1,1,0,1,0,0,0,1,1,1,0
974,12210,홍천 쁘띠힐링카라반,강원도 홍천군 북방면 노일리 868-2 ,1,1,0,1,0,0,0,1,1,1,0
982,12172,갈기산펜션캠핑장,경기 양평군 청운면 신론새터길 23 ,1,1,0,1,0,0,0,1,1,1,0
991,12140,글램핑앤카라반,경기도 양평군 단월면 단월로 600  ,1,1,0,1,0,0,0,1,1,1,0
1058,11754,포레스트 카라반,충남 천안시 동남구 안서동 44-10 ,1,1,0,1,0,0,0,1,1,1,0
1274,5201,파인트리캠핑장,강원 정선군 남면 광락로 349-30 ,1,1,0,1,0,0,0,1,1,1,0
1389,3548,진악산오토캠핑장,충남 금산군 남이면 진악로 138-2 ,1,1,0,1,0,0,0,1,1,1,0
392,16048,평창 보물섬캠핑장,강원도 평창군 봉평면 유포리 61-2 ,1,1,1,0,0,0,0,1,1,1,0
489,15137,여수자매로캠핑장,전남 여수시 화양면 자매로 170 ,1,1,1,0,0,0,0,1,1,1,0
539,14774,얼음골애플 오토캠핑장,경남 밀양시 산내면 얼음골옛길 92-37 ,1,1,1,0,0,0,0,1,1,1,0
968,12224,양평 플라워카라반펜션,경기도 양평군 석산로 1543-9  ,1,1,1,0,0,0,0,1,1,1,0
1028,11908,제천 명암 오토캠핑장,충청북도 제천시 봉양읍 명암로 5길 1 ,1,1,1,0,0,0,0,1,1,1,0
1264,5776,십이선녀탕캠핑장,강원 인제군 북면 십이선녀탕길 83 ,1,1,1,0,0,0,0,1,1,1,0
1428,3135,캠핑고래 강천캠핑장,경기 여주시 강천면 강천로 265 ,1,1,1,0,0,0,0,1,1,1,0
1433,2873,선재해림 카라반,인천 옹진군 영흥면 선재로226번길 107-34 ,1,1,1,0,0,0,0,1,1,1,0
1454,1893,소리의섬,충북 충주시 앙성면 남한강변길 218-5 ,1,1,1,0,0,0,0,1,1,1,0
1456,1458,우주캠프,강원 원주시 신림면 신림황둔로 676 ,1,1,1,0,0,0,0,1,1,1,0
1457,1400,아워 포레스트,경기 가평군 가평읍 가화로 440-117 ,1,1,1,0,0,0,0,1,1,1,0
134,22044,천하마을야영장,경남 남해군 미조면 남해대로397번길 18 ,1,0,1,0,0,0,0,1,1,1,0
83,25091,풀무골 글램핑장,경기도 안성시 고삼면 쌍지리 151-7번지  ,1,1,0,0,0,0,0,1,1,1,0
497,15075,은빛초원 캠핑장,경기도 화성시 원천동 672-1  ,1,1,0,0,0,0,0,1,1,1,0
711,13544,산우물 쉼터,경기도 안성시 양성면 산정산우물길 172-16  ,1,1,0,0,0,0,0,1,1,1,0
1051,11780,벳소캠프,강원 횡성군 우천면 전재호수길 66 ,1,1,0,0,0,0,0,1,1,1,0
1373,3719,어썸비치,강원 삼척시 근덕면 초곡길 380 ,1,1,0,0,0,0,0,1,1,1,0
1435,2767,폴라데이 캠핑장,경기 포천시 군내면 선정비로 58 ,1,1,0,0,0,0,0,1,1,1,0
41,35236,고창갯벌오토캠핑&글램핑장,전북 고창군 심원면 두어1길 55-25 ,1,1,0,1,1,1,1,0,1,1,0
619,14177,비학산자연휴양림,경북 포항시 북구 기북면 비학산길 302 ,1,1,1,0,1,1,1,0,1,1,0
143,21155,포천이동생태공원 캠핑장,경기 포천시 이동면 성장로1289번길 63 ,1,1,0,0,1,1,1,0,1,1,0
603,14360,수레의산 국민여가 캠핑장,음성군 생극면 차곡리 151 ,1,1,0,0,1,1,1,0,1,1,0
800,13067,산내들 야영장,경기 화성시 비봉면 자청로207번길 21-60 ,1,1,1,1,0,1,1,0,1,1,0
1165,11029,쉬리마을 농어촌 관광 휴양단지 야영장,강원도 철원군 김화읍 청양리 9-6  ,1,1,1,0,0,1,1,0,1,1,0
1198,10422,프랭클리 글램핑,인천 강화군 선원면 선행리 492-5 번지 ,1,1,1,0,0,1,1,0,1,1,0
274,17496,한방자연휴양림,경남 산청군 금서면 동의보감로555번길 167-23 ,1,1,1,0,1,0,1,0,1,1,0
3,98685,정읍시 내장산 국민여가캠핑장,전라북도 정읍시 내장산로 390  ,1,1,0,0,1,0,1,0,1,1,0
735,13347,시공간,전남 여수시 남면 솔고지길 105 ,1,1,0,0,1,0,1,0,1,1,0
981,12178,알파카스테이,강원 홍천군 화촌면 가락재로 206 ,1,1,1,0,0,0,1,0,1,1,0
998,12120,정이품송관광농원,충북 보은군 장안면 개안길 107 ,1,1,1,0,1,1,0,0,1,1,0
365,16357,장성잔디로야영장,전남 장성군 삼서면 수양로 100-32 ,1,1,0,0,1,1,0,0,1,1,0
782,13142,청량산 나무네숲 캠핑장,경상북도 봉화군 명호면 청량로 763-81  ,1,1,1,1,0,1,0,0,1,1,0
503,15034,임하호 수상레저타운캠핑장,경상북도 안동시 임동면 중평리 1040 ,1,1,0,1,0,1,0,0,1,1,0
816,12950,하늘빛수목원,전남 장흥군 용산면 장흥대로 2746 ,1,1,0,1,0,1,0,0,1,1,0
1301,4492,림스 글램핑,전남 강진군 강진읍 해강로 1038-30 ,1,1,0,1,0,1,0,0,1,1,0
1379,3671,글램핑포엠,경북 청도군 매전면 능소화길 6 ,1,1,1,0,0,1,0,0,1,1,0
1187,10703,헤스티아,경기도 가평군 청평면 삼회리 67번지 외 1필지 ,1,0,1,0,0,1,0,0,1,1,0
1223,8376,자연카라반 캠핑장,경북 청도군 청도읍 구미길 101 ,1,1,0,0,0,1,0,0,1,1,0
1229,8244,물댄동산,경기 파주시 광탄면 기산로 367 ,1,1,0,0,0,1,0,0,1,1,0
1232,8103,무주 별빛 카라반,전북 무주군 설천면 백련사길 2-29 ,1,1,0,0,0,1,0,0,1,1,0
1268,5323,바다야 놀자,충청남도 보령시 천북면 학성리 242-24 ,1,1,0,0,0,1,0,0,1,1,0
1272,5213,수리바위 캠핑정원,충남 부여군 외산면 만수리 산25-3 ,1,1,0,0,0,1,0,0,1,1,0
1338,4103,파머스글램핑,전북 고창군 상하면 상하농원길 11-23 ,1,1,0,0,0,1,0,0,1,1,0
1390,3511,하늘땅카라반,전북 무주군 설천면 구천동로 966-12 ,1,1,0,0,0,1,0,0,1,1,0
629,14094,석문 오토캠핑장,경상북도 봉화군 춘양면 애당리 631 ,1,0,0,0,0,1,0,0,1,1,0
1332,4188,두루웰 캠핑장,강원 철원군 갈말읍 지경1길 69 ,1,0,1,1,1,0,0,0,1,1,0
1037,11857,하늘바라기 글램핑,강원 홍천군 내촌면 아홉사리로 164-22 ,1,1,1,0,1,0,0,0,1,1,0
150,20721,가창농원 야영장,대구 달성군 가창면 가창로10길 56 ,1,1,0,0,1,0,0,0,1,1,0
910,12532,동해 주노글램핑장,강원 동해시 쉬눔길 80 (추암동) ,1,0,0,1,0,0,0,0,1,1,0
837,12830,사나래카라반캠핑장,경상북도 포항시 남구 장기면 동해안로 2932  ,0,0,0,1,0,0,0,0,1,1,0
549,14708,KEROAIN CAMP,강원 영월군 무릉도원면 학산길 26-9 ,1,1,1,0,0,0,0,0,1,1,0
1152,11076,무수아취,서울 도봉구 도봉로169길 249 (도봉동) ,1,1,1,0,0,0,0,0,1,1,0
124,22526,오지봉커뮤니센터 야영장,전남 곡성군 오산면 오산로 663-17 ,1,1,0,0,0,0,0,0,1,1,0
667,13927,의령나루캠프,경남 의령군 화정면 화정로14길 16-5 ,1,1,0,0,0,0,0,0,1,1,0
887,12617,내린천솔밭힐링캠핑장,강원도 인제군 상남면 하남리 445 ,1,1,0,0,0,0,0,0,1,1,0
1119,11249,소나무 풍경 펜션 야영장,경남 창녕군 계성면 계성화왕산로 161 ,1,1,0,0,0,0,0,0,1,1,0
1135,11166,에코야영장,인천광역시 강화군 길상면 선두리 892-3 ,1,1,0,0,0,0,0,0,1,1,0
1385,3627,숲에안기다,경북 고령군 덕곡면 야로덕곡로 483-68 ,1,1,0,0,0,0,0,0,1,1,0
311,17083,파래소캠핑장,경남 양산시 원동면 청수골길 43-21 ,1,0,0,0,0,0,0,0,1,1,0
1142,11118,열두달캠핑장,경기 가평군 북면 멱골로 202-101 ,1,0,0,0,0,0,0,0,1,1,0
1164,11030,소양호 뱃길나루터,강원 양구군 양구읍 소양호로 2522 ,1,0,0,0,0,0,0,0,1,1,0
1349,4041,프로미스,경기 포천시 이동면 여우고개로242번길 21-27 ,1,0,0,0,0,0,0,0,1,1,0
1386,3615,봉즈살롱,강원 횡성군 서원면 서원서로102번길 3-18 ,1,0,0,0,0,0,0,0,1,1,0
1092,11498,제주플래티늄카라반,제주특별자치도 제주시 애월읍 하귀미수포길 5-8 ,0,0,0,0,0,0,0,0,1,1,0
671,13874,은행마을,충청남도 보령시 청라면 오서산길 150-65  ,1,1,0,0,1,1,1,1,0,1,0
992,12139,진경원민박캠핑장,충남 당진시 순성면 대촌2길 111-30 ,1,1,0,0,1,1,1,1,0,1,0
148,20774,무릉도원 오토캠핑장,경남 양산시 원동면 어영길 170 ,1,1,1,1,0,1,1,1,0,1,0
840,12821,숲속의 정원 캠핑장,경기 가평군 북면 가화로 988-50 ,1,1,1,0,0,1,1,1,0,1,0
1150,11088,매화둠벙마을영농조합법인,충남 태안군 원북면 동해길 301-41 ,1,1,1,0,0,1,1,1,0,1,0
418,15814,숲속에안뜰 캠핑장,경기 용인시 처인구 원삼면 원양로 250-23 ,1,1,0,0,0,1,1,1,0,1,0
1269,5289,남해금산오토캠핑장,경남 남해군 상주면 남해대로796번길 54 ,1,0,0,0,0,1,1,1,0,1,0
1438,2717,펫앤트리,충남 서산시 팔봉면 호리중말길 13 ,1,1,1,0,1,0,1,1,0,1,0
244,17966,영종씨사이드캠핑장,인천시 중구 운남동 1640-1 ,1,1,1,0,0,0,1,1,0,1,0
334,16737,백담고을캠핑장,강원 인제군 북면 백담로 128 ,1,1,1,0,0,0,1,1,0,1,0
447,15620,첫물내기캠핑장,강원 영월군 무릉도원면 무릉법흥로 524-2 ,1,1,1,0,0,0,1,1,0,1,0
555,14679,칡소폭포 캠핑장,강원도 홍천군 내면 을수길 27  ,1,1,1,0,0,0,1,1,0,1,0
1203,10415,동강빌리지 야영장,강원 영월군 영월읍 동강로 223 ,1,1,1,0,0,0,1,1,0,1,0
1360,3939,초리풍경,경기 파주시 법원읍 초리골길 180 ,1,1,1,0,0,0,1,1,0,1,0
1455,1826,우니메이카 강화점,인천 강화군 하점면 창후로228번길 26-16 ,1,1,1,0,0,0,1,1,0,1,0
521,14917,씨카라반,강원 강릉시 사천면 해안로 904-14 ,1,0,1,0,0,0,1,1,0,1,0
107,23708,달이머무는집,충청북도 영동군 황간면 월류봉길 57  ,1,1,0,0,0,0,1,1,0,1,0
496,15082,청산별곡,전라북도 순창군 수장2길 38-4  ,1,1,0,0,0,0,1,1,0,1,0
856,12729,캠플레이 캠핑장,경기 가평군 상면 비룡로 1610-15 ,1,1,0,0,0,0,1,1,0,1,0
1253,6715,수산하늘풍경,강원 인제군 남면 무학길 34 ,1,1,0,0,0,0,1,1,0,1,0
1305,4472,편안캠핑장,경북 경주시 산내면 단석로 655-10 ,1,1,0,1,0,1,0,1,0,1,0
885,12619,더 포레스트,경기 양평군 지평면 일신리길 134-23 ,1,1,1,0,0,1,0,1,0,1,0
1085,11609,은하수 캠핑장,경기 양주시 남면 감악산로514번길 468-8 ,1,1,1,0,0,1,0,1,0,1,0
1214,9152,모모카라반,인천 옹진군 영흥면 영흥로757번길 176 ,1,1,1,0,0,1,0,1,0,1,0
867,12665,용오름캠핑장,강원 홍천군 서석면 검산길 263 ,1,0,1,0,0,1,0,1,0,1,0
18,48441,생림 오토 캠핑장,경상남도 김해시 생림면 마사리 1322-6  ,1,1,0,0,0,1,0,1,0,1,0
168,20325,서천 금빛노을 서울캠핑장,충청남도 서천군 장선리 128-3 ,1,1,0,0,0,1,0,1,0,1,0
175,20148,농월정오토캠핑장,경상남도 함양군 안의면 월림리 727-1 ,1,1,0,0,0,1,0,1,0,1,0
183,20037,서천 춘장대캠핑장,충남 서천군 서면 춘장대길8번길 17-7 ,1,1,0,0,0,1,0,1,0,1,0
298,17213,플레이랜드 캠핑장,경기도 파주시 광탄면 보광로 538번길 21 ,1,1,0,0,0,1,0,1,0,1,0
383,16153,노꼬담꼬,경북 경주시 산내면 감존길 390-65 ,1,1,0,0,0,1,0,1,0,1,0
726,13396,설하관광농원,강원 인제군 북면 설악로 3208 ,1,1,0,0,0,1,0,1,0,1,0
994,12135,명성가족캠핑촌,인천 옹진군 영흥면 영흥로722번길 39 ,1,1,0,0,0,1,0,1,0,1,0
1123,11233,하늘그린캠프,강원 인제군 상남면 아홉사리로 2505-31 ,1,1,0,0,0,1,0,1,0,1,0
1340,4090,금강뷰,충남 금산군 제원면 낙안길 107-13 ,1,1,0,0,0,1,0,1,0,1,0
481,15212,조개섬 야영장,경남 하동군 고전면 월진길 115-77 ,1,0,0,0,0,1,0,1,0,1,0
1036,11886,약수골 캠프촌 숲속캠핑장,강원도 양구군 동면 후곡리 299  ,1,0,0,0,0,1,0,1,0,1,0
327,16799,윤제림오토캠핑장,전남 보성군 겸백면 주월산길 222 ,1,1,1,1,1,0,0,1,0,1,0
1170,10898,터닝포인트카라반&캠핑,강원도 철원군 서면 자등리 316-6  ,1,1,1,0,1,0,0,1,0,1,0
861,12708,구절초마을캠핑장,강원 정선군 여량면 노추산로 794 ,1,1,0,0,1,0,0,1,0,1,0
1459,323,소휴,전남 화순군 화순읍 백천로 632 ,1,1,0,0,1,0,0,1,0,1,0
271,17534,소석힐링캠핑장,경상남도 양산시 상북면 소석리 163번지 ,1,1,0,1,0,0,0,1,0,1,0
409,15881,각흘계곡 캠핑장,경기도 포천시 이동면 금강로 6439 ,1,1,0,1,0,0,0,1,0,1,0
772,13169,도리돌 캠핑장,경기 포천시 이동면 화동로 2464-1 ,1,1,0,1,0,0,0,1,0,1,0
1267,5326,물의나라 캠핑장,경기 가평군 조종면 명지산로 475 ,1,1,0,1,0,0,0,1,0,1,0
679,13774,힐링스토리,강원 횡성군 서원면 금대1길 24-68 ,1,1,1,0,0,0,0,1,0,1,0
731,13384,산골캠핑장,강원 영월군 무릉도원면 백년계곡길 158 ,1,1,1,0,0,0,0,1,0,1,0
917,12516,카라반 캠프,경기도 화성시 서신면 제부리 20-26 ,1,1,1,0,0,0,0,1,0,1,0
930,12461,용설호수캠핑장,경기 안성시 죽산면 용설호수길 234 ,1,1,1,0,0,0,0,1,0,1,0
1029,11901,마중펜션캠핑장,강원도 횡성군 청일면 유동북길 190 ,1,1,1,0,0,0,0,1,0,1,0
1249,6850,진동리 국민여가캠핑장 by zapza,강원도 인제군 기린면 진동리 618번지 ,1,1,1,0,0,0,0,1,0,1,0
1280,4890,우리들캠핑장,강원 양양군 현북면 법수치길 1168-2 ,1,1,1,0,0,0,0,1,0,1,0
1369,3741,우니메이카 철원점,강원 철원군 근남면 하오재로 1656-4 ,1,1,1,0,0,0,0,1,0,1,0
81,25237,영월 동강오토캠핑장,강원도 영월군 영월읍 둥글바위길 33  ,1,1,0,0,0,0,0,1,0,1,0
151,20671,Najost Camp,강원 영월군 김삿갓면 김삿갓로 638 ,1,1,0,0,0,0,0,1,0,1,0
215,18571,신선계곡 야영장,경기도 광주시 퇴촌면 천진암로 768 ,1,1,0,0,0,0,0,1,0,1,0
381,16202,아트앤오토캠핑장,울산광역시 울주군 상북면 이천리 700  ,1,1,0,0,0,0,0,1,0,1,0
426,15753,노을캠핑장,인천 강화군 양도면 해안서로 695 ,1,1,0,0,0,0,0,1,0,1,0
564,14590,다온숲,세종특별자치시 전동면 깊은내길 195 ,1,1,0,0,0,0,0,1,0,1,0
627,14102,도고온천모두캠핑장,충남 아산시 도고면 도고온천로 207-20 ,1,1,0,0,0,0,0,1,0,1,0
712,13531,무주수목원캠핑장,전북 무주군 설천면 구천동로 1092-34 ,1,1,0,0,0,0,0,1,0,1,0
742,13328,들음카라반 캠핑장,전라남도 장성군 북하면 가인길 59-9 ,1,1,0,0,0,0,0,1,0,1,0
843,12817,인제 연가리 오토캠핑장,강원도 인제군 기린면 조침령로 1418-7  ,1,1,0,0,0,0,0,1,0,1,0
879,12641,소회산리멍우리협곡관광농원(캠핑장),경기 포천시 영북면 소회산길 399 ,1,1,0,0,0,0,0,1,0,1,0
891,12607,오름집,제주특별자치도 서귀포시 보목동 보목포로65번길 6  ,1,1,0,0,0,0,0,1,0,1,0
901,12555,강릉 금진리321카라반,강원 강릉시 옥계면 헌화로 247-11 ,1,1,0,0,0,0,0,1,0,1,0
960,12242,느티나무 캠핑장,강원도 영월군 김삿갓면 내리계곡로 1061  ,1,1,0,0,0,0,0,1,0,1,0
969,12224,동강아름캠프,강원 영월군 김삿갓면 영월동로 2435 ,1,1,0,0,0,0,0,1,0,1,0
1131,11209,어울림펜션 캠핑장,강원 영월군 한반도면 문둔길 106 ,1,1,0,0,0,0,0,1,0,1,0
1257,6627,트리하우스계곡야영장,강원 홍천군 내촌면 아홉사리로 1740 ,1,1,0,0,0,0,0,1,0,1,0
1260,6385,평창자연속쉼표캡핑장,강원 평창군 봉평면 흥정계곡4길 171-10 ,1,1,0,0,0,0,0,1,0,1,0
1304,4477,화천드림캠핑장,강원 화천군 화천읍 한묵령로 504 ,1,1,0,0,0,0,0,1,0,1,0
1337,4115,담터오지글램핑,강원 철원군 동송읍 담터길 350 ,1,1,0,0,0,0,0,1,0,1,0
1347,4045,민트글램핑,경기 포천시 이동면 금강로 5846 ,1,1,0,0,0,0,0,1,0,1,0
1401,3386,야한 캠핑장,경기 이천시 마장면 이섭대천로155번길 100 ,1,1,0,0,0,0,0,1,0,1,0
1442,2649,을왕리 솔트 캠핑장,인천 중구 용유서로423번길 38 (을왕동) ,1,1,0,0,0,0,0,1,0,1,0
1453,2035,가평조이글램핑,경기 가평군 북면 멱골로272번길 9 ,1,1,0,0,0,0,0,1,0,1,0
1348,4043,운악산진우네캠핑장,경기 포천시 화현면 화동로 218-18 ,1,0,0,0,0,0,0,1,0,1,0
1412,3262,라라플레이스,강원도 양양군 현북면 하광정리 608-6  ,1,0,0,0,0,0,0,1,0,1,0
1417,3218,가리벨리캠핑장,강원 인제군 인제읍 대목리길 137 ,1,0,0,0,0,0,0,1,0,1,0
159,20521,줄포만갯벌생태공원 캠핑장,전북 부안군 줄포면 생태공원로 38 ,1,1,0,0,1,1,1,0,0,1,0
987,12150,국립용화산자연휴양림,강원도 춘천시 사북면 사여골길 294 ,1,1,0,0,1,1,1,0,0,1,0
1234,8061,연인산 다목적 캠핑장,경기 가평군 북면 백둔로 441 ,1,1,0,0,1,1,1,0,0,1,0
4,92517,변산반도국립공원 고사포 야영장,전라북도 부안군 변산면 운산리 441-11  ,1,1,1,0,0,1,1,0,0,1,0
390,16080,태화연캠핑장,울산광역시 중구 태화동 281번지 일원 ,1,1,0,0,0,1,1,0,0,1,0
403,15935,황방산 생태야영장,울산광역시 중구 장현동 469번지 일원 ,1,1,0,0,0,1,1,0,0,1,0
67,26919,강동 그린웨이 가족캠핑장,서울 강동구 천호대로206길 87 (둔촌동) ,1,0,1,0,1,0,1,0,0,1,0
117,22765,밀양아리랑 오토캠핑장,경상남도 밀양시 하남읍 명례리 1046-2 ,1,1,0,0,1,0,1,0,0,1,0
470,15450,제이스글램핑,부산 기장군 일광읍 이천8길 132-20 ,1,1,0,1,0,0,1,0,0,1,0
28,38337,하이원추추파크 자동차야영장,강원도 삼척시 도계읍 심포리 227-5  ,1,1,1,0,0,0,1,0,0,1,0
687,13751,교래생태체험장,제주특별자치도 제주시 조천읍 교래4길 20-13 ,1,1,1,0,0,0,1,0,0,1,0
199,19178,망상오토캠핑리조트 제2오토캠핑장,강원 동해시 동해대로 6220 (망상동) ,1,1,0,0,0,0,1,0,0,1,0
248,17926,영암군 국민여가 캠핑장,전라남도 영암군 영암읍 회문리 산 1번지  ,1,1,0,0,0,0,1,0,0,1,0
281,17406,강화카라반캠핑장,인천광역시 강화군 길상면 초지리 1320-1 ,1,1,0,0,0,0,1,0,0,1,0
608,14322,성동힐링센터 휴(休)영월캠프,강원도 영월군 동강로 1488-23 봉래초교문산분교  ,1,1,0,0,0,0,1,0,0,1,0
1158,11045,고라데이마을,강원 횡성군 청일면 봉명로 375-1 ,1,1,0,0,0,0,1,0,0,1,0
1458,836,태백산국립공원사무소 소도야영장,강원 태백시 천제단길 181 (소도동) ,1,1,0,0,0,0,1,0,0,1,0
1133,11197,보광농촌체험휴양마을,강원 강릉시 성산면 보현길 5 ,1,0,0,0,0,0,1,0,0,1,0
1236,7922,팔봉참살이오토캠핑장,강원 홍천군 서면 오도치길 32 ,1,0,0,0,0,0,1,0,0,1,0
20,41214,김제 모악산 캠핑파크,전북 김제시 금산면 모악로 476-31 ,0,0,0,0,0,0,1,0,0,1,0
491,15108,대천오토캠핑장,충청남도 보령시 주교면 문화마을길 178-58  ,1,1,0,0,1,1,0,0,0,1,0
223,18323,오류캠핑장,경북 경주시 감포읍 감포로 382-7 ,1,1,1,0,0,1,0,0,0,1,0
577,14521,청도신화랑 풍류마을 오토캠핑장,경상북도 청도군 운문면방지리 150-7 ,1,1,1,0,0,1,0,0,0,1,0
26,38812,금호강 오토캠핑장,대구광역시 북구 검단동 458-4번지  ,1,1,0,0,0,1,0,0,0,1,0
126,22460,송지호 오토 캠핑장,강원도 고성군 죽왕면 동해대로 6090  ,1,1,0,0,0,1,0,0,0,1,0
573,14535,팔영산야영장,전라남도 고흥군 점암면 팔봉길 19-51  ,1,1,0,0,0,1,0,0,0,1,0
848,12770,트로피칼드림야영장,경상남도 거제시 일운면 와현리 497  ,1,1,0,0,0,1,0,0,0,1,0
875,12648,느랭이골 자연휴양림 일반야영장,전라남도 광양시 다압면 신원리 산125 ,1,1,0,0,0,1,0,0,0,1,0
950,12308,캠파제주,제주특별자치도 서귀포시 516로 574-23 (상효동) ,1,1,0,0,0,1,0,0,0,1,0
1408,3339,반려동물힐링센터 글램핑,경북 문경시 문경읍 문경대로 2430 ,1,1,0,0,0,1,0,0,0,1,0
364,16361,가평사계절캠핑장,경기도 가평군 가화로 988 ,1,1,1,1,0,0,0,0,0,1,0
66,27622,킨텍스캠핑장,경기 고양시 일산서구 킨텍스로 217-25 (대화동) ,1,1,1,0,0,0,0,0,0,1,0
119,22667,간현관광지 캠핑장,강원 원주시 지정면 소금산길 26 ,1,1,1,0,0,0,0,0,0,1,0
1378,3692,경상북도교육청김천오토캠핑장	,경북 김천시 증산면 증산1로 163 ,1,1,1,0,0,0,0,0,0,1,0
42,34408,양양 죽도오토캠핑장,강원도 양양군 현남면 인구중앙길 88  ,1,1,0,0,0,0,0,0,0,1,0
78,25427,씨사이드힐 캠핑장,인천광역시 강화군 화도면 해안남로 2680-12  ,1,1,0,0,0,0,0,0,0,1,0
80,25291,서창캠핑장,인천 남동구 운연로 31 (서창동) ,1,1,0,0,0,0,0,0,0,1,0
163,20466,문암생태공원,충북 청주시 흥덕구 무심서로 1097 (문암동) ,1,1,0,0,0,0,0,0,0,1,0
280,17423,유수암 캠핑장,제주특별자치도 제주시 애월읍 하소로 684-25 ,1,1,0,0,0,0,0,0,0,1,0
316,17024,내평계곡캠핑장,강원도 삼척시 내평길 190-0  ,1,1,0,0,0,0,0,0,0,1,0
779,13147,섬진강캠핑장,전북 정읍시 산외면 산외로 445-30 ,1,1,0,0,0,0,0,0,0,1,0
953,12301,해담구룡령 야영장,강원도 양양군 서면 구룡령로 2066  ,1,1,0,0,0,0,0,0,0,1,0
1297,4536,원산도비치캠핑장,충남 보령시 오천면 원산도4길 59 ,1,1,0,0,0,0,0,0,0,1,0
1306,4437,호수위의하루,충북 충주시 중앙탑면 반천안길 63 ,1,1,0,0,0,0,0,0,0,1,0
1375,3708,개랭이 오토 캠핑장,전남 순천시 별량면 흑가길 6-1 ,1,1,0,0,0,0,0,0,0,1,0
54,30377,계룡산동학사자동차야영장,충청남도 공주시 반포면 동학사2로 115-16  ,1,0,0,0,0,0,0,0,0,1,0
95,24343,내원자동차야영장,경상남도 산청군 삼장면 대포리 산 106-2  ,1,0,0,0,0,0,0,0,0,1,0
212,18756,주문진해수욕장 향호야영장,강원도 강릉시 주문진읍 향호리 8-55 ,1,0,0,0,0,0,0,0,0,1,0
422,15777,너와나 야영장,강원 영월군 무릉도원면 백년계곡길 193 ,1,0,0,0,0,0,0,0,0,1,0
890,12608,블루문캠핑장,경기 가평군 상면 수목원로386번길 43 ,1,0,0,0,0,0,0,0,0,1,0
1027,11909,불스 글램핑,울산 울주군 두서면 아미산못길 26-50 ,1,0,0,0,0,0,0,0,0,1,0
1053,11778,카우 글램핑,경남 사천시 서포면 토끼로 262 ,1,0,0,0,0,0,0,0,0,1,0
1079,11616,연천 한여울팜파크 글램핑장,경기도 연천군 연천읍 현문로 537 ,1,0,0,0,0,0,0,0,0,1,0
1287,4697,휴가든 카라반,강원 영월군 영월읍 복덕원길 45 ,1,0,0,0,0,0,0,0,0,1,0
1366,3908,양양 솔바다 캠핑장,강원도 양양군 손양면 송전리 220-1  ,1,0,0,0,0,0,0,0,0,1,0
1407,3344,뇌운계곡글램핑,강원 평창군 평창읍 뇌운계곡로 659-6 ,1,0,0,0,0,0,0,0,0,1,0
1013,12024,마운틴 캠핑장,울산광역시 북구 대안동 688  ,0,0,0,0,0,0,0,0,0,1,0
764,13224,김포캠핑파크 주식회사,경기 김포시 월곶면 용강로 325 ,1,1,1,1,1,1,1,1,1,0,0
1310,4417,남해 힐링국민여가캠핑장,경남 남해군 이동면 성남로 105 ,1,0,0,1,1,1,1,1,1,0,0
355,16466,신북온천글램핑장,경기 포천시 신북면 청신로 571 ,1,1,1,0,1,1,1,1,1,0,0
893,12604,벗과뱃나루 캠핑리조트,충남 태안군 남면 마검포길 201-64 ,1,1,1,0,1,1,1,1,1,0,0
918,12513,와이글램핑,경기 양평군 용문면 강이대길38번길 26-37 ,1,1,1,0,1,1,1,1,1,0,0
498,15073,대둔산자연휴양림캠핑장,충청남도 금산군 진산면 대둔산로 6  ,1,1,0,0,0,1,1,1,1,0,0
1116,11298,왕피천관광농원,경북 울진군 근남면 왕피천로 534-1 ,1,1,0,0,1,0,1,1,1,0,0
850,12768,어거스트캠핑장,경기 포천시 가산면 우금3길 142-29 ,1,1,1,1,0,0,1,1,1,0,0
290,17337,왕피천 숲속 캠핑장,경상북도 울진군 근남면 구산리 산 127 ,1,1,1,0,0,0,1,1,1,0,0
433,15682,봉강 하조 오토캠핑장,전라남도 광양시 봉강면 성불로 1097  ,1,1,1,0,0,0,1,1,1,0,0
814,12954,범바위캠핑정원,경기 김포시 대곶면 종생로 154 ,1,1,1,0,0,0,1,1,1,0,0
1370,3741,배방관광농원,충남 아산시 배방읍 솔치로 17-31 ,1,1,1,0,0,0,1,1,1,0,0
611,14295,프로방스펜션,전라남도 영광군 백수읍 해안로 677 ,1,0,1,0,0,0,1,1,1,0,0
536,14803,청석들캠핑장,경상북도 경주시 산내면 대현길 176-9  ,1,1,0,0,0,0,1,1,1,0,0
776,13165,풍성채 캠핑장,세종특별자치시  전동면 송성길 116  ,1,1,0,0,0,0,1,1,1,0,0
964,12236,장남동산농원,경기 연천군 장남면 술이홀로63번길 41-17 ,1,1,1,1,1,1,0,1,1,0,0
584,14487,들꽃피는언덕 캠핑장,경기도 양주시 백석읍 권율로 870  ,1,1,0,1,1,1,0,1,1,0,0
648,14001,덕유산700휠링캠프,전북 무주군 무풍면 구천동로 289-55 ,1,1,0,0,1,1,0,1,1,0,0
593,14437,산야초 자연캠핑장,경기도 동두천시 광암동 쇠목길 320  ,1,1,0,1,0,1,0,1,1,0,0
760,13233,은사시캠핑장,경기도 파주시 적성면 자장로 115  ,1,1,0,1,0,1,0,1,1,0,0
916,12522,해솔캠핑장,강원도 홍천군 내촌면 논골길 91 ,1,1,0,1,0,1,0,1,1,0,0
1102,11367,첫마을 관광타운,전라남도 완도군 군외면 대문리 691-2  ,1,1,1,0,0,1,0,1,1,0,0
252,17893,섬지캠핑장,전라남도 구례군 토지면 외곡리 963-4 ,1,1,0,0,0,1,0,1,1,0,0
260,17759,자두마을,전북 정읍시 종황길 92 (내장동) ,1,1,0,0,0,1,0,1,1,0,0
907,12537,산아래 캠핑장,경상북도 영주시 부석면 영부로890번길 132  ,1,1,0,0,0,1,0,1,1,0,0
946,12388,봉바위농원,경기도 김포시 하성면 평화공원로70번길 290-97  ,1,1,0,0,0,1,0,1,1,0,0
162,20477,장안캠프,부산 기장군 장안읍 장안로 18 ,1,1,0,1,1,0,0,1,1,0,0
250,17911,서당골캠핑장,경상남도 밀양시 무안면 삼화길 680-23  ,1,1,0,1,0,0,0,1,1,0,0
1180,10793,별빛마을,"경북 청도군 운문면 오진리 1007 외2 (1007-1 , 998-12) ",1,1,0,1,0,0,0,1,1,0,0
683,13764,캠핑in곡성,전남 곡성군 고달면 고산로 406 ,1,1,1,0,0,0,0,1,1,0,0
860,12709,캡틴 카라반 글램핑,경기 가평군 상면 청군로 776-22 ,1,1,1,0,0,0,0,1,1,0,0
878,12644,충효테마관광농원야영장,경상남도 고성군 대가면 유흥갈천길 240 ,1,1,1,0,0,0,0,1,1,0,0
1002,12102,진틀펜션캠핑장,전남 광양시 옥룡면 신재로 1678-54 ,1,1,1,0,0,0,0,1,1,0,0
389,16099,가은해솔캠핑장,경상북도 문경시 가은읍 원북리 177-6 ,1,1,0,0,0,0,0,1,1,0,0
649,14000,정화네 불한증막 힐링캠프,전북 정읍시 고부면 덕신강길 148-4 ,1,1,0,0,0,0,0,1,1,0,0
915,12522,청도 어울림 글램핑 타운,경북 청도군 매전면 관하실길 28-42 ,1,1,0,0,0,0,0,1,1,0,0
1313,4406,산으로 간 낚시꾼 캠핑장,경남 사천시 해안관광로 68-20 (실안동) ,0,1,0,0,0,0,0,1,1,0,0
874,12648,선녀와나무꾼,경기 양주시 평화로1501번길 90 (덕계동) ,1,1,0,1,1,1,1,0,1,0,0
188,19671,천하장사골야영장,"경남 의령군 대의면 신전리 276,277  ",1,1,0,0,1,1,1,0,1,0,0
541,14773,백야자연휴양림 오토캠핑장,충청북도 음성군 금왕읍 백야리 산 13  ,1,1,0,0,1,1,1,0,1,0,0
653,13990,궁지골 농원,전남 영광군 묘량면 밀재로7길 140 ,1,1,0,0,1,1,1,0,1,0,0
56,30275,성당포구금강체험관야영장,전라북도 익산시 성당면 성당리 283-6  ,1,0,0,0,1,1,1,0,1,0,0
384,16146,놀터글램핑,경기 동두천시 신천로 274-57 (상봉암동) ,1,1,0,0,0,1,1,0,1,0,0
513,14958,국민운문산자연휴양림야영장,경상북도 청도군 운문면 운문로 763  ,1,1,0,0,0,1,1,0,1,0,0
980,12188,희리산해송자연휴양림 자동차야영장,충청남도 서천군 종천면 희리산길 206  ,1,1,0,0,0,1,1,0,1,0,0
1207,10035,다볼펜션,강원도 춘천시 남산면 창촌리 546  ,0,0,0,0,0,1,1,0,1,0,0
200,19170,김천부항댐 산내들 오토캠핑장,경상북도 김천시 지례면 도곡리 722 ,1,1,0,0,1,0,1,0,1,0,0
468,15455,단호샌드파크 자동차야영장,경북 안동시 남후면 풍산단호로 835-35 ,1,1,1,1,0,0,1,0,1,0,0
617,14186,달콤이네 캠핑장,강원 원주시 문막읍 취병로 106 ,1,0,0,1,0,0,1,0,1,0,0
310,17083,(주)양촌여울체험캠프,경상남도 창원시 마산합포구 진전면 의산삼일로 60 ,1,1,1,0,0,0,1,0,1,0,0
686,13761,송도오토캠핑장,충남 태안군 소원면 모항항길 106-22 ,1,1,1,0,0,0,1,0,1,0,0
141,21483,포천 비둘기낭 캠핑장,경기 포천시 영북면 비둘기낭길 116 ,1,1,0,0,0,0,1,0,1,0,0
1159,11042,샛별글램핑,충남 태안군 안면읍 샛별길 238-10 ,1,1,0,0,0,0,1,0,1,0,0
98,24180,당진난지도 국민여가캠핑장,충청남도 당진시 석문면 난지도리 701 ,1,0,0,0,0,0,1,0,1,0,0
243,17981,입화산 참살이 숲 야영장,울산광역시  중구 다운동 8번지 ,1,1,0,0,1,1,0,0,1,0,0
1391,3507,백암온천마을 영농조합법인 야영장,경북 울진군 온정면 온정리 665-2  ,1,1,0,0,1,1,0,0,1,0,0
999,12119,강촌관광농원,강원 춘천시 남산면 오양골길 134 ,0,1,0,0,1,1,0,0,1,0,0
975,12198,토함산 자연휴양림,경상북도 경주시 양북면 불국로 1208-45  ,0,0,0,0,1,1,0,0,1,0,0
1098,11416,옥성 자연휴양림,경상북도 구미시 옥성면 휴양림길 150  ,0,0,0,0,1,1,0,0,1,0,0
344,16622,큐브빌리지글램핑,전남 강진군 대구면 청자로 1339-74 ,1,1,0,1,0,1,0,0,1,0,0
1070,11672,(주)밀모 빨강치마자동차야영장, ,1,1,1,0,0,1,0,0,1,0,0
247,17928,청양고운캠핑장,충남 청양군 청양읍 식물원길 398-1  ,1,1,0,0,0,1,0,0,1,0,0
315,17034,목사골 야영장,전남 곡성군 목사동면 용봉리 425 ,1,1,0,0,0,1,0,0,1,0,0
543,14747,회문랜드 오토캠핑장,전북 순창군 구림면 안정리 233 ,1,1,0,0,0,1,0,0,1,0,0
871,12659,마방캠핑장,경상북도 봉화군 소천면 고선리 510 ,1,1,0,0,0,1,0,0,1,0,0
886,12617,마이웨이 리조트 관광농원,경남 밀양시 산외면 엄광리 1198-1 ,1,1,0,0,0,1,0,0,1,0,0
944,12395,구수곡 자연휴양림,경상북도 울진군 북면 십이령로 2721  ,1,1,0,0,0,1,0,0,1,0,0
1090,11499,민주지산 자연휴양림,충청북도 영동군 용화면 휴양림길 6  ,1,1,0,0,0,1,0,0,1,0,0
1117,11257,행복숲 체험원,충청북도 충주시 노은면 우성1길 191  ,1,1,0,0,0,1,0,0,1,0,0
1166,11005,서건도카라반,제주특별자치도 서귀포시 이어도로 826-51  ,1,1,0,0,0,1,0,0,1,0,0
1270,5260,저스트글램핑,전북 임실군 강진면 이윤길 76 ,1,1,0,0,0,1,0,0,1,0,0
362,16395,축령산 자연휴양림,경기도 남양주시 수동면 축령산로 299  ,0,1,0,0,0,1,0,0,1,0,0
678,13792,흑석산 자연 휴양림,전라남도 해남군 계곡면 산골길 306  ,1,0,0,0,0,1,0,0,1,0,0
1066,11687,옥화 자연휴양림 국민여가캠핑장,충청북도 청주시 상당구 미원면 운암옥화길 140  ,1,0,0,0,0,1,0,0,1,0,0
1113,11317,헤밍웨이 글램핑,전라남도 여수시 망양로 301 ,1,0,0,0,0,1,0,0,1,0,0
730,13385,켄싱턴 호텔 평창 글램핑 빌리지,강원 평창군 진부면 진고개로 231 ,0,0,0,0,0,1,0,0,1,0,0
989,12145,삼밭골글램핑,경상북도 영천시 삼밭골길 107  ,0,0,0,0,0,1,0,0,1,0,0
1046,11789,박달재 자연휴양림캠핑장,충청북도 제천시 백운면 금봉로 223 ,0,0,0,0,0,1,0,0,1,0,0
63,27837,탄도항 노을 캠핑장,경기도 안산시 단원구 대부황금로 17-2  ,0,0,1,1,1,0,0,0,1,0,0
1215,9138,연포제1야영장,충남 태안군 근흥면 연포2길 57 ,1,0,0,0,1,0,0,0,1,0,0
501,15063,증산수도계곡캠핑장,김천시 증산면 수도길 25 ,1,1,1,0,0,0,0,0,1,0,0
940,12404,제일관광캠핑장,경기도 용인시 처인구 원삼면 문촌로 174  ,1,1,1,0,0,0,0,0,1,0,0
339,16670,달빛고운병곡캠핑장,경남 거창군 북상면 병곡길 448 ,1,1,0,0,0,0,0,0,1,0,0
889,12609,에이원 글램핑장 리조트,경상남도 통영시 산양읍 신전리 1401 ,1,1,0,0,0,0,0,0,1,0,0
1075,11634,나봄야영장,전라북도 장수군 천천면 남양리 299-2 ,1,1,0,0,0,0,0,0,1,0,0
1108,11339,하옥히든밸리, ,0,1,0,0,0,0,0,0,1,0,0
493,15097,병목안캠핑장,경기도 안양시 만안구 병목안로247번길 37  ,1,0,0,0,0,0,0,0,1,0,0
263,17662,맑음터공원 캠핑장,경기도 오산시 오산천로 52-0  ,0,0,0,0,0,0,0,0,1,0,0
641,14023,땅끝바다낚시터&글램핑, ,0,0,0,0,0,0,0,0,1,0,0
1033,11892,청풍월드니스글램핑,충북 제천시 청풍면 청풍호로49길 47 ,0,0,0,0,0,0,0,0,1,0,0
1054,11776,더하루야영장,전라북도 무주군 구천동로 543-0  ,0,0,0,0,0,0,0,0,1,0,0
1056,11757,그날카라반,전라북도 무주군 설천면 심곡리 651  ,0,0,0,0,0,0,0,0,1,0,0
1089,11526,산유리캠핑장,경기 가평군 가평읍 분자골로 91 ,0,0,0,0,0,0,0,0,1,0,0
130,22190,지리산오토캠핑장 (호호당),전라남도 구례군 산동면 수락폭포로 170-5  ,1,1,1,0,1,1,1,1,0,0,0
500,15063,금동산야,경기도 포천시 신북면 금동리 277-4  ,1,1,0,0,1,1,1,1,0,0,0
59,28353,구시포 노을 캠핑장,전라북도 고창군 구시포안길 38 ,1,1,0,0,0,1,1,1,0,0,0
502,15040,씨앗골캠핑장,충청북도 청주시 상당구 낭성면 호정대신로 69-34  ,1,1,0,0,0,1,1,1,0,0,0
859,12716,잉카마야박물관&캠핑장,경상북도 문경시 가은읍 전곡길 13-10  ,1,1,0,0,0,1,1,1,0,0,0
618,14183,강릉 노추산 힐링캠프,강원 강릉시 왕산면 노추산로 1271-6 ,1,0,0,0,0,1,1,1,0,0,0
29,38301,회산백련지 오토캠핑장,전라남도 무안군 일로읍 복룡리 203 ,1,1,0,0,1,0,1,1,0,0,0
633,14063,좌구산오토캠핑장,충청북도 증평군 증평읍 율리 259-1  ,1,1,0,0,1,0,1,1,0,0,0
144,21142,몽산포오토캠핑장 2구역,충청남도 태안군 남면 신장리 353-181 ,1,1,1,0,0,0,1,1,0,0,0
662,13943,용인반딧불캠핑장,경기도 용인시 처인구 원삼면 보개원삼로1517번길 153  ,1,1,1,0,0,0,1,1,0,0,0
1240,7673,별난독서문화체험장,경기도 파주시 술이홀로 1315-0 거든산업  ,0,0,1,0,0,0,1,1,0,0,0
444,15641,간월도캠핑장,충청남도 서산시 부석면 간월도리 21-20  ,1,1,0,0,0,0,1,1,0,0,0
504,15029,이화야영장,경북 칠곡군 지천면 황학4길 21 ,1,1,0,0,0,0,1,1,0,0,0
744,13326,깃대 캠핑장,충북 보은군 마로면 세중기대로 261-128 ,1,1,0,0,0,0,1,1,0,0,0
137,21935,금수문화공원 야영장,경상북도 성주군 금수면 무학리 47  ,1,0,0,0,0,0,1,1,0,0,0
1219,8405,힐링스토리펜션야영장,경북 영주시 풍기읍 삼가로 209 ,1,1,0,0,1,1,0,1,0,0,0
229,18203,나라펜션캠핑장,경기 안산시 단원구 장불길 31-23 (대부남동) ,1,1,0,1,0,1,0,1,0,0,0
55,30314,타이거스피드 안녕오토캠핑장,경상남도 창원시 마산합포구 구산면 안녕로 329 ,1,1,0,0,0,1,0,1,0,0,0
192,19485,섬뜰아래,인천 중구 대무의로 229 (무의동) ,1,1,0,0,0,1,0,1,0,0,0
378,16222,밀양캠핑홀릭,경남 밀양시 청도면 조천길 337-64 ,1,1,0,0,0,1,0,1,0,0,0
421,15778,보물섬 캠핑장,경상남도 남해군 남면 남면로1229번길 10-34  ,1,1,0,0,0,1,0,1,0,0,0
511,14983,백사장사계절 숲속야영장,충남 태안군 안면읍 창기리 1292-10번지 ,1,1,0,0,0,1,0,1,0,0,0
759,13237,지리산산내들펜션야영장,전라북도 남원시 산내면 천왕봉로 892  ,1,1,0,0,0,1,0,1,0,0,0
1143,11117,은하캠핑장,경기 가평군 가평읍 잎너비길 18-91 ,1,1,0,0,0,1,0,1,0,0,0
369,16314,가평 사과나무 캠핑장,경기도 가평군 상면 항사리 427-6 외 2필지 ,1,0,0,0,0,1,0,1,0,0,0
1423,3185,너리굴문화마을 캠핑장,경기 안성시 보개면 너리굴길 100 ,1,1,1,0,1,0,0,1,0,0,0
152,20641,평화누리캠핑장,경기 파주시 문산읍 임진각로 148-40 ,1,1,1,0,0,0,0,1,0,0,0
557,14627,달재오토캠핑장,충북 제천시 백운면 덕동로2길 23-13 ,1,1,1,0,0,0,0,1,0,0,0
713,13517,별마로빌리지캠핑장,강원 영월군 김삿갓면 영월동로 1954-40 ,1,1,1,0,0,0,0,1,0,0,0
945,12389,부귀농원 가족캠프,전라북도 진안군 부귀면 귀상로 708-33  ,1,1,1,0,0,0,0,1,0,0,0
971,12220,물가애캠핑장,강원 원주시 호저면 칠봉로 840-73 ,1,1,1,0,0,0,0,1,0,0,0
1197,10448,예그리나숲,강원도 영월군 주천면 중선로 609-4  ,1,1,1,0,0,0,0,1,0,0,0
70,25996,파인힐캠프,충남 예산군 덕산면 외라2길 60-24 ,1,1,0,0,0,0,0,1,0,0,0
82,25094,계방산 오토캠핑장,강원도 평창군 용평면 이승복생가길 160  ,1,1,0,0,0,0,0,1,0,0,0
442,15644,솔잎향캠핑파크,경기 시흥시 수인로2107번길 52 (조남동) ,1,1,0,0,0,0,0,1,0,0,0
550,14701,얏호캠핑장,인천 광역시 강화군 길상면 동검길 159-27 ,1,1,0,0,0,0,0,1,0,0,0
613,14285,천태산 오토캠핑장,경남 양산시 원동면 어영길 263-14 ,1,1,0,0,0,0,0,1,0,0,0
770,13181,반디하우스캠핑장,강원도 인제군 상남면 내린천로 2355  ,1,1,0,0,0,0,0,1,0,0,0
785,13132,리프레쉬 캠핑장,"강원도 평창군 봉평면 흥정리 360-2,360-5,360-9 ",1,1,0,0,0,0,0,1,0,0,0
852,12759,진고개계곡야영장,강원 강릉시 연곡면 진고개로 1016 ,1,1,0,0,0,0,0,1,0,0,0
1148,11093,개미들솔향기야영장,강원도 정선군 남면 광락로 354  ,1,1,0,0,0,0,0,1,0,0,0
1224,8366,강나루야영장,경기 파주시 적성면 어삼로 243 ,1,1,0,0,0,0,0,1,0,0,0
1278,4991,세움내움,경기도 양평군 양평면 양동로 1112 ,1,1,0,0,0,0,0,1,0,0,0
1397,3424,캠핑679,경기 가평군 북면 화악산로 162-21 ,1,1,0,0,0,0,0,1,0,0,0
622,14155,삼산야영장,강원 강릉시 연곡면 진고개로 1296 ,1,0,0,0,0,0,0,1,0,0,0
1318,4323,수승대체험휴양마을,경남 거창군 위천면 원학길 410 ,1,1,1,0,1,1,1,0,0,0,0
181,20065,아산 영인산자연휴양림 숲속야영장,충남 아산시 영인면 아산온천로 16-24 ,1,1,0,0,1,1,1,0,0,0,0
187,19953,땅끝오토캠핑장,전남 해남군 송지면 갈산길 25-15 ,1,1,0,0,1,1,1,0,0,0,0
1367,3768,웰니스 권역 야영장,충남 공주시 우성면 무성산로 296 ,1,1,0,0,1,1,1,0,0,0,0
173,20163,국망봉 자연휴양림캠핑장,경기도 포천시 이동면 장암리 산74 ,1,0,0,0,1,1,1,0,0,0,0
193,19458,여수굴전여가캠핑장,전라남도 여수시 돌산읍 돌산로 3017-15  ,1,0,0,0,1,1,1,0,0,0,0
517,14942,거창 국민여가캠핑장,경상남도 거창군 북상면 덕유월성로 1312-96 ,1,0,0,0,1,1,1,0,0,0,0
275,17490,한천 자연휴양림,전라남도 화순군 한천면 죽헌로 719 ,1,1,0,1,0,1,1,0,0,0,0
507,14995,팔공산금화자연휴양림,경북 칠곡군 가산면 가산로 323 ,0,0,1,0,0,1,1,0,0,0,0
21,41102,안산화랑오토캠핑장,경기도 안산시 단원구 초지동 동산로 268  ,1,1,0,0,0,1,1,0,0,0,0
179,20070,영산강 승촌보캠핑장,광주광역시  남구 승촌동 577  ,1,1,0,0,0,1,1,0,0,0,0
368,16324,거제글램퍼스,경남 거제시 일운면 망치4길 38  ,1,1,0,0,0,1,1,0,0,0,0
382,16200,해오름 관광농원,충청남도 서천군 서면 서인로 576  ,1,1,0,0,0,1,1,0,0,0,0
469,15451,국립유명산자연휴양림(자동차),경기도 가평군 설악면 가일리 산58-1 ,1,1,0,0,0,1,1,0,0,0,0
475,15394,해창만 수변공원 오토캠핑장,전라남도 고흥군 포두면 팔영로 405  ,1,1,0,0,0,1,1,0,0,0,0
453,15592,평사리공원 야영장,경남 하동군 악양면 평사리 85-5 ,1,0,0,0,0,1,1,0,0,0,0
847,12770,백운산 자연휴양림 자동차야영장,전라남도 광양시 옥룡면 백계로 337  ,0,0,1,0,1,0,1,0,0,0,0
90,24666,문장대 야영장,경상북도 상주시 화북면 용유리 340-8 ,1,1,0,0,1,0,1,0,0,0,0
1341,4078,박달재초록꿈캠핑체험장,충북 제천시 백운면 구학산로 690 ,1,1,0,0,1,0,1,0,0,0,0
373,16281,승봉도 캠핑장, ,1,1,1,0,0,0,1,0,0,0,0
1190,10679,철원 평화마을 서울캠핑장,강원 철원군 근북면 유곡로 545 ,1,1,1,0,0,0,1,0,0,0,0
1449,2440,교육가족체험장,충남 부여군 세도면 인세로 40-3 ,1,1,1,0,0,0,1,0,0,0,0
74,25547,진밭골야영장,대구 수성구 진밭길 112 (범물동) ,1,1,0,0,0,0,1,0,0,0,0
122,22618,전월산 국민여가캠핑장,세종특별자치시 연기면 갈매로 169 ,1,1,0,0,0,0,1,0,0,0,0
1191,10600,대기농촌체험휴양마을,경남 합천군 가회면 대기2길 17-3 ,1,1,0,0,0,0,1,0,0,0,0
1312,4409,종이섬 야영장,경남 통영시 용남면 지도해안로 303 ,1,1,0,0,0,0,1,0,0,0,0
40,35589,주왕산국립공원 상의자동차 야영장,경상북도 청송군 주왕산면 상의리 368  ,0,1,0,0,0,0,1,0,0,0,0
254,17864,깊이울유원지 캠핑장,경기 포천시 신북면 깊이울로 71 ,1,0,0,0,0,0,1,0,0,0,0
849,12769,녹두장군 전봉준관,전북 순창군 쌍치면 피노길 65-29 ,1,0,0,0,0,0,1,0,0,0,0
926,12475,흥정계곡오토캠핑장,강원도 평창군 봉평면 흥정계곡4길 6-2  ,1,0,0,0,0,0,1,0,0,0,0
537,14795,학포야영장,경상북도 울릉군 서면 태하리 420 ,0,0,0,0,0,0,1,0,0,0,0
720,13446,중미산 자연휴양림,경기 양평군 옥천면 중미산로 1152 ,0,0,0,0,0,0,1,0,0,0,0
296,17246,공주산림휴양마을,충남 공주시 금학동 140-1  ,1,0,1,0,1,1,0,0,0,0,0
571,14544,국립두타산자연휴양림,강원 평창군 진부면 아차골길 132 ,1,0,1,0,1,1,0,0,0,0,0
1020,11975,포시즌 캠핑장,경기도 가평군 상면 태봉리 535  ,0,0,1,0,1,1,0,0,0,0,0
31,37571,고산 무궁화 오토캠핑장,전북 완주군 고산면 고산휴양림로 89 ,1,1,0,0,1,1,0,0,0,0,0
956,12290,국립가리왕산자연휴양림,강원도 정선군 정선읍 가리왕산로 707  ,1,1,0,0,1,1,0,0,0,0,0
1333,4175,낭도야영장,전남 여수시 화정면 여산길 150 ,1,1,0,0,1,1,0,0,0,0,0
330,16785,동화야영장,대구광역시 동구 팔공산로 199길 6-1(용수동) ,0,0,0,0,1,1,0,0,0,0,0
958,12243,국립나주박물관 야외체험장,전라남도 나주시 반남면 신촌리 277  ,0,0,0,0,1,1,0,0,0,0,0
761,13231,국립검봉산자연휴양림야영장,강원도 삼척시 원덕읍 임원안길 525-145  ,1,1,1,0,0,1,0,0,0,0,0
1025,11960,방태산 자연휴양림 캠핑장,강원 인제군 기린면 방동약수로 89-53 ,0,0,1,0,0,1,0,0,0,0,0
1226,8333,노을길 야영장,전남 무안군 망운면 조금나루길 128-68 ,0,0,1,0,0,1,0,0,0,0,0
48,31338,광주시민의 숲 야영장,광주광역시 북구 월출동 968번지 ,1,1,0,0,0,1,0,0,0,0,0
97,24247,장태산 자연휴양림,대전광역시 서구 장안동 장안로 461  ,1,1,0,0,0,1,0,0,0,0,0
105,23871,하동군 다목적 캠핑장,경상남도 하동군 옥종면 두양리 1073-219  ,1,1,0,0,0,1,0,0,0,0,0
149,20737,작천정 별빛야영장,울산광역시 울주군 상북면 등억리 18-2  ,1,1,0,0,0,1,0,0,0,0,0
235,18115,문장대오토캠핑장,경상북도 상주시 화북면 상오리 573-4  ,1,1,0,0,0,1,0,0,0,0,0
242,17988,국립유명산자연휴양림(일반),경기 가평군 설악면 유명산길 79-53  ,1,1,0,0,0,1,0,0,0,0,0
257,17784,화암동굴야영장,강원도 정선군 화암면 화암동굴길 12-2(어천) ,1,1,0,0,0,1,0,0,0,0,0
309,17084,용현 자연휴양림 야영장,충청남도 서산시 운산면 용현리 산2-37  ,1,1,0,0,0,1,0,0,0,0,0
317,17021,당진해양캠핑공원,충청남도 당진시 신평면 산정길 112  ,1,1,0,0,0,1,0,0,0,0,0
332,16763,송천떡마을야영장,강원도 양양군 서면 송천리 203-2 ,1,1,0,0,0,1,0,0,0,0,0
354,16538,순천국민여가캠핑장,전라남도 순천시 서면 청소년수련원길 170  ,1,1,0,0,0,1,0,0,0,0,0
451,15600,국토정중앙천문대야영장,강원도 양구군 남면 국토정중앙로 127  ,1,1,0,0,0,1,0,0,0,0,0
558,14617,랩도그빌애견캠핑장,경기도 연천군 청창로200번길 33-0  ,1,1,0,0,0,1,0,0,0,0,0
586,14478,봉황산자연휴양림 야영장,전남 여수시 돌산읍 대복길 160 ,1,1,0,0,0,1,0,0,0,0,0
626,14103,강동오토캠핑장,울산광역시 북구 당사동 87  ,1,1,0,0,0,1,0,0,0,0,0
858,12717,장수누리파크 오토캠핑장,전라북도 장수군 장수읍 논개사당길 65 ,1,1,0,0,0,1,0,0,0,0,0
1000,12105,구마이오토캠핑장,경상북도 상주시 내서면 우서로 287-4  ,1,1,0,0,0,1,0,0,0,0,0
1074,11638,염전해변캠핑장,경기 남양주시 수동면 철마산로 32-25 ,1,1,0,0,0,1,0,0,0,0,0
1127,11229,소요별앤숲테마파크,경기 동두천시 평화로2930번길 46 (상봉암동) ,1,1,0,0,0,1,0,0,0,0,0
1137,11161,자연과우리펜션자동차야영장,강원 양양군 현북면 법수치길 277 ,1,1,0,0,0,1,0,0,0,0,0
1199,10421,동그라미캠핑장,강원도 횡성군 안흥면 실미송한길 367-24  ,1,1,0,0,0,1,0,0,0,0,0
1221,8384,구곡폭포 국민여가 캠핑장,강원 춘천시 남산면 강촌구곡길 324 ,1,1,0,0,0,1,0,0,0,0,0
1225,8351,고창군 선운산 국민여가캠핑장,전북 고창군 아산면 선운사로 158-62 ,1,1,0,0,0,1,0,0,0,0,0
1294,4569,속리산 시어동 캠핑장,경북 상주시 화북면 장암리 982-2 ,1,1,0,0,0,1,0,0,0,0,0
1322,4313,계곡 좋은 펜션 야영장,경남 하동군 청암면 아래몰길 24-10 ,1,1,0,0,0,1,0,0,0,0,0
1331,4195,봉황자연휴양림 숲속야영장,충북 충주시 중앙탑면 수룡봉황길 540 ,1,1,0,0,0,1,0,0,0,0,0
1361,3935,백석탄골부리캠핑장,경북 청송군 안덕면 백석탄로 541-21 ,1,1,0,0,0,1,0,0,0,0,0
1413,3259,큰빛내 야영장,경상북도 울진군 금강송면 소광리 127-3  ,1,1,0,0,0,1,0,0,0,0,0
795,13080,국립칠보산자연휴양림,경상북도 영덕군 병곡면 칠보산길 587  ,0,1,0,0,0,1,0,0,0,0,0
1344,4066,사천 케이블카 자연휴양림,경남 사천시 실안길 242-45 (실안동) ,0,1,0,0,0,1,0,0,0,0,0
30,38240,백양사 가인야영장,전라남도 장성군 북하면 약수리 108 ,1,0,0,0,0,1,0,0,0,0,0
264,17657,대운산 자연휴양림,경상남도 양산시 용당동 탑골길 208-124  ,1,0,0,0,0,1,0,0,0,0,0
476,15394,별빛야영장,경상북도 영천시 화북면 별빛로 681-32 ,1,0,0,0,0,1,0,0,0,0,0
510,14986,덕유대 자동차야영장,전라북도 무주군 설천면 삼공리 산60-5  ,1,0,0,0,0,1,0,0,0,0,0
691,13737,도원야영장,전남 화순군 이서면 도원길 80-30 ,1,0,0,0,0,1,0,0,0,0,0
99,24127,사지목 나무그늘,경남 양산시 원동면 늘밭로 201 ,0,0,0,0,0,1,0,0,0,0,0
102,23922,뱀사골 힐링야영장,전북 남원시 산내면 와운길 29 ,0,0,0,0,0,1,0,0,0,0,0
111,23436,국립남해편백자연휴양림,경상남도 남해군 삼동면 금암로 658  ,0,0,0,0,0,1,0,0,0,0,0
154,20593,중산리야영장,경남 산청군 시천면 지리산대로 345 ,0,0,0,0,0,1,0,0,0,0,0
259,17774,주암 오토캠핑장,전남 순천시 주암면 구산강변길 22 ,0,0,0,0,0,1,0,0,0,0,0
279,17424,두곡해수욕장야영장,경남 남해군 남면 남면로111번길 91 ,0,0,0,0,0,1,0,0,0,0,0
386,16137,뱀사골자동차야영장,전라북도 남원시 산내면 부운리 256  ,0,0,0,0,0,1,0,0,0,0,0
441,15645,완주힐조타운 캠핑장,전북 완주군 비봉면 천호로 235-38 ,0,0,0,0,0,1,0,0,0,0,0
591,14447,용추자연휴양림야영장,경상남도 함양군 안의면 용추휴양림길 166  ,0,0,0,0,0,1,0,0,0,0,0
612,14287,웅천친수공원 야영장, ,0,0,0,0,0,1,0,0,0,0,0
710,13548,국립회문산자연휴양림,전라북도 순창군 구림면 안심길 249  ,0,0,0,0,0,1,0,0,0,0,0
790,13124,도사곡자연휴양림야영장,강원도 정선군 사북읍 사북리 447-15  ,0,0,0,0,0,1,0,0,0,0,0
888,12613,국립지리산 자연휴양림,경상남도 함양군 마천면 마천삼정로 1256  ,0,0,0,0,0,1,0,0,0,0,0
1171,10891,아침가리 계곡,강원도 인제군 기린면 진동리 649-1 ,0,0,0,0,0,1,0,0,0,0,0
509,14989,청양 칠갑산 오토캠핑장,충청남도 청양군 대치면 까치내로 710  ,1,1,0,0,1,0,0,0,0,0,0
34,36713,F1 오토캠핑장,전라남도 영암군 삼호읍 삼포리 1894 ,0,1,0,0,1,0,0,0,0,0,0
639,14028,단풍숲캠핑장,경기 용인시 처인구 원삼면 보개원삼로1462번길 14-23 ,0,0,1,1,0,0,0,0,0,0,0
361,16397,VIP오토캠핑장,경남 밀양시 단장면 고례3길 10-11 ,1,0,0,1,0,0,0,0,0,0,0
196,19341,청도군 자전거공원 캠핑장,청도군 청도읍 유호리 39-5 ,1,0,1,0,0,0,0,0,0,0,0
227,18272,곡성 키즈글램핑,전라남도 곡성군 죽곡면 오죽로 132  ,0,0,1,0,0,0,0,0,0,0,0
23,39908,파계 오토캠핑장,대구광역시 동구 파계로 707-14  ,1,1,0,0,0,0,0,0,0,0,0
96,24304,도학 오토캠핑장,대구광역시 동구 도학동 110 ,1,1,0,0,0,0,0,0,0,0,0
115,22952,양주시 미술관옆 캠핑장,경기 양주시 장흥면 권율로 185 ,1,1,0,0,0,0,0,0,0,0,0
133,22047,욕지도 파라다이스 캠핑장,경상남도 통영시 욕지면 유동길 111  ,1,1,0,0,0,0,0,0,0,0,0
145,21136,왜목오토캠핑장,충남 당진시 석문면 왜목길 16-16 ,1,1,0,0,0,0,0,0,0,0,0
171,20197,명파 해변 오토캠핑장,강원 고성군 현내면 명파4길 47 ,1,1,0,0,0,0,0,0,0,0,0
205,18967,파라다이스스파도고 카라반캠핑장,충청남도 아산시 도고면 도고온천로 176  ,1,1,0,0,0,0,0,0,0,0,0
527,14864,황방농원 캠핑장,경기도 양주시 남면 양연로 173번길 49 ,1,1,0,0,0,0,0,0,0,0,0
616,14191,어은돌야영장,충남 태안군 소원면 연들길 67-3  ,1,1,0,0,0,0,0,0,0,0,0
1026,11911,백운산체험농장,경기 평택시 월곡길 124-272 (월곡동) ,1,1,0,0,0,0,0,0,0,0,0
1031,11901,울성캠핑낚시터,경기 평택시 울성길 237-20 (지제동)  ,1,1,0,0,0,0,0,0,0,0,0
1041,11798,꽃내라팜,강원도 고성군 간성읍 꽃내마루길 75  ,1,1,0,0,0,0,0,0,0,0,0
1103,11366,강변 야영장,강원도 인제군 북면 만해로 237 ,1,1,0,0,0,0,0,0,0,0,0
1109,11336,한우물영농조합법인 제주캠핑카라반,제주특별자치도 서귀포시 표선면 표선백사로 176  ,1,1,0,0,0,0,0,0,0,0,0
1124,11233,을수민박야영,강원 홍천군 내면 을수길 187 ,1,1,0,0,0,0,0,0,0,0,0
1167,10975,별 헤는 마을,강원도 춘천시 서면 당림리 280-2  ,1,1,0,0,0,0,0,0,0,0,0
1175,10855,만리포몰디브,충청남도 태안군 소원면 천리포1길 143-22  ,1,1,0,0,0,0,0,0,0,0,0
1206,10206,캠핑494,강원도 평창군 봉평면 흥정계곡길 494  ,1,1,0,0,0,0,0,0,0,0,0
1208,10028,덕유대 자연학습장,전라북도 무주군 설천면 삼공리 산60-5  ,1,1,0,0,0,0,0,0,0,0,0
1426,3155,산마루카라반,경기 포천시 이동면 화동로1724번길 124-14 ,1,1,0,0,0,0,0,0,0,0,0
884,12630,용문산 자연휴양림,경기도 양평군 양평읍 백안3리 산68-1 ,0,1,0,0,0,0,0,0,0,0,0
16,51834,운문산군립공원 소머리 야영장,경상북도 청도군 운문면 신원리 2087  ,1,0,0,0,0,0,0,0,0,0,0
197,19339,소백산국립공원 남천야영장,충청북도 단양군 영춘면 남천계곡로 381-7  ,1,0,0,0,0,0,0,0,0,0,0
478,15293,학천야영장,전북 남원시 산내면 지리산로 712 ,1,0,0,0,0,0,0,0,0,0,0
675,13810,잔야캠핑,충북 괴산군 청천면 도경로 638 ,1,0,0,0,0,0,0,0,0,0,0
688,13747,청옥야영장,경북 봉화군 소천면 청옥로 167 ,1,0,0,0,0,0,0,0,0,0,0
804,13020,A&J오토캠핑장,강원도 원주시 지정면 안창리 산 56-3 ,1,0,0,0,0,0,0,0,0,0,0
976,12196,에코힐글램핑,제주특별자치도 제주시 애월읍 광령평화8길 22 ,1,0,0,0,0,0,0,0,0,0,0
1052,11779,오름새,경기도 여주시 산북면 송현길 111-31 ,1,0,0,0,0,0,0,0,0,0,0
1169,10899,수희재캠프,강원도 영월군 무릉도원면 법흥리 97-2 ,1,0,0,0,0,0,0,0,0,0,0
1213,9153,숲속야영장 횡성대피소,강원 횡성군 우천면 경강로 3770-52 ,1,0,0,0,0,0,0,0,0,0,0
1418,3210,오색 산새소리캠핑장,강원 양양군 서면 설악로 1044 ,1,0,0,0,0,0,0,0,0,0,0
